[2025-09-15 04:23:39] local.ERROR: Route [login] not defined. {"exception":"[object] (Symfony\\Component\\Routing\\Exception\\RouteNotFoundException(code: 0): Route [login] not defined. at C:\\Users\\62812\\Documents\\LARAVEL FUNDAMENTAL\\laravel vue ecommerce\\ecommerce\\vendor\\laravel\\framework\\src\\Illuminate\\Routing\\UrlGenerator.php:517)
[stacktrace]
#0 C:\\Users\\62812\\Documents\\LARAVEL FUNDAMENTAL\\laravel vue ecommerce\\ecommerce\\vendor\\laravel\\framework\\src\\Illuminate\\Foundation\\helpers.php(853): Illuminate\\Routing\\UrlGenerator->route('login', Array, true)
#1 C:\\Users\\62812\\Documents\\LARAVEL FUNDAMENTAL\\laravel vue ecommerce\\ecommerce\\vendor\\laravel\\framework\\src\\Illuminate\\Foundation\\Configuration\\ApplicationBuilder.php(278): route('login')
#2 [internal function]: Illuminate\\Foundation\\Configuration\\ApplicationBuilder->Illuminate\\Foundation\\Configuration\\{closure}(Object(Illuminate\\Http\\Request))
#3 C:\\Users\\62812\\Documents\\LARAVEL FUNDAMENTAL\\laravel vue ecommerce\\ecommerce\\vendor\\laravel\\framework\\src\\Illuminate\\Auth\\Middleware\\Authenticate.php(118): call_user_func(Object(Closure), Object(Illuminate\\Http\\Request))
#4 C:\\Users\\62812\\Documents\\LARAVEL FUNDAMENTAL\\laravel vue ecommerce\\ecommerce\\vendor\\laravel\\framework\\src\\Illuminate\\Auth\\Middleware\\Authenticate.php(105): Illuminate\\Auth\\Middleware\\Authenticate->redirectTo(Object(Illuminate\\Http\\Request))
#5 C:\\Users\\62812\\Documents\\LARAVEL FUNDAMENTAL\\laravel vue ecommerce\\ecommerce\\vendor\\laravel\\framework\\src\\Illuminate\\Auth\\Middleware\\Authenticate.php(88): Illuminate\\Auth\\Middleware\\Authenticate->unauthenticated(Object(Illuminate\\Http\\Request), Array)
#6 C:\\Users\\62812\\Documents\\LARAVEL FUNDAMENTAL\\laravel vue ecommerce\\ecommerce\\vendor\\laravel\\framework\\src\\Illuminate\\Auth\\Middleware\\Authenticate.php(62): Illuminate\\Auth\\Middleware\\Authenticate->authenticate(Object(Illuminate\\Http\\Request), Array)
#7 C:\\Users\\62812\\Documents\\LARAVEL FUNDAMENTAL\\laravel vue ecommerce\\ecommerce\\vendor\\laravel\\framework\\src\\Illuminate\\Pipeline\\Pipeline.php(209): Illuminate\\Auth\\Middleware\\Authenticate->handle(Object(Illuminate\\Http\\Request), Object(Closure), 'sanctum')
#8 C:\\Users\\62812\\Documents\\LARAVEL FUNDAMENTAL\\laravel vue ecommerce\\ecommerce\\vendor\\laravel\\framework\\src\\Illuminate\\Pipeline\\Pipeline.php(127): Illuminate\\Pipeline\\Pipeline->Illuminate\\Pipeline\\{closure}(Object(Illuminate\\Http\\Request))
#9 C:\\Users\\62812\\Documents\\LARAVEL FUNDAMENTAL\\laravel vue ecommerce\\ecommerce\\vendor\\laravel\\framework\\src\\Illuminate\\Routing\\Router.php(807): Illuminate\\Pipeline\\Pipeline->then(Object(Closure))
#10 C:\\Users\\62812\\Documents\\LARAVEL FUNDAMENTAL\\laravel vue ecommerce\\ecommerce\\vendor\\laravel\\framework\\src\\Illuminate\\Routing\\Router.php(786): Illuminate\\Routing\\Router->runRouteWithinStack(Object(Illuminate\\Routing\\Route), Object(Illuminate\\Http\\Request))
#11 C:\\Users\\62812\\Documents\\LARAVEL FUNDAMENTAL\\laravel vue ecommerce\\ecommerce\\vendor\\laravel\\framework\\src\\Illuminate\\Routing\\Router.php(750): Illuminate\\Routing\\Router->runRoute(Object(Illuminate\\Http\\Request), Object(Illuminate\\Routing\\Route))
#12 C:\\Users\\62812\\Documents\\LARAVEL FUNDAMENTAL\\laravel vue ecommerce\\ecommerce\\vendor\\laravel\\framework\\src\\Illuminate\\Routing\\Router.php(739): Illuminate\\Routing\\Router->dispatchToRoute(Object(Illuminate\\Http\\Request))
#13 C:\\Users\\62812\\Documents\\LARAVEL FUNDAMENTAL\\laravel vue ecommerce\\ecommerce\\vendor\\laravel\\framework\\src\\Illuminate\\Foundation\\Http\\Kernel.php(201): Illuminate\\Routing\\Router->dispatch(Object(Illuminate\\Http\\Request))
#14 C:\\Users\\62812\\Documents\\LARAVEL FUNDAMENTAL\\laravel vue ecommerce\\ecommerce\\vendor\\laravel\\framework\\src\\Illuminate\\Pipeline\\Pipeline.php(170): Illuminate\\Foundation\\Http\\Kernel->Illuminate\\Foundation\\Http\\{closure}(Object(Illuminate\\Http\\Request))
#15 C:\\Users\\62812\\Documents\\LARAVEL FUNDAMENTAL\\laravel vue ecommerce\\ecommerce\\vendor\\laravel\\framework\\src\\Illuminate\\Foundation\\Http\\Middleware\\TransformsRequest.php(21): Illuminate\\Pipeline\\Pipeline->Illuminate\\Pipeline\\{closure}(Object(Illuminate\\Http\\Request))
#16 C:\\Users\\62812\\Documents\\LARAVEL FUNDAMENTAL\\laravel vue ecommerce\\ecommerce\\vendor\\laravel\\framework\\src\\Illuminate\\Foundation\\Http\\Middleware\\ConvertEmptyStringsToNull.php(31): Illuminate\\Foundation\\Http\\Middleware\\TransformsRequest->handle(Object(Illuminate\\Http\\Request), Object(Closure))
#17 C:\\Users\\62812\\Documents\\LARAVEL FUNDAMENTAL\\laravel vue ecommerce\\ecommerce\\vendor\\laravel\\framework\\src\\Illuminate\\Pipeline\\Pipeline.php(209): Illuminate\\Foundation\\Http\\Middleware\\ConvertEmptyStringsToNull->handle(Object(Illuminate\\Http\\Request), Object(Closure))
#18 C:\\Users\\62812\\Documents\\LARAVEL FUNDAMENTAL\\laravel vue ecommerce\\ecommerce\\vendor\\laravel\\framework\\src\\Illuminate\\Foundation\\Http\\Middleware\\TransformsRequest.php(21): Illuminate\\Pipeline\\Pipeline->Illuminate\\Pipeline\\{closure}(Object(Illuminate\\Http\\Request))
#19 C:\\Users\\62812\\Documents\\LARAVEL FUNDAMENTAL\\laravel vue ecommerce\\ecommerce\\vendor\\laravel\\framework\\src\\Illuminate\\Foundation\\Http\\Middleware\\TrimStrings.php(51): Illuminate\\Foundation\\Http\\Middleware\\TransformsRequest->handle(Object(Illuminate\\Http\\Request), Object(Closure))
#20 C:\\Users\\62812\\Documents\\LARAVEL FUNDAMENTAL\\laravel vue ecommerce\\ecommerce\\vendor\\laravel\\framework\\src\\Illuminate\\Pipeline\\Pipeline.php(209): Illuminate\\Foundation\\Http\\Middleware\\TrimStrings->handle(Object(Illuminate\\Http\\Request), Object(Closure))
#21 C:\\Users\\62812\\Documents\\LARAVEL FUNDAMENTAL\\laravel vue ecommerce\\ecommerce\\vendor\\laravel\\framework\\src\\Illuminate\\Http\\Middleware\\ValidatePostSize.php(27): Illuminate\\Pipeline\\Pipeline->Illuminate\\Pipeline\\{closure}(Object(Illuminate\\Http\\Request))
#22 C:\\Users\\62812\\Documents\\LARAVEL FUNDAMENTAL\\laravel vue ecommerce\\ecommerce\\vendor\\laravel\\framework\\src\\Illuminate\\Pipeline\\Pipeline.php(209): Illuminate\\Http\\Middleware\\ValidatePostSize->handle(Object(Illuminate\\Http\\Request), Object(Closure))
#23 C:\\Users\\62812\\Documents\\LARAVEL FUNDAMENTAL\\laravel vue ecommerce\\ecommerce\\vendor\\laravel\\framework\\src\\Illuminate\\Foundation\\Http\\Middleware\\PreventRequestsDuringMaintenance.php(110): Illuminate\\Pipeline\\Pipeline->Illuminate\\Pipeline\\{closure}(Object(Illuminate\\Http\\Request))
#24 C:\\Users\\62812\\Documents\\LARAVEL FUNDAMENTAL\\laravel vue ecommerce\\ecommerce\\vendor\\laravel\\framework\\src\\Illuminate\\Pipeline\\Pipeline.php(209): Illuminate\\Foundation\\Http\\Middleware\\PreventRequestsDuringMaintenance->handle(Object(Illuminate\\Http\\Request), Object(Closure))
#25 C:\\Users\\62812\\Documents\\LARAVEL FUNDAMENTAL\\laravel vue ecommerce\\ecommerce\\vendor\\laravel\\framework\\src\\Illuminate\\Http\\Middleware\\HandleCors.php(62): Illuminate\\Pipeline\\Pipeline->Illuminate\\Pipeline\\{closure}(Object(Illuminate\\Http\\Request))
#26 C:\\Users\\62812\\Documents\\LARAVEL FUNDAMENTAL\\laravel vue ecommerce\\ecommerce\\vendor\\laravel\\framework\\src\\Illuminate\\Pipeline\\Pipeline.php(209): Illuminate\\Http\\Middleware\\HandleCors->handle(Object(Illuminate\\Http\\Request), Object(Closure))
#27 C:\\Users\\62812\\Documents\\LARAVEL FUNDAMENTAL\\laravel vue ecommerce\\ecommerce\\vendor\\laravel\\framework\\src\\Illuminate\\Http\\Middleware\\TrustProxies.php(58): Illuminate\\Pipeline\\Pipeline->Illuminate\\Pipeline\\{closure}(Object(Illuminate\\Http\\Request))
#28 C:\\Users\\62812\\Documents\\LARAVEL FUNDAMENTAL\\laravel vue ecommerce\\ecommerce\\vendor\\laravel\\framework\\src\\Illuminate\\Pipeline\\Pipeline.php(209): Illuminate\\Http\\Middleware\\TrustProxies->handle(Object(Illuminate\\Http\\Request), Object(Closure))
#29 C:\\Users\\62812\\Documents\\LARAVEL FUNDAMENTAL\\laravel vue ecommerce\\ecommerce\\vendor\\laravel\\framework\\src\\Illuminate\\Foundation\\Http\\Middleware\\InvokeDeferredCallbacks.php(22): Illuminate\\Pipeline\\Pipeline->Illuminate\\Pipeline\\{closure}(Object(Illuminate\\Http\\Request))
#30 C:\\Users\\62812\\Documents\\LARAVEL FUNDAMENTAL\\laravel vue ecommerce\\ecommerce\\vendor\\laravel\\framework\\src\\Illuminate\\Pipeline\\Pipeline.php(209): Illuminate\\Foundation\\Http\\Middleware\\InvokeDeferredCallbacks->handle(Object(Illuminate\\Http\\Request), Object(Closure))
#31 C:\\Users\\62812\\Documents\\LARAVEL FUNDAMENTAL\\laravel vue ecommerce\\ecommerce\\vendor\\laravel\\framework\\src\\Illuminate\\Pipeline\\Pipeline.php(127): Illuminate\\Pipeline\\Pipeline->Illuminate\\Pipeline\\{closure}(Object(Illuminate\\Http\\Request))
#32 C:\\Users\\62812\\Documents\\LARAVEL FUNDAMENTAL\\laravel vue ecommerce\\ecommerce\\vendor\\laravel\\framework\\src\\Illuminate\\Foundation\\Http\\Kernel.php(176): Illuminate\\Pipeline\\Pipeline->then(Object(Closure))
#33 C:\\Users\\62812\\Documents\\LARAVEL FUNDAMENTAL\\laravel vue ecommerce\\ecommerce\\vendor\\laravel\\framework\\src\\Illuminate\\Foundation\\Http\\Kernel.php(145): Illuminate\\Foundation\\Http\\Kernel->sendRequestThroughRouter(Object(Illuminate\\Http\\Request))
#34 C:\\Users\\62812\\Documents\\LARAVEL FUNDAMENTAL\\laravel vue ecommerce\\ecommerce\\vendor\\laravel\\framework\\src\\Illuminate\\Foundation\\Application.php(1220): Illuminate\\Foundation\\Http\\Kernel->handle(Object(Illuminate\\Http\\Request))
#35 C:\\Users\\62812\\Documents\\LARAVEL FUNDAMENTAL\\laravel vue ecommerce\\ecommerce\\public\\index.php(17): Illuminate\\Foundation\\Application->handleRequest(Object(Illuminate\\Http\\Request))
#36 C:\\Users\\62812\\Documents\\LARAVEL FUNDAMENTAL\\laravel vue ecommerce\\ecommerce\\vendor\\laravel\\framework\\src\\Illuminate\\Foundation\\resources\\server.php(23): require_once('C:\\\\Users\\\\62812\\\\...')
#37 {main}
"} 
[2025-09-15 04:24:18] local.ERROR: Too few arguments to function App\Http\Requests\ProductRequest::Illuminate\Foundation\Providers\{closure}(), 0 passed in C:\Users\62812\Documents\LARAVEL FUNDAMENTAL\laravel vue ecommerce\ecommerce\vendor\laravel\framework\src\Illuminate\Macroable\Traits\Macroable.php on line 126 and exactly 1 expected {"userId":2,"exception":"[object] (ArgumentCountError(code: 0): Too few arguments to function App\\Http\\Requests\\ProductRequest::Illuminate\\Foundation\\Providers\\{closure}(), 0 passed in C:\\Users\\62812\\Documents\\LARAVEL FUNDAMENTAL\\laravel vue ecommerce\\ecommerce\\vendor\\laravel\\framework\\src\\Illuminate\\Macroable\\Traits\\Macroable.php on line 126 and exactly 1 expected at C:\\Users\\62812\\Documents\\LARAVEL FUNDAMENTAL\\laravel vue ecommerce\\ecommerce\\vendor\\laravel\\framework\\src\\Illuminate\\Foundation\\Providers\\FoundationServiceProvider.php:147)
[stacktrace]
#0 C:\\Users\\62812\\Documents\\LARAVEL FUNDAMENTAL\\laravel vue ecommerce\\ecommerce\\vendor\\laravel\\framework\\src\\Illuminate\\Macroable\\Traits\\Macroable.php(126): App\\Http\\Requests\\ProductRequest->Illuminate\\Foundation\\Providers\\{closure}()
#1 C:\\Users\\62812\\Documents\\LARAVEL FUNDAMENTAL\\laravel vue ecommerce\\ecommerce\\app\\Http\\Controllers\\ProductController.php(99): Illuminate\\Http\\Request->__call('validate', Array)
#2 C:\\Users\\62812\\Documents\\LARAVEL FUNDAMENTAL\\laravel vue ecommerce\\ecommerce\\vendor\\laravel\\framework\\src\\Illuminate\\Routing\\ControllerDispatcher.php(47): App\\Http\\Controllers\\ProductController->update(Object(App\\Http\\Requests\\ProductRequest), Object(App\\Models\\Product))
#3 C:\\Users\\62812\\Documents\\LARAVEL FUNDAMENTAL\\laravel vue ecommerce\\ecommerce\\vendor\\laravel\\framework\\src\\Illuminate\\Routing\\Route.php(266): Illuminate\\Routing\\ControllerDispatcher->dispatch(Object(Illuminate\\Routing\\Route), Object(App\\Http\\Controllers\\ProductController), 'update')
#4 C:\\Users\\62812\\Documents\\LARAVEL FUNDAMENTAL\\laravel vue ecommerce\\ecommerce\\vendor\\laravel\\framework\\src\\Illuminate\\Routing\\Route.php(212): Illuminate\\Routing\\Route->runController()
#5 C:\\Users\\62812\\Documents\\LARAVEL FUNDAMENTAL\\laravel vue ecommerce\\ecommerce\\vendor\\laravel\\framework\\src\\Illuminate\\Routing\\Router.php(808): Illuminate\\Routing\\Route->run()
#6 C:\\Users\\62812\\Documents\\LARAVEL FUNDAMENTAL\\laravel vue ecommerce\\ecommerce\\vendor\\laravel\\framework\\src\\Illuminate\\Pipeline\\Pipeline.php(170): Illuminate\\Routing\\Router->Illuminate\\Routing\\{closure}(Object(Illuminate\\Http\\Request))
#7 C:\\Users\\62812\\Documents\\LARAVEL FUNDAMENTAL\\laravel vue ecommerce\\ecommerce\\app\\Http\\Middleware\\Admin.php(21): Illuminate\\Pipeline\\Pipeline->Illuminate\\Pipeline\\{closure}(Object(Illuminate\\Http\\Request))
#8 C:\\Users\\62812\\Documents\\LARAVEL FUNDAMENTAL\\laravel vue ecommerce\\ecommerce\\vendor\\laravel\\framework\\src\\Illuminate\\Pipeline\\Pipeline.php(209): App\\Http\\Middleware\\Admin->handle(Object(Illuminate\\Http\\Request), Object(Closure))
#9 C:\\Users\\62812\\Documents\\LARAVEL FUNDAMENTAL\\laravel vue ecommerce\\ecommerce\\vendor\\laravel\\framework\\src\\Illuminate\\Routing\\Middleware\\SubstituteBindings.php(51): Illuminate\\Pipeline\\Pipeline->Illuminate\\Pipeline\\{closure}(Object(Illuminate\\Http\\Request))
#10 C:\\Users\\62812\\Documents\\LARAVEL FUNDAMENTAL\\laravel vue ecommerce\\ecommerce\\vendor\\laravel\\framework\\src\\Illuminate\\Pipeline\\Pipeline.php(209): Illuminate\\Routing\\Middleware\\SubstituteBindings->handle(Object(Illuminate\\Http\\Request), Object(Closure))
#11 C:\\Users\\62812\\Documents\\LARAVEL FUNDAMENTAL\\laravel vue ecommerce\\ecommerce\\vendor\\laravel\\framework\\src\\Illuminate\\Auth\\Middleware\\Authenticate.php(64): Illuminate\\Pipeline\\Pipeline->Illuminate\\Pipeline\\{closure}(Object(Illuminate\\Http\\Request))
#12 C:\\Users\\62812\\Documents\\LARAVEL FUNDAMENTAL\\laravel vue ecommerce\\ecommerce\\vendor\\laravel\\framework\\src\\Illuminate\\Pipeline\\Pipeline.php(209): Illuminate\\Auth\\Middleware\\Authenticate->handle(Object(Illuminate\\Http\\Request), Object(Closure), 'sanctum')
#13 C:\\Users\\62812\\Documents\\LARAVEL FUNDAMENTAL\\laravel vue ecommerce\\ecommerce\\vendor\\laravel\\framework\\src\\Illuminate\\Pipeline\\Pipeline.php(127): Illuminate\\Pipeline\\Pipeline->Illuminate\\Pipeline\\{closure}(Object(Illuminate\\Http\\Request))
#14 C:\\Users\\62812\\Documents\\LARAVEL FUNDAMENTAL\\laravel vue ecommerce\\ecommerce\\vendor\\laravel\\framework\\src\\Illuminate\\Routing\\Router.php(807): Illuminate\\Pipeline\\Pipeline->then(Object(Closure))
#15 C:\\Users\\62812\\Documents\\LARAVEL FUNDAMENTAL\\laravel vue ecommerce\\ecommerce\\vendor\\laravel\\framework\\src\\Illuminate\\Routing\\Router.php(786): Illuminate\\Routing\\Router->runRouteWithinStack(Object(Illuminate\\Routing\\Route), Object(Illuminate\\Http\\Request))
#16 C:\\Users\\62812\\Documents\\LARAVEL FUNDAMENTAL\\laravel vue ecommerce\\ecommerce\\vendor\\laravel\\framework\\src\\Illuminate\\Routing\\Router.php(750): Illuminate\\Routing\\Router->runRoute(Object(Illuminate\\Http\\Request), Object(Illuminate\\Routing\\Route))
#17 C:\\Users\\62812\\Documents\\LARAVEL FUNDAMENTAL\\laravel vue ecommerce\\ecommerce\\vendor\\laravel\\framework\\src\\Illuminate\\Routing\\Router.php(739): Illuminate\\Routing\\Router->dispatchToRoute(Object(Illuminate\\Http\\Request))
#18 C:\\Users\\62812\\Documents\\LARAVEL FUNDAMENTAL\\laravel vue ecommerce\\ecommerce\\vendor\\laravel\\framework\\src\\Illuminate\\Foundation\\Http\\Kernel.php(201): Illuminate\\Routing\\Router->dispatch(Object(Illuminate\\Http\\Request))
#19 C:\\Users\\62812\\Documents\\LARAVEL FUNDAMENTAL\\laravel vue ecommerce\\ecommerce\\vendor\\laravel\\framework\\src\\Illuminate\\Pipeline\\Pipeline.php(170): Illuminate\\Foundation\\Http\\Kernel->Illuminate\\Foundation\\Http\\{closure}(Object(Illuminate\\Http\\Request))
#20 C:\\Users\\62812\\Documents\\LARAVEL FUNDAMENTAL\\laravel vue ecommerce\\ecommerce\\vendor\\laravel\\framework\\src\\Illuminate\\Foundation\\Http\\Middleware\\TransformsRequest.php(21): Illuminate\\Pipeline\\Pipeline->Illuminate\\Pipeline\\{closure}(Object(Illuminate\\Http\\Request))
#21 C:\\Users\\62812\\Documents\\LARAVEL FUNDAMENTAL\\laravel vue ecommerce\\ecommerce\\vendor\\laravel\\framework\\src\\Illuminate\\Foundation\\Http\\Middleware\\ConvertEmptyStringsToNull.php(31): Illuminate\\Foundation\\Http\\Middleware\\TransformsRequest->handle(Object(Illuminate\\Http\\Request), Object(Closure))
#22 C:\\Users\\62812\\Documents\\LARAVEL FUNDAMENTAL\\laravel vue ecommerce\\ecommerce\\vendor\\laravel\\framework\\src\\Illuminate\\Pipeline\\Pipeline.php(209): Illuminate\\Foundation\\Http\\Middleware\\ConvertEmptyStringsToNull->handle(Object(Illuminate\\Http\\Request), Object(Closure))
#23 C:\\Users\\62812\\Documents\\LARAVEL FUNDAMENTAL\\laravel vue ecommerce\\ecommerce\\vendor\\laravel\\framework\\src\\Illuminate\\Foundation\\Http\\Middleware\\TransformsRequest.php(21): Illuminate\\Pipeline\\Pipeline->Illuminate\\Pipeline\\{closure}(Object(Illuminate\\Http\\Request))
#24 C:\\Users\\62812\\Documents\\LARAVEL FUNDAMENTAL\\laravel vue ecommerce\\ecommerce\\vendor\\laravel\\framework\\src\\Illuminate\\Foundation\\Http\\Middleware\\TrimStrings.php(51): Illuminate\\Foundation\\Http\\Middleware\\TransformsRequest->handle(Object(Illuminate\\Http\\Request), Object(Closure))
#25 C:\\Users\\62812\\Documents\\LARAVEL FUNDAMENTAL\\laravel vue ecommerce\\ecommerce\\vendor\\laravel\\framework\\src\\Illuminate\\Pipeline\\Pipeline.php(209): Illuminate\\Foundation\\Http\\Middleware\\TrimStrings->handle(Object(Illuminate\\Http\\Request), Object(Closure))
#26 C:\\Users\\62812\\Documents\\LARAVEL FUNDAMENTAL\\laravel vue ecommerce\\ecommerce\\vendor\\laravel\\framework\\src\\Illuminate\\Http\\Middleware\\ValidatePostSize.php(27): Illuminate\\Pipeline\\Pipeline->Illuminate\\Pipeline\\{closure}(Object(Illuminate\\Http\\Request))
#27 C:\\Users\\62812\\Documents\\LARAVEL FUNDAMENTAL\\laravel vue ecommerce\\ecommerce\\vendor\\laravel\\framework\\src\\Illuminate\\Pipeline\\Pipeline.php(209): Illuminate\\Http\\Middleware\\ValidatePostSize->handle(Object(Illuminate\\Http\\Request), Object(Closure))
#28 C:\\Users\\62812\\Documents\\LARAVEL FUNDAMENTAL\\laravel vue ecommerce\\ecommerce\\vendor\\laravel\\framework\\src\\Illuminate\\Foundation\\Http\\Middleware\\PreventRequestsDuringMaintenance.php(110): Illuminate\\Pipeline\\Pipeline->Illuminate\\Pipeline\\{closure}(Object(Illuminate\\Http\\Request))
#29 C:\\Users\\62812\\Documents\\LARAVEL FUNDAMENTAL\\laravel vue ecommerce\\ecommerce\\vendor\\laravel\\framework\\src\\Illuminate\\Pipeline\\Pipeline.php(209): Illuminate\\Foundation\\Http\\Middleware\\PreventRequestsDuringMaintenance->handle(Object(Illuminate\\Http\\Request), Object(Closure))
#30 C:\\Users\\62812\\Documents\\LARAVEL FUNDAMENTAL\\laravel vue ecommerce\\ecommerce\\vendor\\laravel\\framework\\src\\Illuminate\\Http\\Middleware\\HandleCors.php(62): Illuminate\\Pipeline\\Pipeline->Illuminate\\Pipeline\\{closure}(Object(Illuminate\\Http\\Request))
#31 C:\\Users\\62812\\Documents\\LARAVEL FUNDAMENTAL\\laravel vue ecommerce\\ecommerce\\vendor\\laravel\\framework\\src\\Illuminate\\Pipeline\\Pipeline.php(209): Illuminate\\Http\\Middleware\\HandleCors->handle(Object(Illuminate\\Http\\Request), Object(Closure))
#32 C:\\Users\\62812\\Documents\\LARAVEL FUNDAMENTAL\\laravel vue ecommerce\\ecommerce\\vendor\\laravel\\framework\\src\\Illuminate\\Http\\Middleware\\TrustProxies.php(58): Illuminate\\Pipeline\\Pipeline->Illuminate\\Pipeline\\{closure}(Object(Illuminate\\Http\\Request))
#33 C:\\Users\\62812\\Documents\\LARAVEL FUNDAMENTAL\\laravel vue ecommerce\\ecommerce\\vendor\\laravel\\framework\\src\\Illuminate\\Pipeline\\Pipeline.php(209): Illuminate\\Http\\Middleware\\TrustProxies->handle(Object(Illuminate\\Http\\Request), Object(Closure))
#34 C:\\Users\\62812\\Documents\\LARAVEL FUNDAMENTAL\\laravel vue ecommerce\\ecommerce\\vendor\\laravel\\framework\\src\\Illuminate\\Foundation\\Http\\Middleware\\InvokeDeferredCallbacks.php(22): Illuminate\\Pipeline\\Pipeline->Illuminate\\Pipeline\\{closure}(Object(Illuminate\\Http\\Request))
#35 C:\\Users\\62812\\Documents\\LARAVEL FUNDAMENTAL\\laravel vue ecommerce\\ecommerce\\vendor\\laravel\\framework\\src\\Illuminate\\Pipeline\\Pipeline.php(209): Illuminate\\Foundation\\Http\\Middleware\\InvokeDeferredCallbacks->handle(Object(Illuminate\\Http\\Request), Object(Closure))
#36 C:\\Users\\62812\\Documents\\LARAVEL FUNDAMENTAL\\laravel vue ecommerce\\ecommerce\\vendor\\laravel\\framework\\src\\Illuminate\\Pipeline\\Pipeline.php(127): Illuminate\\Pipeline\\Pipeline->Illuminate\\Pipeline\\{closure}(Object(Illuminate\\Http\\Request))
#37 C:\\Users\\62812\\Documents\\LARAVEL FUNDAMENTAL\\laravel vue ecommerce\\ecommerce\\vendor\\laravel\\framework\\src\\Illuminate\\Foundation\\Http\\Kernel.php(176): Illuminate\\Pipeline\\Pipeline->then(Object(Closure))
#38 C:\\Users\\62812\\Documents\\LARAVEL FUNDAMENTAL\\laravel vue ecommerce\\ecommerce\\vendor\\laravel\\framework\\src\\Illuminate\\Foundation\\Http\\Kernel.php(145): Illuminate\\Foundation\\Http\\Kernel->sendRequestThroughRouter(Object(Illuminate\\Http\\Request))
#39 C:\\Users\\62812\\Documents\\LARAVEL FUNDAMENTAL\\laravel vue ecommerce\\ecommerce\\vendor\\laravel\\framework\\src\\Illuminate\\Foundation\\Application.php(1220): Illuminate\\Foundation\\Http\\Kernel->handle(Object(Illuminate\\Http\\Request))
#40 C:\\Users\\62812\\Documents\\LARAVEL FUNDAMENTAL\\laravel vue ecommerce\\ecommerce\\public\\index.php(17): Illuminate\\Foundation\\Application->handleRequest(Object(Illuminate\\Http\\Request))
#41 C:\\Users\\62812\\Documents\\LARAVEL FUNDAMENTAL\\laravel vue ecommerce\\ecommerce\\vendor\\laravel\\framework\\src\\Illuminate\\Foundation\\resources\\server.php(23): require_once('C:\\\\Users\\\\62812\\\\...')
#42 {main}
"} 
[2025-09-15 05:00:55] local.ERROR: Too few arguments to function App\Http\Requests\ProductRequest::Illuminate\Foundation\Providers\{closure}(), 0 passed in C:\Users\62812\Documents\LARAVEL FUNDAMENTAL\laravel vue ecommerce\ecommerce\vendor\laravel\framework\src\Illuminate\Macroable\Traits\Macroable.php on line 126 and exactly 1 expected {"userId":2,"exception":"[object] (ArgumentCountError(code: 0): Too few arguments to function App\\Http\\Requests\\ProductRequest::Illuminate\\Foundation\\Providers\\{closure}(), 0 passed in C:\\Users\\62812\\Documents\\LARAVEL FUNDAMENTAL\\laravel vue ecommerce\\ecommerce\\vendor\\laravel\\framework\\src\\Illuminate\\Macroable\\Traits\\Macroable.php on line 126 and exactly 1 expected at C:\\Users\\62812\\Documents\\LARAVEL FUNDAMENTAL\\laravel vue ecommerce\\ecommerce\\vendor\\laravel\\framework\\src\\Illuminate\\Foundation\\Providers\\FoundationServiceProvider.php:147)
[stacktrace]
#0 C:\\Users\\62812\\Documents\\LARAVEL FUNDAMENTAL\\laravel vue ecommerce\\ecommerce\\vendor\\laravel\\framework\\src\\Illuminate\\Macroable\\Traits\\Macroable.php(126): App\\Http\\Requests\\ProductRequest->Illuminate\\Foundation\\Providers\\{closure}()
#1 C:\\Users\\62812\\Documents\\LARAVEL FUNDAMENTAL\\laravel vue ecommerce\\ecommerce\\app\\Http\\Controllers\\ProductController.php(99): Illuminate\\Http\\Request->__call('validate', Array)
#2 C:\\Users\\62812\\Documents\\LARAVEL FUNDAMENTAL\\laravel vue ecommerce\\ecommerce\\vendor\\laravel\\framework\\src\\Illuminate\\Routing\\ControllerDispatcher.php(47): App\\Http\\Controllers\\ProductController->update(Object(App\\Http\\Requests\\ProductRequest), Object(App\\Models\\Product))
#3 C:\\Users\\62812\\Documents\\LARAVEL FUNDAMENTAL\\laravel vue ecommerce\\ecommerce\\vendor\\laravel\\framework\\src\\Illuminate\\Routing\\Route.php(266): Illuminate\\Routing\\ControllerDispatcher->dispatch(Object(Illuminate\\Routing\\Route), Object(App\\Http\\Controllers\\ProductController), 'update')
#4 C:\\Users\\62812\\Documents\\LARAVEL FUNDAMENTAL\\laravel vue ecommerce\\ecommerce\\vendor\\laravel\\framework\\src\\Illuminate\\Routing\\Route.php(212): Illuminate\\Routing\\Route->runController()
#5 C:\\Users\\62812\\Documents\\LARAVEL FUNDAMENTAL\\laravel vue ecommerce\\ecommerce\\vendor\\laravel\\framework\\src\\Illuminate\\Routing\\Router.php(808): Illuminate\\Routing\\Route->run()
#6 C:\\Users\\62812\\Documents\\LARAVEL FUNDAMENTAL\\laravel vue ecommerce\\ecommerce\\vendor\\laravel\\framework\\src\\Illuminate\\Pipeline\\Pipeline.php(170): Illuminate\\Routing\\Router->Illuminate\\Routing\\{closure}(Object(Illuminate\\Http\\Request))
#7 C:\\Users\\62812\\Documents\\LARAVEL FUNDAMENTAL\\laravel vue ecommerce\\ecommerce\\app\\Http\\Middleware\\Admin.php(21): Illuminate\\Pipeline\\Pipeline->Illuminate\\Pipeline\\{closure}(Object(Illuminate\\Http\\Request))
#8 C:\\Users\\62812\\Documents\\LARAVEL FUNDAMENTAL\\laravel vue ecommerce\\ecommerce\\vendor\\laravel\\framework\\src\\Illuminate\\Pipeline\\Pipeline.php(209): App\\Http\\Middleware\\Admin->handle(Object(Illuminate\\Http\\Request), Object(Closure))
#9 C:\\Users\\62812\\Documents\\LARAVEL FUNDAMENTAL\\laravel vue ecommerce\\ecommerce\\vendor\\laravel\\framework\\src\\Illuminate\\Routing\\Middleware\\SubstituteBindings.php(51): Illuminate\\Pipeline\\Pipeline->Illuminate\\Pipeline\\{closure}(Object(Illuminate\\Http\\Request))
#10 C:\\Users\\62812\\Documents\\LARAVEL FUNDAMENTAL\\laravel vue ecommerce\\ecommerce\\vendor\\laravel\\framework\\src\\Illuminate\\Pipeline\\Pipeline.php(209): Illuminate\\Routing\\Middleware\\SubstituteBindings->handle(Object(Illuminate\\Http\\Request), Object(Closure))
#11 C:\\Users\\62812\\Documents\\LARAVEL FUNDAMENTAL\\laravel vue ecommerce\\ecommerce\\vendor\\laravel\\framework\\src\\Illuminate\\Auth\\Middleware\\Authenticate.php(64): Illuminate\\Pipeline\\Pipeline->Illuminate\\Pipeline\\{closure}(Object(Illuminate\\Http\\Request))
#12 C:\\Users\\62812\\Documents\\LARAVEL FUNDAMENTAL\\laravel vue ecommerce\\ecommerce\\vendor\\laravel\\framework\\src\\Illuminate\\Pipeline\\Pipeline.php(209): Illuminate\\Auth\\Middleware\\Authenticate->handle(Object(Illuminate\\Http\\Request), Object(Closure), 'sanctum')
#13 C:\\Users\\62812\\Documents\\LARAVEL FUNDAMENTAL\\laravel vue ecommerce\\ecommerce\\vendor\\laravel\\framework\\src\\Illuminate\\Pipeline\\Pipeline.php(127): Illuminate\\Pipeline\\Pipeline->Illuminate\\Pipeline\\{closure}(Object(Illuminate\\Http\\Request))
#14 C:\\Users\\62812\\Documents\\LARAVEL FUNDAMENTAL\\laravel vue ecommerce\\ecommerce\\vendor\\laravel\\framework\\src\\Illuminate\\Routing\\Router.php(807): Illuminate\\Pipeline\\Pipeline->then(Object(Closure))
#15 C:\\Users\\62812\\Documents\\LARAVEL FUNDAMENTAL\\laravel vue ecommerce\\ecommerce\\vendor\\laravel\\framework\\src\\Illuminate\\Routing\\Router.php(786): Illuminate\\Routing\\Router->runRouteWithinStack(Object(Illuminate\\Routing\\Route), Object(Illuminate\\Http\\Request))
#16 C:\\Users\\62812\\Documents\\LARAVEL FUNDAMENTAL\\laravel vue ecommerce\\ecommerce\\vendor\\laravel\\framework\\src\\Illuminate\\Routing\\Router.php(750): Illuminate\\Routing\\Router->runRoute(Object(Illuminate\\Http\\Request), Object(Illuminate\\Routing\\Route))
#17 C:\\Users\\62812\\Documents\\LARAVEL FUNDAMENTAL\\laravel vue ecommerce\\ecommerce\\vendor\\laravel\\framework\\src\\Illuminate\\Routing\\Router.php(739): Illuminate\\Routing\\Router->dispatchToRoute(Object(Illuminate\\Http\\Request))
#18 C:\\Users\\62812\\Documents\\LARAVEL FUNDAMENTAL\\laravel vue ecommerce\\ecommerce\\vendor\\laravel\\framework\\src\\Illuminate\\Foundation\\Http\\Kernel.php(201): Illuminate\\Routing\\Router->dispatch(Object(Illuminate\\Http\\Request))
#19 C:\\Users\\62812\\Documents\\LARAVEL FUNDAMENTAL\\laravel vue ecommerce\\ecommerce\\vendor\\laravel\\framework\\src\\Illuminate\\Pipeline\\Pipeline.php(170): Illuminate\\Foundation\\Http\\Kernel->Illuminate\\Foundation\\Http\\{closure}(Object(Illuminate\\Http\\Request))
#20 C:\\Users\\62812\\Documents\\LARAVEL FUNDAMENTAL\\laravel vue ecommerce\\ecommerce\\vendor\\laravel\\framework\\src\\Illuminate\\Foundation\\Http\\Middleware\\TransformsRequest.php(21): Illuminate\\Pipeline\\Pipeline->Illuminate\\Pipeline\\{closure}(Object(Illuminate\\Http\\Request))
#21 C:\\Users\\62812\\Documents\\LARAVEL FUNDAMENTAL\\laravel vue ecommerce\\ecommerce\\vendor\\laravel\\framework\\src\\Illuminate\\Foundation\\Http\\Middleware\\ConvertEmptyStringsToNull.php(31): Illuminate\\Foundation\\Http\\Middleware\\TransformsRequest->handle(Object(Illuminate\\Http\\Request), Object(Closure))
#22 C:\\Users\\62812\\Documents\\LARAVEL FUNDAMENTAL\\laravel vue ecommerce\\ecommerce\\vendor\\laravel\\framework\\src\\Illuminate\\Pipeline\\Pipeline.php(209): Illuminate\\Foundation\\Http\\Middleware\\ConvertEmptyStringsToNull->handle(Object(Illuminate\\Http\\Request), Object(Closure))
#23 C:\\Users\\62812\\Documents\\LARAVEL FUNDAMENTAL\\laravel vue ecommerce\\ecommerce\\vendor\\laravel\\framework\\src\\Illuminate\\Foundation\\Http\\Middleware\\TransformsRequest.php(21): Illuminate\\Pipeline\\Pipeline->Illuminate\\Pipeline\\{closure}(Object(Illuminate\\Http\\Request))
#24 C:\\Users\\62812\\Documents\\LARAVEL FUNDAMENTAL\\laravel vue ecommerce\\ecommerce\\vendor\\laravel\\framework\\src\\Illuminate\\Foundation\\Http\\Middleware\\TrimStrings.php(51): Illuminate\\Foundation\\Http\\Middleware\\TransformsRequest->handle(Object(Illuminate\\Http\\Request), Object(Closure))
#25 C:\\Users\\62812\\Documents\\LARAVEL FUNDAMENTAL\\laravel vue ecommerce\\ecommerce\\vendor\\laravel\\framework\\src\\Illuminate\\Pipeline\\Pipeline.php(209): Illuminate\\Foundation\\Http\\Middleware\\TrimStrings->handle(Object(Illuminate\\Http\\Request), Object(Closure))
#26 C:\\Users\\62812\\Documents\\LARAVEL FUNDAMENTAL\\laravel vue ecommerce\\ecommerce\\vendor\\laravel\\framework\\src\\Illuminate\\Http\\Middleware\\ValidatePostSize.php(27): Illuminate\\Pipeline\\Pipeline->Illuminate\\Pipeline\\{closure}(Object(Illuminate\\Http\\Request))
#27 C:\\Users\\62812\\Documents\\LARAVEL FUNDAMENTAL\\laravel vue ecommerce\\ecommerce\\vendor\\laravel\\framework\\src\\Illuminate\\Pipeline\\Pipeline.php(209): Illuminate\\Http\\Middleware\\ValidatePostSize->handle(Object(Illuminate\\Http\\Request), Object(Closure))
#28 C:\\Users\\62812\\Documents\\LARAVEL FUNDAMENTAL\\laravel vue ecommerce\\ecommerce\\vendor\\laravel\\framework\\src\\Illuminate\\Foundation\\Http\\Middleware\\PreventRequestsDuringMaintenance.php(110): Illuminate\\Pipeline\\Pipeline->Illuminate\\Pipeline\\{closure}(Object(Illuminate\\Http\\Request))
#29 C:\\Users\\62812\\Documents\\LARAVEL FUNDAMENTAL\\laravel vue ecommerce\\ecommerce\\vendor\\laravel\\framework\\src\\Illuminate\\Pipeline\\Pipeline.php(209): Illuminate\\Foundation\\Http\\Middleware\\PreventRequestsDuringMaintenance->handle(Object(Illuminate\\Http\\Request), Object(Closure))
#30 C:\\Users\\62812\\Documents\\LARAVEL FUNDAMENTAL\\laravel vue ecommerce\\ecommerce\\vendor\\laravel\\framework\\src\\Illuminate\\Http\\Middleware\\HandleCors.php(62): Illuminate\\Pipeline\\Pipeline->Illuminate\\Pipeline\\{closure}(Object(Illuminate\\Http\\Request))
#31 C:\\Users\\62812\\Documents\\LARAVEL FUNDAMENTAL\\laravel vue ecommerce\\ecommerce\\vendor\\laravel\\framework\\src\\Illuminate\\Pipeline\\Pipeline.php(209): Illuminate\\Http\\Middleware\\HandleCors->handle(Object(Illuminate\\Http\\Request), Object(Closure))
#32 C:\\Users\\62812\\Documents\\LARAVEL FUNDAMENTAL\\laravel vue ecommerce\\ecommerce\\vendor\\laravel\\framework\\src\\Illuminate\\Http\\Middleware\\TrustProxies.php(58): Illuminate\\Pipeline\\Pipeline->Illuminate\\Pipeline\\{closure}(Object(Illuminate\\Http\\Request))
#33 C:\\Users\\62812\\Documents\\LARAVEL FUNDAMENTAL\\laravel vue ecommerce\\ecommerce\\vendor\\laravel\\framework\\src\\Illuminate\\Pipeline\\Pipeline.php(209): Illuminate\\Http\\Middleware\\TrustProxies->handle(Object(Illuminate\\Http\\Request), Object(Closure))
#34 C:\\Users\\62812\\Documents\\LARAVEL FUNDAMENTAL\\laravel vue ecommerce\\ecommerce\\vendor\\laravel\\framework\\src\\Illuminate\\Foundation\\Http\\Middleware\\InvokeDeferredCallbacks.php(22): Illuminate\\Pipeline\\Pipeline->Illuminate\\Pipeline\\{closure}(Object(Illuminate\\Http\\Request))
#35 C:\\Users\\62812\\Documents\\LARAVEL FUNDAMENTAL\\laravel vue ecommerce\\ecommerce\\vendor\\laravel\\framework\\src\\Illuminate\\Pipeline\\Pipeline.php(209): Illuminate\\Foundation\\Http\\Middleware\\InvokeDeferredCallbacks->handle(Object(Illuminate\\Http\\Request), Object(Closure))
#36 C:\\Users\\62812\\Documents\\LARAVEL FUNDAMENTAL\\laravel vue ecommerce\\ecommerce\\vendor\\laravel\\framework\\src\\Illuminate\\Pipeline\\Pipeline.php(127): Illuminate\\Pipeline\\Pipeline->Illuminate\\Pipeline\\{closure}(Object(Illuminate\\Http\\Request))
#37 C:\\Users\\62812\\Documents\\LARAVEL FUNDAMENTAL\\laravel vue ecommerce\\ecommerce\\vendor\\laravel\\framework\\src\\Illuminate\\Foundation\\Http\\Kernel.php(176): Illuminate\\Pipeline\\Pipeline->then(Object(Closure))
#38 C:\\Users\\62812\\Documents\\LARAVEL FUNDAMENTAL\\laravel vue ecommerce\\ecommerce\\vendor\\laravel\\framework\\src\\Illuminate\\Foundation\\Http\\Kernel.php(145): Illuminate\\Foundation\\Http\\Kernel->sendRequestThroughRouter(Object(Illuminate\\Http\\Request))
#39 C:\\Users\\62812\\Documents\\LARAVEL FUNDAMENTAL\\laravel vue ecommerce\\ecommerce\\vendor\\laravel\\framework\\src\\Illuminate\\Foundation\\Application.php(1220): Illuminate\\Foundation\\Http\\Kernel->handle(Object(Illuminate\\Http\\Request))
#40 C:\\Users\\62812\\Documents\\LARAVEL FUNDAMENTAL\\laravel vue ecommerce\\ecommerce\\public\\index.php(17): Illuminate\\Foundation\\Application->handleRequest(Object(Illuminate\\Http\\Request))
#41 C:\\Users\\62812\\Documents\\LARAVEL FUNDAMENTAL\\laravel vue ecommerce\\ecommerce\\vendor\\laravel\\framework\\src\\Illuminate\\Foundation\\resources\\server.php(23): require_once('C:\\\\Users\\\\62812\\\\...')
#42 {main}
"} 
[2025-09-15 05:04:00] local.ERROR: Too few arguments to function App\Http\Requests\ProductRequest::Illuminate\Foundation\Providers\{closure}(), 0 passed in C:\Users\62812\Documents\LARAVEL FUNDAMENTAL\laravel vue ecommerce\ecommerce\vendor\laravel\framework\src\Illuminate\Macroable\Traits\Macroable.php on line 126 and exactly 1 expected {"userId":2,"exception":"[object] (ArgumentCountError(code: 0): Too few arguments to function App\\Http\\Requests\\ProductRequest::Illuminate\\Foundation\\Providers\\{closure}(), 0 passed in C:\\Users\\62812\\Documents\\LARAVEL FUNDAMENTAL\\laravel vue ecommerce\\ecommerce\\vendor\\laravel\\framework\\src\\Illuminate\\Macroable\\Traits\\Macroable.php on line 126 and exactly 1 expected at C:\\Users\\62812\\Documents\\LARAVEL FUNDAMENTAL\\laravel vue ecommerce\\ecommerce\\vendor\\laravel\\framework\\src\\Illuminate\\Foundation\\Providers\\FoundationServiceProvider.php:147)
[stacktrace]
#0 C:\\Users\\62812\\Documents\\LARAVEL FUNDAMENTAL\\laravel vue ecommerce\\ecommerce\\vendor\\laravel\\framework\\src\\Illuminate\\Macroable\\Traits\\Macroable.php(126): App\\Http\\Requests\\ProductRequest->Illuminate\\Foundation\\Providers\\{closure}()
#1 C:\\Users\\62812\\Documents\\LARAVEL FUNDAMENTAL\\laravel vue ecommerce\\ecommerce\\app\\Http\\Controllers\\ProductController.php(99): Illuminate\\Http\\Request->__call('validate', Array)
#2 C:\\Users\\62812\\Documents\\LARAVEL FUNDAMENTAL\\laravel vue ecommerce\\ecommerce\\vendor\\laravel\\framework\\src\\Illuminate\\Routing\\ControllerDispatcher.php(47): App\\Http\\Controllers\\ProductController->update(Object(App\\Http\\Requests\\ProductRequest), Object(App\\Models\\Product))
#3 C:\\Users\\62812\\Documents\\LARAVEL FUNDAMENTAL\\laravel vue ecommerce\\ecommerce\\vendor\\laravel\\framework\\src\\Illuminate\\Routing\\Route.php(266): Illuminate\\Routing\\ControllerDispatcher->dispatch(Object(Illuminate\\Routing\\Route), Object(App\\Http\\Controllers\\ProductController), 'update')
#4 C:\\Users\\62812\\Documents\\LARAVEL FUNDAMENTAL\\laravel vue ecommerce\\ecommerce\\vendor\\laravel\\framework\\src\\Illuminate\\Routing\\Route.php(212): Illuminate\\Routing\\Route->runController()
#5 C:\\Users\\62812\\Documents\\LARAVEL FUNDAMENTAL\\laravel vue ecommerce\\ecommerce\\vendor\\laravel\\framework\\src\\Illuminate\\Routing\\Router.php(808): Illuminate\\Routing\\Route->run()
#6 C:\\Users\\62812\\Documents\\LARAVEL FUNDAMENTAL\\laravel vue ecommerce\\ecommerce\\vendor\\laravel\\framework\\src\\Illuminate\\Pipeline\\Pipeline.php(170): Illuminate\\Routing\\Router->Illuminate\\Routing\\{closure}(Object(Illuminate\\Http\\Request))
#7 C:\\Users\\62812\\Documents\\LARAVEL FUNDAMENTAL\\laravel vue ecommerce\\ecommerce\\app\\Http\\Middleware\\Admin.php(21): Illuminate\\Pipeline\\Pipeline->Illuminate\\Pipeline\\{closure}(Object(Illuminate\\Http\\Request))
#8 C:\\Users\\62812\\Documents\\LARAVEL FUNDAMENTAL\\laravel vue ecommerce\\ecommerce\\vendor\\laravel\\framework\\src\\Illuminate\\Pipeline\\Pipeline.php(209): App\\Http\\Middleware\\Admin->handle(Object(Illuminate\\Http\\Request), Object(Closure))
#9 C:\\Users\\62812\\Documents\\LARAVEL FUNDAMENTAL\\laravel vue ecommerce\\ecommerce\\vendor\\laravel\\framework\\src\\Illuminate\\Routing\\Middleware\\SubstituteBindings.php(51): Illuminate\\Pipeline\\Pipeline->Illuminate\\Pipeline\\{closure}(Object(Illuminate\\Http\\Request))
#10 C:\\Users\\62812\\Documents\\LARAVEL FUNDAMENTAL\\laravel vue ecommerce\\ecommerce\\vendor\\laravel\\framework\\src\\Illuminate\\Pipeline\\Pipeline.php(209): Illuminate\\Routing\\Middleware\\SubstituteBindings->handle(Object(Illuminate\\Http\\Request), Object(Closure))
#11 C:\\Users\\62812\\Documents\\LARAVEL FUNDAMENTAL\\laravel vue ecommerce\\ecommerce\\vendor\\laravel\\framework\\src\\Illuminate\\Auth\\Middleware\\Authenticate.php(64): Illuminate\\Pipeline\\Pipeline->Illuminate\\Pipeline\\{closure}(Object(Illuminate\\Http\\Request))
#12 C:\\Users\\62812\\Documents\\LARAVEL FUNDAMENTAL\\laravel vue ecommerce\\ecommerce\\vendor\\laravel\\framework\\src\\Illuminate\\Pipeline\\Pipeline.php(209): Illuminate\\Auth\\Middleware\\Authenticate->handle(Object(Illuminate\\Http\\Request), Object(Closure), 'sanctum')
#13 C:\\Users\\62812\\Documents\\LARAVEL FUNDAMENTAL\\laravel vue ecommerce\\ecommerce\\vendor\\laravel\\framework\\src\\Illuminate\\Pipeline\\Pipeline.php(127): Illuminate\\Pipeline\\Pipeline->Illuminate\\Pipeline\\{closure}(Object(Illuminate\\Http\\Request))
#14 C:\\Users\\62812\\Documents\\LARAVEL FUNDAMENTAL\\laravel vue ecommerce\\ecommerce\\vendor\\laravel\\framework\\src\\Illuminate\\Routing\\Router.php(807): Illuminate\\Pipeline\\Pipeline->then(Object(Closure))
#15 C:\\Users\\62812\\Documents\\LARAVEL FUNDAMENTAL\\laravel vue ecommerce\\ecommerce\\vendor\\laravel\\framework\\src\\Illuminate\\Routing\\Router.php(786): Illuminate\\Routing\\Router->runRouteWithinStack(Object(Illuminate\\Routing\\Route), Object(Illuminate\\Http\\Request))
#16 C:\\Users\\62812\\Documents\\LARAVEL FUNDAMENTAL\\laravel vue ecommerce\\ecommerce\\vendor\\laravel\\framework\\src\\Illuminate\\Routing\\Router.php(750): Illuminate\\Routing\\Router->runRoute(Object(Illuminate\\Http\\Request), Object(Illuminate\\Routing\\Route))
#17 C:\\Users\\62812\\Documents\\LARAVEL FUNDAMENTAL\\laravel vue ecommerce\\ecommerce\\vendor\\laravel\\framework\\src\\Illuminate\\Routing\\Router.php(739): Illuminate\\Routing\\Router->dispatchToRoute(Object(Illuminate\\Http\\Request))
#18 C:\\Users\\62812\\Documents\\LARAVEL FUNDAMENTAL\\laravel vue ecommerce\\ecommerce\\vendor\\laravel\\framework\\src\\Illuminate\\Foundation\\Http\\Kernel.php(201): Illuminate\\Routing\\Router->dispatch(Object(Illuminate\\Http\\Request))
#19 C:\\Users\\62812\\Documents\\LARAVEL FUNDAMENTAL\\laravel vue ecommerce\\ecommerce\\vendor\\laravel\\framework\\src\\Illuminate\\Pipeline\\Pipeline.php(170): Illuminate\\Foundation\\Http\\Kernel->Illuminate\\Foundation\\Http\\{closure}(Object(Illuminate\\Http\\Request))
#20 C:\\Users\\62812\\Documents\\LARAVEL FUNDAMENTAL\\laravel vue ecommerce\\ecommerce\\vendor\\laravel\\framework\\src\\Illuminate\\Foundation\\Http\\Middleware\\TransformsRequest.php(21): Illuminate\\Pipeline\\Pipeline->Illuminate\\Pipeline\\{closure}(Object(Illuminate\\Http\\Request))
#21 C:\\Users\\62812\\Documents\\LARAVEL FUNDAMENTAL\\laravel vue ecommerce\\ecommerce\\vendor\\laravel\\framework\\src\\Illuminate\\Foundation\\Http\\Middleware\\ConvertEmptyStringsToNull.php(31): Illuminate\\Foundation\\Http\\Middleware\\TransformsRequest->handle(Object(Illuminate\\Http\\Request), Object(Closure))
#22 C:\\Users\\62812\\Documents\\LARAVEL FUNDAMENTAL\\laravel vue ecommerce\\ecommerce\\vendor\\laravel\\framework\\src\\Illuminate\\Pipeline\\Pipeline.php(209): Illuminate\\Foundation\\Http\\Middleware\\ConvertEmptyStringsToNull->handle(Object(Illuminate\\Http\\Request), Object(Closure))
#23 C:\\Users\\62812\\Documents\\LARAVEL FUNDAMENTAL\\laravel vue ecommerce\\ecommerce\\vendor\\laravel\\framework\\src\\Illuminate\\Foundation\\Http\\Middleware\\TransformsRequest.php(21): Illuminate\\Pipeline\\Pipeline->Illuminate\\Pipeline\\{closure}(Object(Illuminate\\Http\\Request))
#24 C:\\Users\\62812\\Documents\\LARAVEL FUNDAMENTAL\\laravel vue ecommerce\\ecommerce\\vendor\\laravel\\framework\\src\\Illuminate\\Foundation\\Http\\Middleware\\TrimStrings.php(51): Illuminate\\Foundation\\Http\\Middleware\\TransformsRequest->handle(Object(Illuminate\\Http\\Request), Object(Closure))
#25 C:\\Users\\62812\\Documents\\LARAVEL FUNDAMENTAL\\laravel vue ecommerce\\ecommerce\\vendor\\laravel\\framework\\src\\Illuminate\\Pipeline\\Pipeline.php(209): Illuminate\\Foundation\\Http\\Middleware\\TrimStrings->handle(Object(Illuminate\\Http\\Request), Object(Closure))
#26 C:\\Users\\62812\\Documents\\LARAVEL FUNDAMENTAL\\laravel vue ecommerce\\ecommerce\\vendor\\laravel\\framework\\src\\Illuminate\\Http\\Middleware\\ValidatePostSize.php(27): Illuminate\\Pipeline\\Pipeline->Illuminate\\Pipeline\\{closure}(Object(Illuminate\\Http\\Request))
#27 C:\\Users\\62812\\Documents\\LARAVEL FUNDAMENTAL\\laravel vue ecommerce\\ecommerce\\vendor\\laravel\\framework\\src\\Illuminate\\Pipeline\\Pipeline.php(209): Illuminate\\Http\\Middleware\\ValidatePostSize->handle(Object(Illuminate\\Http\\Request), Object(Closure))
#28 C:\\Users\\62812\\Documents\\LARAVEL FUNDAMENTAL\\laravel vue ecommerce\\ecommerce\\vendor\\laravel\\framework\\src\\Illuminate\\Foundation\\Http\\Middleware\\PreventRequestsDuringMaintenance.php(110): Illuminate\\Pipeline\\Pipeline->Illuminate\\Pipeline\\{closure}(Object(Illuminate\\Http\\Request))
#29 C:\\Users\\62812\\Documents\\LARAVEL FUNDAMENTAL\\laravel vue ecommerce\\ecommerce\\vendor\\laravel\\framework\\src\\Illuminate\\Pipeline\\Pipeline.php(209): Illuminate\\Foundation\\Http\\Middleware\\PreventRequestsDuringMaintenance->handle(Object(Illuminate\\Http\\Request), Object(Closure))
#30 C:\\Users\\62812\\Documents\\LARAVEL FUNDAMENTAL\\laravel vue ecommerce\\ecommerce\\vendor\\laravel\\framework\\src\\Illuminate\\Http\\Middleware\\HandleCors.php(62): Illuminate\\Pipeline\\Pipeline->Illuminate\\Pipeline\\{closure}(Object(Illuminate\\Http\\Request))
#31 C:\\Users\\62812\\Documents\\LARAVEL FUNDAMENTAL\\laravel vue ecommerce\\ecommerce\\vendor\\laravel\\framework\\src\\Illuminate\\Pipeline\\Pipeline.php(209): Illuminate\\Http\\Middleware\\HandleCors->handle(Object(Illuminate\\Http\\Request), Object(Closure))
#32 C:\\Users\\62812\\Documents\\LARAVEL FUNDAMENTAL\\laravel vue ecommerce\\ecommerce\\vendor\\laravel\\framework\\src\\Illuminate\\Http\\Middleware\\TrustProxies.php(58): Illuminate\\Pipeline\\Pipeline->Illuminate\\Pipeline\\{closure}(Object(Illuminate\\Http\\Request))
#33 C:\\Users\\62812\\Documents\\LARAVEL FUNDAMENTAL\\laravel vue ecommerce\\ecommerce\\vendor\\laravel\\framework\\src\\Illuminate\\Pipeline\\Pipeline.php(209): Illuminate\\Http\\Middleware\\TrustProxies->handle(Object(Illuminate\\Http\\Request), Object(Closure))
#34 C:\\Users\\62812\\Documents\\LARAVEL FUNDAMENTAL\\laravel vue ecommerce\\ecommerce\\vendor\\laravel\\framework\\src\\Illuminate\\Foundation\\Http\\Middleware\\InvokeDeferredCallbacks.php(22): Illuminate\\Pipeline\\Pipeline->Illuminate\\Pipeline\\{closure}(Object(Illuminate\\Http\\Request))
#35 C:\\Users\\62812\\Documents\\LARAVEL FUNDAMENTAL\\laravel vue ecommerce\\ecommerce\\vendor\\laravel\\framework\\src\\Illuminate\\Pipeline\\Pipeline.php(209): Illuminate\\Foundation\\Http\\Middleware\\InvokeDeferredCallbacks->handle(Object(Illuminate\\Http\\Request), Object(Closure))
#36 C:\\Users\\62812\\Documents\\LARAVEL FUNDAMENTAL\\laravel vue ecommerce\\ecommerce\\vendor\\laravel\\framework\\src\\Illuminate\\Pipeline\\Pipeline.php(127): Illuminate\\Pipeline\\Pipeline->Illuminate\\Pipeline\\{closure}(Object(Illuminate\\Http\\Request))
#37 C:\\Users\\62812\\Documents\\LARAVEL FUNDAMENTAL\\laravel vue ecommerce\\ecommerce\\vendor\\laravel\\framework\\src\\Illuminate\\Foundation\\Http\\Kernel.php(176): Illuminate\\Pipeline\\Pipeline->then(Object(Closure))
#38 C:\\Users\\62812\\Documents\\LARAVEL FUNDAMENTAL\\laravel vue ecommerce\\ecommerce\\vendor\\laravel\\framework\\src\\Illuminate\\Foundation\\Http\\Kernel.php(145): Illuminate\\Foundation\\Http\\Kernel->sendRequestThroughRouter(Object(Illuminate\\Http\\Request))
#39 C:\\Users\\62812\\Documents\\LARAVEL FUNDAMENTAL\\laravel vue ecommerce\\ecommerce\\vendor\\laravel\\framework\\src\\Illuminate\\Foundation\\Application.php(1220): Illuminate\\Foundation\\Http\\Kernel->handle(Object(Illuminate\\Http\\Request))
#40 C:\\Users\\62812\\Documents\\LARAVEL FUNDAMENTAL\\laravel vue ecommerce\\ecommerce\\public\\index.php(17): Illuminate\\Foundation\\Application->handleRequest(Object(Illuminate\\Http\\Request))
#41 C:\\Users\\62812\\Documents\\LARAVEL FUNDAMENTAL\\laravel vue ecommerce\\ecommerce\\vendor\\laravel\\framework\\src\\Illuminate\\Foundation\\resources\\server.php(23): require_once('C:\\\\Users\\\\62812\\\\...')
#42 {main}
"} 
[2025-09-15 05:09:02] local.ERROR: Too few arguments to function App\Http\Requests\ProductRequest::Illuminate\Foundation\Providers\{closure}(), 0 passed in C:\Users\62812\Documents\LARAVEL FUNDAMENTAL\laravel vue ecommerce\ecommerce\vendor\laravel\framework\src\Illuminate\Macroable\Traits\Macroable.php on line 126 and exactly 1 expected {"userId":2,"exception":"[object] (ArgumentCountError(code: 0): Too few arguments to function App\\Http\\Requests\\ProductRequest::Illuminate\\Foundation\\Providers\\{closure}(), 0 passed in C:\\Users\\62812\\Documents\\LARAVEL FUNDAMENTAL\\laravel vue ecommerce\\ecommerce\\vendor\\laravel\\framework\\src\\Illuminate\\Macroable\\Traits\\Macroable.php on line 126 and exactly 1 expected at C:\\Users\\62812\\Documents\\LARAVEL FUNDAMENTAL\\laravel vue ecommerce\\ecommerce\\vendor\\laravel\\framework\\src\\Illuminate\\Foundation\\Providers\\FoundationServiceProvider.php:147)
[stacktrace]
#0 C:\\Users\\62812\\Documents\\LARAVEL FUNDAMENTAL\\laravel vue ecommerce\\ecommerce\\vendor\\laravel\\framework\\src\\Illuminate\\Macroable\\Traits\\Macroable.php(126): App\\Http\\Requests\\ProductRequest->Illuminate\\Foundation\\Providers\\{closure}()
#1 C:\\Users\\62812\\Documents\\LARAVEL FUNDAMENTAL\\laravel vue ecommerce\\ecommerce\\app\\Http\\Controllers\\ProductController.php(99): Illuminate\\Http\\Request->__call('validate', Array)
#2 C:\\Users\\62812\\Documents\\LARAVEL FUNDAMENTAL\\laravel vue ecommerce\\ecommerce\\vendor\\laravel\\framework\\src\\Illuminate\\Routing\\ControllerDispatcher.php(47): App\\Http\\Controllers\\ProductController->update(Object(App\\Http\\Requests\\ProductRequest), Object(App\\Models\\Product))
#3 C:\\Users\\62812\\Documents\\LARAVEL FUNDAMENTAL\\laravel vue ecommerce\\ecommerce\\vendor\\laravel\\framework\\src\\Illuminate\\Routing\\Route.php(266): Illuminate\\Routing\\ControllerDispatcher->dispatch(Object(Illuminate\\Routing\\Route), Object(App\\Http\\Controllers\\ProductController), 'update')
#4 C:\\Users\\62812\\Documents\\LARAVEL FUNDAMENTAL\\laravel vue ecommerce\\ecommerce\\vendor\\laravel\\framework\\src\\Illuminate\\Routing\\Route.php(212): Illuminate\\Routing\\Route->runController()
#5 C:\\Users\\62812\\Documents\\LARAVEL FUNDAMENTAL\\laravel vue ecommerce\\ecommerce\\vendor\\laravel\\framework\\src\\Illuminate\\Routing\\Router.php(808): Illuminate\\Routing\\Route->run()
#6 C:\\Users\\62812\\Documents\\LARAVEL FUNDAMENTAL\\laravel vue ecommerce\\ecommerce\\vendor\\laravel\\framework\\src\\Illuminate\\Pipeline\\Pipeline.php(170): Illuminate\\Routing\\Router->Illuminate\\Routing\\{closure}(Object(Illuminate\\Http\\Request))
#7 C:\\Users\\62812\\Documents\\LARAVEL FUNDAMENTAL\\laravel vue ecommerce\\ecommerce\\app\\Http\\Middleware\\Admin.php(21): Illuminate\\Pipeline\\Pipeline->Illuminate\\Pipeline\\{closure}(Object(Illuminate\\Http\\Request))
#8 C:\\Users\\62812\\Documents\\LARAVEL FUNDAMENTAL\\laravel vue ecommerce\\ecommerce\\vendor\\laravel\\framework\\src\\Illuminate\\Pipeline\\Pipeline.php(209): App\\Http\\Middleware\\Admin->handle(Object(Illuminate\\Http\\Request), Object(Closure))
#9 C:\\Users\\62812\\Documents\\LARAVEL FUNDAMENTAL\\laravel vue ecommerce\\ecommerce\\vendor\\laravel\\framework\\src\\Illuminate\\Routing\\Middleware\\SubstituteBindings.php(51): Illuminate\\Pipeline\\Pipeline->Illuminate\\Pipeline\\{closure}(Object(Illuminate\\Http\\Request))
#10 C:\\Users\\62812\\Documents\\LARAVEL FUNDAMENTAL\\laravel vue ecommerce\\ecommerce\\vendor\\laravel\\framework\\src\\Illuminate\\Pipeline\\Pipeline.php(209): Illuminate\\Routing\\Middleware\\SubstituteBindings->handle(Object(Illuminate\\Http\\Request), Object(Closure))
#11 C:\\Users\\62812\\Documents\\LARAVEL FUNDAMENTAL\\laravel vue ecommerce\\ecommerce\\vendor\\laravel\\framework\\src\\Illuminate\\Auth\\Middleware\\Authenticate.php(64): Illuminate\\Pipeline\\Pipeline->Illuminate\\Pipeline\\{closure}(Object(Illuminate\\Http\\Request))
#12 C:\\Users\\62812\\Documents\\LARAVEL FUNDAMENTAL\\laravel vue ecommerce\\ecommerce\\vendor\\laravel\\framework\\src\\Illuminate\\Pipeline\\Pipeline.php(209): Illuminate\\Auth\\Middleware\\Authenticate->handle(Object(Illuminate\\Http\\Request), Object(Closure), 'sanctum')
#13 C:\\Users\\62812\\Documents\\LARAVEL FUNDAMENTAL\\laravel vue ecommerce\\ecommerce\\vendor\\laravel\\framework\\src\\Illuminate\\Pipeline\\Pipeline.php(127): Illuminate\\Pipeline\\Pipeline->Illuminate\\Pipeline\\{closure}(Object(Illuminate\\Http\\Request))
#14 C:\\Users\\62812\\Documents\\LARAVEL FUNDAMENTAL\\laravel vue ecommerce\\ecommerce\\vendor\\laravel\\framework\\src\\Illuminate\\Routing\\Router.php(807): Illuminate\\Pipeline\\Pipeline->then(Object(Closure))
#15 C:\\Users\\62812\\Documents\\LARAVEL FUNDAMENTAL\\laravel vue ecommerce\\ecommerce\\vendor\\laravel\\framework\\src\\Illuminate\\Routing\\Router.php(786): Illuminate\\Routing\\Router->runRouteWithinStack(Object(Illuminate\\Routing\\Route), Object(Illuminate\\Http\\Request))
#16 C:\\Users\\62812\\Documents\\LARAVEL FUNDAMENTAL\\laravel vue ecommerce\\ecommerce\\vendor\\laravel\\framework\\src\\Illuminate\\Routing\\Router.php(750): Illuminate\\Routing\\Router->runRoute(Object(Illuminate\\Http\\Request), Object(Illuminate\\Routing\\Route))
#17 C:\\Users\\62812\\Documents\\LARAVEL FUNDAMENTAL\\laravel vue ecommerce\\ecommerce\\vendor\\laravel\\framework\\src\\Illuminate\\Routing\\Router.php(739): Illuminate\\Routing\\Router->dispatchToRoute(Object(Illuminate\\Http\\Request))
#18 C:\\Users\\62812\\Documents\\LARAVEL FUNDAMENTAL\\laravel vue ecommerce\\ecommerce\\vendor\\laravel\\framework\\src\\Illuminate\\Foundation\\Http\\Kernel.php(201): Illuminate\\Routing\\Router->dispatch(Object(Illuminate\\Http\\Request))
#19 C:\\Users\\62812\\Documents\\LARAVEL FUNDAMENTAL\\laravel vue ecommerce\\ecommerce\\vendor\\laravel\\framework\\src\\Illuminate\\Pipeline\\Pipeline.php(170): Illuminate\\Foundation\\Http\\Kernel->Illuminate\\Foundation\\Http\\{closure}(Object(Illuminate\\Http\\Request))
#20 C:\\Users\\62812\\Documents\\LARAVEL FUNDAMENTAL\\laravel vue ecommerce\\ecommerce\\vendor\\laravel\\framework\\src\\Illuminate\\Foundation\\Http\\Middleware\\TransformsRequest.php(21): Illuminate\\Pipeline\\Pipeline->Illuminate\\Pipeline\\{closure}(Object(Illuminate\\Http\\Request))
#21 C:\\Users\\62812\\Documents\\LARAVEL FUNDAMENTAL\\laravel vue ecommerce\\ecommerce\\vendor\\laravel\\framework\\src\\Illuminate\\Foundation\\Http\\Middleware\\ConvertEmptyStringsToNull.php(31): Illuminate\\Foundation\\Http\\Middleware\\TransformsRequest->handle(Object(Illuminate\\Http\\Request), Object(Closure))
#22 C:\\Users\\62812\\Documents\\LARAVEL FUNDAMENTAL\\laravel vue ecommerce\\ecommerce\\vendor\\laravel\\framework\\src\\Illuminate\\Pipeline\\Pipeline.php(209): Illuminate\\Foundation\\Http\\Middleware\\ConvertEmptyStringsToNull->handle(Object(Illuminate\\Http\\Request), Object(Closure))
#23 C:\\Users\\62812\\Documents\\LARAVEL FUNDAMENTAL\\laravel vue ecommerce\\ecommerce\\vendor\\laravel\\framework\\src\\Illuminate\\Foundation\\Http\\Middleware\\TransformsRequest.php(21): Illuminate\\Pipeline\\Pipeline->Illuminate\\Pipeline\\{closure}(Object(Illuminate\\Http\\Request))
#24 C:\\Users\\62812\\Documents\\LARAVEL FUNDAMENTAL\\laravel vue ecommerce\\ecommerce\\vendor\\laravel\\framework\\src\\Illuminate\\Foundation\\Http\\Middleware\\TrimStrings.php(51): Illuminate\\Foundation\\Http\\Middleware\\TransformsRequest->handle(Object(Illuminate\\Http\\Request), Object(Closure))
#25 C:\\Users\\62812\\Documents\\LARAVEL FUNDAMENTAL\\laravel vue ecommerce\\ecommerce\\vendor\\laravel\\framework\\src\\Illuminate\\Pipeline\\Pipeline.php(209): Illuminate\\Foundation\\Http\\Middleware\\TrimStrings->handle(Object(Illuminate\\Http\\Request), Object(Closure))
#26 C:\\Users\\62812\\Documents\\LARAVEL FUNDAMENTAL\\laravel vue ecommerce\\ecommerce\\vendor\\laravel\\framework\\src\\Illuminate\\Http\\Middleware\\ValidatePostSize.php(27): Illuminate\\Pipeline\\Pipeline->Illuminate\\Pipeline\\{closure}(Object(Illuminate\\Http\\Request))
#27 C:\\Users\\62812\\Documents\\LARAVEL FUNDAMENTAL\\laravel vue ecommerce\\ecommerce\\vendor\\laravel\\framework\\src\\Illuminate\\Pipeline\\Pipeline.php(209): Illuminate\\Http\\Middleware\\ValidatePostSize->handle(Object(Illuminate\\Http\\Request), Object(Closure))
#28 C:\\Users\\62812\\Documents\\LARAVEL FUNDAMENTAL\\laravel vue ecommerce\\ecommerce\\vendor\\laravel\\framework\\src\\Illuminate\\Foundation\\Http\\Middleware\\PreventRequestsDuringMaintenance.php(110): Illuminate\\Pipeline\\Pipeline->Illuminate\\Pipeline\\{closure}(Object(Illuminate\\Http\\Request))
#29 C:\\Users\\62812\\Documents\\LARAVEL FUNDAMENTAL\\laravel vue ecommerce\\ecommerce\\vendor\\laravel\\framework\\src\\Illuminate\\Pipeline\\Pipeline.php(209): Illuminate\\Foundation\\Http\\Middleware\\PreventRequestsDuringMaintenance->handle(Object(Illuminate\\Http\\Request), Object(Closure))
#30 C:\\Users\\62812\\Documents\\LARAVEL FUNDAMENTAL\\laravel vue ecommerce\\ecommerce\\vendor\\laravel\\framework\\src\\Illuminate\\Http\\Middleware\\HandleCors.php(62): Illuminate\\Pipeline\\Pipeline->Illuminate\\Pipeline\\{closure}(Object(Illuminate\\Http\\Request))
#31 C:\\Users\\62812\\Documents\\LARAVEL FUNDAMENTAL\\laravel vue ecommerce\\ecommerce\\vendor\\laravel\\framework\\src\\Illuminate\\Pipeline\\Pipeline.php(209): Illuminate\\Http\\Middleware\\HandleCors->handle(Object(Illuminate\\Http\\Request), Object(Closure))
#32 C:\\Users\\62812\\Documents\\LARAVEL FUNDAMENTAL\\laravel vue ecommerce\\ecommerce\\vendor\\laravel\\framework\\src\\Illuminate\\Http\\Middleware\\TrustProxies.php(58): Illuminate\\Pipeline\\Pipeline->Illuminate\\Pipeline\\{closure}(Object(Illuminate\\Http\\Request))
#33 C:\\Users\\62812\\Documents\\LARAVEL FUNDAMENTAL\\laravel vue ecommerce\\ecommerce\\vendor\\laravel\\framework\\src\\Illuminate\\Pipeline\\Pipeline.php(209): Illuminate\\Http\\Middleware\\TrustProxies->handle(Object(Illuminate\\Http\\Request), Object(Closure))
#34 C:\\Users\\62812\\Documents\\LARAVEL FUNDAMENTAL\\laravel vue ecommerce\\ecommerce\\vendor\\laravel\\framework\\src\\Illuminate\\Foundation\\Http\\Middleware\\InvokeDeferredCallbacks.php(22): Illuminate\\Pipeline\\Pipeline->Illuminate\\Pipeline\\{closure}(Object(Illuminate\\Http\\Request))
#35 C:\\Users\\62812\\Documents\\LARAVEL FUNDAMENTAL\\laravel vue ecommerce\\ecommerce\\vendor\\laravel\\framework\\src\\Illuminate\\Pipeline\\Pipeline.php(209): Illuminate\\Foundation\\Http\\Middleware\\InvokeDeferredCallbacks->handle(Object(Illuminate\\Http\\Request), Object(Closure))
#36 C:\\Users\\62812\\Documents\\LARAVEL FUNDAMENTAL\\laravel vue ecommerce\\ecommerce\\vendor\\laravel\\framework\\src\\Illuminate\\Pipeline\\Pipeline.php(127): Illuminate\\Pipeline\\Pipeline->Illuminate\\Pipeline\\{closure}(Object(Illuminate\\Http\\Request))
#37 C:\\Users\\62812\\Documents\\LARAVEL FUNDAMENTAL\\laravel vue ecommerce\\ecommerce\\vendor\\laravel\\framework\\src\\Illuminate\\Foundation\\Http\\Kernel.php(176): Illuminate\\Pipeline\\Pipeline->then(Object(Closure))
#38 C:\\Users\\62812\\Documents\\LARAVEL FUNDAMENTAL\\laravel vue ecommerce\\ecommerce\\vendor\\laravel\\framework\\src\\Illuminate\\Foundation\\Http\\Kernel.php(145): Illuminate\\Foundation\\Http\\Kernel->sendRequestThroughRouter(Object(Illuminate\\Http\\Request))
#39 C:\\Users\\62812\\Documents\\LARAVEL FUNDAMENTAL\\laravel vue ecommerce\\ecommerce\\vendor\\laravel\\framework\\src\\Illuminate\\Foundation\\Application.php(1220): Illuminate\\Foundation\\Http\\Kernel->handle(Object(Illuminate\\Http\\Request))
#40 C:\\Users\\62812\\Documents\\LARAVEL FUNDAMENTAL\\laravel vue ecommerce\\ecommerce\\public\\index.php(17): Illuminate\\Foundation\\Application->handleRequest(Object(Illuminate\\Http\\Request))
#41 C:\\Users\\62812\\Documents\\LARAVEL FUNDAMENTAL\\laravel vue ecommerce\\ecommerce\\vendor\\laravel\\framework\\src\\Illuminate\\Foundation\\resources\\server.php(23): require_once('C:\\\\Users\\\\62812\\\\...')
#42 {main}
"} 
[2025-09-15 05:42:55] local.INFO: Data yang dikirimkan: {"data":"jos"} 
[2025-09-15 05:43:22] local.INFO: Data yang dikirimkan: {"data":"jos"} 
[2025-09-15 05:58:14] local.INFO: Data yang dikirimkan: {"data":"jos"} 
[2025-09-15 06:00:41] local.ERROR: Too few arguments to function App\Http\Requests\ProductRequest::Illuminate\Foundation\Providers\{closure}(), 0 passed in C:\Users\62812\Documents\LARAVEL FUNDAMENTAL\laravel vue ecommerce\ecommerce\vendor\laravel\framework\src\Illuminate\Macroable\Traits\Macroable.php on line 126 and exactly 1 expected {"userId":2,"exception":"[object] (ArgumentCountError(code: 0): Too few arguments to function App\\Http\\Requests\\ProductRequest::Illuminate\\Foundation\\Providers\\{closure}(), 0 passed in C:\\Users\\62812\\Documents\\LARAVEL FUNDAMENTAL\\laravel vue ecommerce\\ecommerce\\vendor\\laravel\\framework\\src\\Illuminate\\Macroable\\Traits\\Macroable.php on line 126 and exactly 1 expected at C:\\Users\\62812\\Documents\\LARAVEL FUNDAMENTAL\\laravel vue ecommerce\\ecommerce\\vendor\\laravel\\framework\\src\\Illuminate\\Foundation\\Providers\\FoundationServiceProvider.php:147)
[stacktrace]
#0 C:\\Users\\62812\\Documents\\LARAVEL FUNDAMENTAL\\laravel vue ecommerce\\ecommerce\\vendor\\laravel\\framework\\src\\Illuminate\\Macroable\\Traits\\Macroable.php(126): App\\Http\\Requests\\ProductRequest->Illuminate\\Foundation\\Providers\\{closure}()
#1 C:\\Users\\62812\\Documents\\LARAVEL FUNDAMENTAL\\laravel vue ecommerce\\ecommerce\\app\\Http\\Controllers\\ProductController.php(107): Illuminate\\Http\\Request->__call('validate', Array)
#2 C:\\Users\\62812\\Documents\\LARAVEL FUNDAMENTAL\\laravel vue ecommerce\\ecommerce\\vendor\\laravel\\framework\\src\\Illuminate\\Routing\\ControllerDispatcher.php(47): App\\Http\\Controllers\\ProductController->update(Object(App\\Http\\Requests\\ProductRequest), Object(App\\Models\\Product))
#3 C:\\Users\\62812\\Documents\\LARAVEL FUNDAMENTAL\\laravel vue ecommerce\\ecommerce\\vendor\\laravel\\framework\\src\\Illuminate\\Routing\\Route.php(266): Illuminate\\Routing\\ControllerDispatcher->dispatch(Object(Illuminate\\Routing\\Route), Object(App\\Http\\Controllers\\ProductController), 'update')
#4 C:\\Users\\62812\\Documents\\LARAVEL FUNDAMENTAL\\laravel vue ecommerce\\ecommerce\\vendor\\laravel\\framework\\src\\Illuminate\\Routing\\Route.php(212): Illuminate\\Routing\\Route->runController()
#5 C:\\Users\\62812\\Documents\\LARAVEL FUNDAMENTAL\\laravel vue ecommerce\\ecommerce\\vendor\\laravel\\framework\\src\\Illuminate\\Routing\\Router.php(808): Illuminate\\Routing\\Route->run()
#6 C:\\Users\\62812\\Documents\\LARAVEL FUNDAMENTAL\\laravel vue ecommerce\\ecommerce\\vendor\\laravel\\framework\\src\\Illuminate\\Pipeline\\Pipeline.php(170): Illuminate\\Routing\\Router->Illuminate\\Routing\\{closure}(Object(Illuminate\\Http\\Request))
#7 C:\\Users\\62812\\Documents\\LARAVEL FUNDAMENTAL\\laravel vue ecommerce\\ecommerce\\app\\Http\\Middleware\\Admin.php(21): Illuminate\\Pipeline\\Pipeline->Illuminate\\Pipeline\\{closure}(Object(Illuminate\\Http\\Request))
#8 C:\\Users\\62812\\Documents\\LARAVEL FUNDAMENTAL\\laravel vue ecommerce\\ecommerce\\vendor\\laravel\\framework\\src\\Illuminate\\Pipeline\\Pipeline.php(209): App\\Http\\Middleware\\Admin->handle(Object(Illuminate\\Http\\Request), Object(Closure))
#9 C:\\Users\\62812\\Documents\\LARAVEL FUNDAMENTAL\\laravel vue ecommerce\\ecommerce\\vendor\\laravel\\framework\\src\\Illuminate\\Routing\\Middleware\\SubstituteBindings.php(51): Illuminate\\Pipeline\\Pipeline->Illuminate\\Pipeline\\{closure}(Object(Illuminate\\Http\\Request))
#10 C:\\Users\\62812\\Documents\\LARAVEL FUNDAMENTAL\\laravel vue ecommerce\\ecommerce\\vendor\\laravel\\framework\\src\\Illuminate\\Pipeline\\Pipeline.php(209): Illuminate\\Routing\\Middleware\\SubstituteBindings->handle(Object(Illuminate\\Http\\Request), Object(Closure))
#11 C:\\Users\\62812\\Documents\\LARAVEL FUNDAMENTAL\\laravel vue ecommerce\\ecommerce\\vendor\\laravel\\framework\\src\\Illuminate\\Auth\\Middleware\\Authenticate.php(64): Illuminate\\Pipeline\\Pipeline->Illuminate\\Pipeline\\{closure}(Object(Illuminate\\Http\\Request))
#12 C:\\Users\\62812\\Documents\\LARAVEL FUNDAMENTAL\\laravel vue ecommerce\\ecommerce\\vendor\\laravel\\framework\\src\\Illuminate\\Pipeline\\Pipeline.php(209): Illuminate\\Auth\\Middleware\\Authenticate->handle(Object(Illuminate\\Http\\Request), Object(Closure), 'sanctum')
#13 C:\\Users\\62812\\Documents\\LARAVEL FUNDAMENTAL\\laravel vue ecommerce\\ecommerce\\vendor\\laravel\\framework\\src\\Illuminate\\Pipeline\\Pipeline.php(127): Illuminate\\Pipeline\\Pipeline->Illuminate\\Pipeline\\{closure}(Object(Illuminate\\Http\\Request))
#14 C:\\Users\\62812\\Documents\\LARAVEL FUNDAMENTAL\\laravel vue ecommerce\\ecommerce\\vendor\\laravel\\framework\\src\\Illuminate\\Routing\\Router.php(807): Illuminate\\Pipeline\\Pipeline->then(Object(Closure))
#15 C:\\Users\\62812\\Documents\\LARAVEL FUNDAMENTAL\\laravel vue ecommerce\\ecommerce\\vendor\\laravel\\framework\\src\\Illuminate\\Routing\\Router.php(786): Illuminate\\Routing\\Router->runRouteWithinStack(Object(Illuminate\\Routing\\Route), Object(Illuminate\\Http\\Request))
#16 C:\\Users\\62812\\Documents\\LARAVEL FUNDAMENTAL\\laravel vue ecommerce\\ecommerce\\vendor\\laravel\\framework\\src\\Illuminate\\Routing\\Router.php(750): Illuminate\\Routing\\Router->runRoute(Object(Illuminate\\Http\\Request), Object(Illuminate\\Routing\\Route))
#17 C:\\Users\\62812\\Documents\\LARAVEL FUNDAMENTAL\\laravel vue ecommerce\\ecommerce\\vendor\\laravel\\framework\\src\\Illuminate\\Routing\\Router.php(739): Illuminate\\Routing\\Router->dispatchToRoute(Object(Illuminate\\Http\\Request))
#18 C:\\Users\\62812\\Documents\\LARAVEL FUNDAMENTAL\\laravel vue ecommerce\\ecommerce\\vendor\\laravel\\framework\\src\\Illuminate\\Foundation\\Http\\Kernel.php(201): Illuminate\\Routing\\Router->dispatch(Object(Illuminate\\Http\\Request))
#19 C:\\Users\\62812\\Documents\\LARAVEL FUNDAMENTAL\\laravel vue ecommerce\\ecommerce\\vendor\\laravel\\framework\\src\\Illuminate\\Pipeline\\Pipeline.php(170): Illuminate\\Foundation\\Http\\Kernel->Illuminate\\Foundation\\Http\\{closure}(Object(Illuminate\\Http\\Request))
#20 C:\\Users\\62812\\Documents\\LARAVEL FUNDAMENTAL\\laravel vue ecommerce\\ecommerce\\vendor\\laravel\\framework\\src\\Illuminate\\Foundation\\Http\\Middleware\\TransformsRequest.php(21): Illuminate\\Pipeline\\Pipeline->Illuminate\\Pipeline\\{closure}(Object(Illuminate\\Http\\Request))
#21 C:\\Users\\62812\\Documents\\LARAVEL FUNDAMENTAL\\laravel vue ecommerce\\ecommerce\\vendor\\laravel\\framework\\src\\Illuminate\\Foundation\\Http\\Middleware\\ConvertEmptyStringsToNull.php(31): Illuminate\\Foundation\\Http\\Middleware\\TransformsRequest->handle(Object(Illuminate\\Http\\Request), Object(Closure))
#22 C:\\Users\\62812\\Documents\\LARAVEL FUNDAMENTAL\\laravel vue ecommerce\\ecommerce\\vendor\\laravel\\framework\\src\\Illuminate\\Pipeline\\Pipeline.php(209): Illuminate\\Foundation\\Http\\Middleware\\ConvertEmptyStringsToNull->handle(Object(Illuminate\\Http\\Request), Object(Closure))
#23 C:\\Users\\62812\\Documents\\LARAVEL FUNDAMENTAL\\laravel vue ecommerce\\ecommerce\\vendor\\laravel\\framework\\src\\Illuminate\\Foundation\\Http\\Middleware\\TransformsRequest.php(21): Illuminate\\Pipeline\\Pipeline->Illuminate\\Pipeline\\{closure}(Object(Illuminate\\Http\\Request))
#24 C:\\Users\\62812\\Documents\\LARAVEL FUNDAMENTAL\\laravel vue ecommerce\\ecommerce\\vendor\\laravel\\framework\\src\\Illuminate\\Foundation\\Http\\Middleware\\TrimStrings.php(51): Illuminate\\Foundation\\Http\\Middleware\\TransformsRequest->handle(Object(Illuminate\\Http\\Request), Object(Closure))
#25 C:\\Users\\62812\\Documents\\LARAVEL FUNDAMENTAL\\laravel vue ecommerce\\ecommerce\\vendor\\laravel\\framework\\src\\Illuminate\\Pipeline\\Pipeline.php(209): Illuminate\\Foundation\\Http\\Middleware\\TrimStrings->handle(Object(Illuminate\\Http\\Request), Object(Closure))
#26 C:\\Users\\62812\\Documents\\LARAVEL FUNDAMENTAL\\laravel vue ecommerce\\ecommerce\\vendor\\laravel\\framework\\src\\Illuminate\\Http\\Middleware\\ValidatePostSize.php(27): Illuminate\\Pipeline\\Pipeline->Illuminate\\Pipeline\\{closure}(Object(Illuminate\\Http\\Request))
#27 C:\\Users\\62812\\Documents\\LARAVEL FUNDAMENTAL\\laravel vue ecommerce\\ecommerce\\vendor\\laravel\\framework\\src\\Illuminate\\Pipeline\\Pipeline.php(209): Illuminate\\Http\\Middleware\\ValidatePostSize->handle(Object(Illuminate\\Http\\Request), Object(Closure))
#28 C:\\Users\\62812\\Documents\\LARAVEL FUNDAMENTAL\\laravel vue ecommerce\\ecommerce\\vendor\\laravel\\framework\\src\\Illuminate\\Foundation\\Http\\Middleware\\PreventRequestsDuringMaintenance.php(110): Illuminate\\Pipeline\\Pipeline->Illuminate\\Pipeline\\{closure}(Object(Illuminate\\Http\\Request))
#29 C:\\Users\\62812\\Documents\\LARAVEL FUNDAMENTAL\\laravel vue ecommerce\\ecommerce\\vendor\\laravel\\framework\\src\\Illuminate\\Pipeline\\Pipeline.php(209): Illuminate\\Foundation\\Http\\Middleware\\PreventRequestsDuringMaintenance->handle(Object(Illuminate\\Http\\Request), Object(Closure))
#30 C:\\Users\\62812\\Documents\\LARAVEL FUNDAMENTAL\\laravel vue ecommerce\\ecommerce\\vendor\\laravel\\framework\\src\\Illuminate\\Http\\Middleware\\HandleCors.php(62): Illuminate\\Pipeline\\Pipeline->Illuminate\\Pipeline\\{closure}(Object(Illuminate\\Http\\Request))
#31 C:\\Users\\62812\\Documents\\LARAVEL FUNDAMENTAL\\laravel vue ecommerce\\ecommerce\\vendor\\laravel\\framework\\src\\Illuminate\\Pipeline\\Pipeline.php(209): Illuminate\\Http\\Middleware\\HandleCors->handle(Object(Illuminate\\Http\\Request), Object(Closure))
#32 C:\\Users\\62812\\Documents\\LARAVEL FUNDAMENTAL\\laravel vue ecommerce\\ecommerce\\vendor\\laravel\\framework\\src\\Illuminate\\Http\\Middleware\\TrustProxies.php(58): Illuminate\\Pipeline\\Pipeline->Illuminate\\Pipeline\\{closure}(Object(Illuminate\\Http\\Request))
#33 C:\\Users\\62812\\Documents\\LARAVEL FUNDAMENTAL\\laravel vue ecommerce\\ecommerce\\vendor\\laravel\\framework\\src\\Illuminate\\Pipeline\\Pipeline.php(209): Illuminate\\Http\\Middleware\\TrustProxies->handle(Object(Illuminate\\Http\\Request), Object(Closure))
#34 C:\\Users\\62812\\Documents\\LARAVEL FUNDAMENTAL\\laravel vue ecommerce\\ecommerce\\vendor\\laravel\\framework\\src\\Illuminate\\Foundation\\Http\\Middleware\\InvokeDeferredCallbacks.php(22): Illuminate\\Pipeline\\Pipeline->Illuminate\\Pipeline\\{closure}(Object(Illuminate\\Http\\Request))
#35 C:\\Users\\62812\\Documents\\LARAVEL FUNDAMENTAL\\laravel vue ecommerce\\ecommerce\\vendor\\laravel\\framework\\src\\Illuminate\\Pipeline\\Pipeline.php(209): Illuminate\\Foundation\\Http\\Middleware\\InvokeDeferredCallbacks->handle(Object(Illuminate\\Http\\Request), Object(Closure))
#36 C:\\Users\\62812\\Documents\\LARAVEL FUNDAMENTAL\\laravel vue ecommerce\\ecommerce\\vendor\\laravel\\framework\\src\\Illuminate\\Pipeline\\Pipeline.php(127): Illuminate\\Pipeline\\Pipeline->Illuminate\\Pipeline\\{closure}(Object(Illuminate\\Http\\Request))
#37 C:\\Users\\62812\\Documents\\LARAVEL FUNDAMENTAL\\laravel vue ecommerce\\ecommerce\\vendor\\laravel\\framework\\src\\Illuminate\\Foundation\\Http\\Kernel.php(176): Illuminate\\Pipeline\\Pipeline->then(Object(Closure))
#38 C:\\Users\\62812\\Documents\\LARAVEL FUNDAMENTAL\\laravel vue ecommerce\\ecommerce\\vendor\\laravel\\framework\\src\\Illuminate\\Foundation\\Http\\Kernel.php(145): Illuminate\\Foundation\\Http\\Kernel->sendRequestThroughRouter(Object(Illuminate\\Http\\Request))
#39 C:\\Users\\62812\\Documents\\LARAVEL FUNDAMENTAL\\laravel vue ecommerce\\ecommerce\\vendor\\laravel\\framework\\src\\Illuminate\\Foundation\\Application.php(1220): Illuminate\\Foundation\\Http\\Kernel->handle(Object(Illuminate\\Http\\Request))
#40 C:\\Users\\62812\\Documents\\LARAVEL FUNDAMENTAL\\laravel vue ecommerce\\ecommerce\\public\\index.php(17): Illuminate\\Foundation\\Application->handleRequest(Object(Illuminate\\Http\\Request))
#41 C:\\Users\\62812\\Documents\\LARAVEL FUNDAMENTAL\\laravel vue ecommerce\\ecommerce\\vendor\\laravel\\framework\\src\\Illuminate\\Foundation\\resources\\server.php(23): require_once('C:\\\\Users\\\\62812\\\\...')
#42 {main}
"} 
[2025-09-15 16:22:09] local.ERROR: Cannot declare class App\Http\Controllers\AuthController, because the name is already in use {"exception":"[object] (Symfony\\Component\\ErrorHandler\\Error\\FatalError(code: 0): Cannot declare class App\\Http\\Controllers\\AuthController, because the name is already in use at C:\\Users\\62812\\Documents\\LARAVEL FUNDAMENTAL\\laravel vue ecommerce\\ecommerce\\app\\Http\\Controllers\\Api\\AuthController.php:11)
[stacktrace]
#0 {main}
"} 
[2025-09-15 16:47:31] local.ERROR: Cannot declare class App\Http\Controllers\AuthController, because the name is already in use {"exception":"[object] (Symfony\\Component\\ErrorHandler\\Error\\FatalError(code: 0): Cannot declare class App\\Http\\Controllers\\AuthController, because the name is already in use at C:\\Users\\62812\\Documents\\LARAVEL FUNDAMENTAL\\laravel vue ecommerce\\ecommerce\\app\\Http\\Controllers\\Api\\AuthController.php:11)
[stacktrace]
#0 {main}
"} 
[2025-09-16 02:59:26] local.ERROR: Cannot declare class App\Http\Controllers\AuthController, because the name is already in use {"exception":"[object] (Symfony\\Component\\ErrorHandler\\Error\\FatalError(code: 0): Cannot declare class App\\Http\\Controllers\\AuthController, because the name is already in use at C:\\Users\\62812\\Documents\\LARAVEL FUNDAMENTAL\\laravel vue ecommerce\\ecommerce\\app\\Http\\Controllers\\Api\\AuthController.php:11)
[stacktrace]
#0 {main}
"} 
[2025-09-16 02:59:27] local.ERROR: Cannot declare class App\Http\Controllers\AuthController, because the name is already in use {"exception":"[object] (Symfony\\Component\\ErrorHandler\\Error\\FatalError(code: 0): Cannot declare class App\\Http\\Controllers\\AuthController, because the name is already in use at C:\\Users\\62812\\Documents\\LARAVEL FUNDAMENTAL\\laravel vue ecommerce\\ecommerce\\app\\Http\\Controllers\\Api\\AuthController.php:11)
[stacktrace]
#0 {main}
"} 
[2025-09-16 02:59:59] local.ERROR: Cannot declare class App\Http\Controllers\AuthController, because the name is already in use {"exception":"[object] (Symfony\\Component\\ErrorHandler\\Error\\FatalError(code: 0): Cannot declare class App\\Http\\Controllers\\AuthController, because the name is already in use at C:\\Users\\62812\\Documents\\LARAVEL FUNDAMENTAL\\laravel vue ecommerce\\ecommerce\\app\\Http\\Controllers\\Api\\AuthController.php:11)
[stacktrace]
#0 {main}
"} 
[2025-09-16 03:07:50] local.ERROR: Cannot declare class App\Http\Controllers\AuthController, because the name is already in use {"exception":"[object] (Symfony\\Component\\ErrorHandler\\Error\\FatalError(code: 0): Cannot declare class App\\Http\\Controllers\\AuthController, because the name is already in use at C:\\Users\\62812\\Documents\\LARAVEL FUNDAMENTAL\\laravel vue ecommerce\\ecommerce\\app\\Http\\Controllers\\Api\\AuthController.php:11)
[stacktrace]
#0 {main}
"} 
[2025-09-16 03:22:11] local.ERROR: Cannot declare class App\Http\Controllers\AuthController, because the name is already in use {"exception":"[object] (Symfony\\Component\\ErrorHandler\\Error\\FatalError(code: 0): Cannot declare class App\\Http\\Controllers\\AuthController, because the name is already in use at C:\\Users\\62812\\Documents\\LARAVEL FUNDAMENTAL\\laravel vue ecommerce\\ecommerce\\app\\Http\\Controllers\\Api\\AuthController.php:11)
[stacktrace]
#0 {main}
"} 
[2025-09-16 03:45:00] local.ERROR: Class "App\Http\Controllers\Api\Controller" not found {"exception":"[object] (Error(code: 0): Class \"App\\Http\\Controllers\\Api\\Controller\" not found at C:\\Users\\62812\\Documents\\LARAVEL FUNDAMENTAL\\laravel vue ecommerce\\ecommerce\\app\\Http\\Controllers\\Api\\AuthController.php:11)
[stacktrace]
#0 C:\\Users\\62812\\Documents\\LARAVEL FUNDAMENTAL\\laravel vue ecommerce\\ecommerce\\vendor\\composer\\ClassLoader.php(576): include()
#1 C:\\Users\\62812\\Documents\\LARAVEL FUNDAMENTAL\\laravel vue ecommerce\\ecommerce\\vendor\\composer\\ClassLoader.php(427): Composer\\Autoload\\{closure}('C:\\\\Users\\\\62812\\\\...')
#2 [internal function]: Composer\\Autoload\\ClassLoader->loadClass('App\\\\Http\\\\Contro...')
#3 C:\\Users\\62812\\Documents\\LARAVEL FUNDAMENTAL\\laravel vue ecommerce\\ecommerce\\vendor\\laravel\\framework\\src\\Illuminate\\Routing\\Route.php(1117): is_a('App\\\\Http\\\\Contro...', 'Illuminate\\\\Rout...', true)
#4 C:\\Users\\62812\\Documents\\LARAVEL FUNDAMENTAL\\laravel vue ecommerce\\ecommerce\\vendor\\laravel\\framework\\src\\Illuminate\\Routing\\Route.php(1054): Illuminate\\Routing\\Route->controllerMiddleware()
#5 C:\\Users\\62812\\Documents\\LARAVEL FUNDAMENTAL\\laravel vue ecommerce\\ecommerce\\vendor\\laravel\\framework\\src\\Illuminate\\Routing\\Router.php(820): Illuminate\\Routing\\Route->gatherMiddleware()
#6 C:\\Users\\62812\\Documents\\LARAVEL FUNDAMENTAL\\laravel vue ecommerce\\ecommerce\\vendor\\laravel\\framework\\src\\Illuminate\\Routing\\Router.php(802): Illuminate\\Routing\\Router->gatherRouteMiddleware(Object(Illuminate\\Routing\\Route))
#7 C:\\Users\\62812\\Documents\\LARAVEL FUNDAMENTAL\\laravel vue ecommerce\\ecommerce\\vendor\\laravel\\framework\\src\\Illuminate\\Routing\\Router.php(786): Illuminate\\Routing\\Router->runRouteWithinStack(Object(Illuminate\\Routing\\Route), Object(Illuminate\\Http\\Request))
#8 C:\\Users\\62812\\Documents\\LARAVEL FUNDAMENTAL\\laravel vue ecommerce\\ecommerce\\vendor\\laravel\\framework\\src\\Illuminate\\Routing\\Router.php(750): Illuminate\\Routing\\Router->runRoute(Object(Illuminate\\Http\\Request), Object(Illuminate\\Routing\\Route))
#9 C:\\Users\\62812\\Documents\\LARAVEL FUNDAMENTAL\\laravel vue ecommerce\\ecommerce\\vendor\\laravel\\framework\\src\\Illuminate\\Routing\\Router.php(739): Illuminate\\Routing\\Router->dispatchToRoute(Object(Illuminate\\Http\\Request))
#10 C:\\Users\\62812\\Documents\\LARAVEL FUNDAMENTAL\\laravel vue ecommerce\\ecommerce\\vendor\\laravel\\framework\\src\\Illuminate\\Foundation\\Http\\Kernel.php(201): Illuminate\\Routing\\Router->dispatch(Object(Illuminate\\Http\\Request))
#11 C:\\Users\\62812\\Documents\\LARAVEL FUNDAMENTAL\\laravel vue ecommerce\\ecommerce\\vendor\\laravel\\framework\\src\\Illuminate\\Pipeline\\Pipeline.php(170): Illuminate\\Foundation\\Http\\Kernel->Illuminate\\Foundation\\Http\\{closure}(Object(Illuminate\\Http\\Request))
#12 C:\\Users\\62812\\Documents\\LARAVEL FUNDAMENTAL\\laravel vue ecommerce\\ecommerce\\vendor\\laravel\\framework\\src\\Illuminate\\Foundation\\Http\\Middleware\\TransformsRequest.php(21): Illuminate\\Pipeline\\Pipeline->Illuminate\\Pipeline\\{closure}(Object(Illuminate\\Http\\Request))
#13 C:\\Users\\62812\\Documents\\LARAVEL FUNDAMENTAL\\laravel vue ecommerce\\ecommerce\\vendor\\laravel\\framework\\src\\Illuminate\\Foundation\\Http\\Middleware\\ConvertEmptyStringsToNull.php(31): Illuminate\\Foundation\\Http\\Middleware\\TransformsRequest->handle(Object(Illuminate\\Http\\Request), Object(Closure))
#14 C:\\Users\\62812\\Documents\\LARAVEL FUNDAMENTAL\\laravel vue ecommerce\\ecommerce\\vendor\\laravel\\framework\\src\\Illuminate\\Pipeline\\Pipeline.php(209): Illuminate\\Foundation\\Http\\Middleware\\ConvertEmptyStringsToNull->handle(Object(Illuminate\\Http\\Request), Object(Closure))
#15 C:\\Users\\62812\\Documents\\LARAVEL FUNDAMENTAL\\laravel vue ecommerce\\ecommerce\\vendor\\laravel\\framework\\src\\Illuminate\\Foundation\\Http\\Middleware\\TransformsRequest.php(21): Illuminate\\Pipeline\\Pipeline->Illuminate\\Pipeline\\{closure}(Object(Illuminate\\Http\\Request))
#16 C:\\Users\\62812\\Documents\\LARAVEL FUNDAMENTAL\\laravel vue ecommerce\\ecommerce\\vendor\\laravel\\framework\\src\\Illuminate\\Foundation\\Http\\Middleware\\TrimStrings.php(51): Illuminate\\Foundation\\Http\\Middleware\\TransformsRequest->handle(Object(Illuminate\\Http\\Request), Object(Closure))
#17 C:\\Users\\62812\\Documents\\LARAVEL FUNDAMENTAL\\laravel vue ecommerce\\ecommerce\\vendor\\laravel\\framework\\src\\Illuminate\\Pipeline\\Pipeline.php(209): Illuminate\\Foundation\\Http\\Middleware\\TrimStrings->handle(Object(Illuminate\\Http\\Request), Object(Closure))
#18 C:\\Users\\62812\\Documents\\LARAVEL FUNDAMENTAL\\laravel vue ecommerce\\ecommerce\\vendor\\laravel\\framework\\src\\Illuminate\\Http\\Middleware\\ValidatePostSize.php(27): Illuminate\\Pipeline\\Pipeline->Illuminate\\Pipeline\\{closure}(Object(Illuminate\\Http\\Request))
#19 C:\\Users\\62812\\Documents\\LARAVEL FUNDAMENTAL\\laravel vue ecommerce\\ecommerce\\vendor\\laravel\\framework\\src\\Illuminate\\Pipeline\\Pipeline.php(209): Illuminate\\Http\\Middleware\\ValidatePostSize->handle(Object(Illuminate\\Http\\Request), Object(Closure))
#20 C:\\Users\\62812\\Documents\\LARAVEL FUNDAMENTAL\\laravel vue ecommerce\\ecommerce\\vendor\\laravel\\framework\\src\\Illuminate\\Foundation\\Http\\Middleware\\PreventRequestsDuringMaintenance.php(110): Illuminate\\Pipeline\\Pipeline->Illuminate\\Pipeline\\{closure}(Object(Illuminate\\Http\\Request))
#21 C:\\Users\\62812\\Documents\\LARAVEL FUNDAMENTAL\\laravel vue ecommerce\\ecommerce\\vendor\\laravel\\framework\\src\\Illuminate\\Pipeline\\Pipeline.php(209): Illuminate\\Foundation\\Http\\Middleware\\PreventRequestsDuringMaintenance->handle(Object(Illuminate\\Http\\Request), Object(Closure))
#22 C:\\Users\\62812\\Documents\\LARAVEL FUNDAMENTAL\\laravel vue ecommerce\\ecommerce\\vendor\\laravel\\framework\\src\\Illuminate\\Http\\Middleware\\HandleCors.php(62): Illuminate\\Pipeline\\Pipeline->Illuminate\\Pipeline\\{closure}(Object(Illuminate\\Http\\Request))
#23 C:\\Users\\62812\\Documents\\LARAVEL FUNDAMENTAL\\laravel vue ecommerce\\ecommerce\\vendor\\laravel\\framework\\src\\Illuminate\\Pipeline\\Pipeline.php(209): Illuminate\\Http\\Middleware\\HandleCors->handle(Object(Illuminate\\Http\\Request), Object(Closure))
#24 C:\\Users\\62812\\Documents\\LARAVEL FUNDAMENTAL\\laravel vue ecommerce\\ecommerce\\vendor\\laravel\\framework\\src\\Illuminate\\Http\\Middleware\\TrustProxies.php(58): Illuminate\\Pipeline\\Pipeline->Illuminate\\Pipeline\\{closure}(Object(Illuminate\\Http\\Request))
#25 C:\\Users\\62812\\Documents\\LARAVEL FUNDAMENTAL\\laravel vue ecommerce\\ecommerce\\vendor\\laravel\\framework\\src\\Illuminate\\Pipeline\\Pipeline.php(209): Illuminate\\Http\\Middleware\\TrustProxies->handle(Object(Illuminate\\Http\\Request), Object(Closure))
#26 C:\\Users\\62812\\Documents\\LARAVEL FUNDAMENTAL\\laravel vue ecommerce\\ecommerce\\vendor\\laravel\\framework\\src\\Illuminate\\Foundation\\Http\\Middleware\\InvokeDeferredCallbacks.php(22): Illuminate\\Pipeline\\Pipeline->Illuminate\\Pipeline\\{closure}(Object(Illuminate\\Http\\Request))
#27 C:\\Users\\62812\\Documents\\LARAVEL FUNDAMENTAL\\laravel vue ecommerce\\ecommerce\\vendor\\laravel\\framework\\src\\Illuminate\\Pipeline\\Pipeline.php(209): Illuminate\\Foundation\\Http\\Middleware\\InvokeDeferredCallbacks->handle(Object(Illuminate\\Http\\Request), Object(Closure))
#28 C:\\Users\\62812\\Documents\\LARAVEL FUNDAMENTAL\\laravel vue ecommerce\\ecommerce\\vendor\\laravel\\framework\\src\\Illuminate\\Pipeline\\Pipeline.php(127): Illuminate\\Pipeline\\Pipeline->Illuminate\\Pipeline\\{closure}(Object(Illuminate\\Http\\Request))
#29 C:\\Users\\62812\\Documents\\LARAVEL FUNDAMENTAL\\laravel vue ecommerce\\ecommerce\\vendor\\laravel\\framework\\src\\Illuminate\\Foundation\\Http\\Kernel.php(176): Illuminate\\Pipeline\\Pipeline->then(Object(Closure))
#30 C:\\Users\\62812\\Documents\\LARAVEL FUNDAMENTAL\\laravel vue ecommerce\\ecommerce\\vendor\\laravel\\framework\\src\\Illuminate\\Foundation\\Http\\Kernel.php(145): Illuminate\\Foundation\\Http\\Kernel->sendRequestThroughRouter(Object(Illuminate\\Http\\Request))
#31 C:\\Users\\62812\\Documents\\LARAVEL FUNDAMENTAL\\laravel vue ecommerce\\ecommerce\\vendor\\laravel\\framework\\src\\Illuminate\\Foundation\\Application.php(1220): Illuminate\\Foundation\\Http\\Kernel->handle(Object(Illuminate\\Http\\Request))
#32 C:\\Users\\62812\\Documents\\LARAVEL FUNDAMENTAL\\laravel vue ecommerce\\ecommerce\\public\\index.php(17): Illuminate\\Foundation\\Application->handleRequest(Object(Illuminate\\Http\\Request))
#33 C:\\Users\\62812\\Documents\\LARAVEL FUNDAMENTAL\\laravel vue ecommerce\\ecommerce\\vendor\\laravel\\framework\\src\\Illuminate\\Foundation\\resources\\server.php(23): require_once('C:\\\\Users\\\\62812\\\\...')
#34 {main}
"} 
[2025-09-16 03:45:02] local.ERROR: Class "App\Http\Controllers\Api\Controller" not found {"exception":"[object] (Error(code: 0): Class \"App\\Http\\Controllers\\Api\\Controller\" not found at C:\\Users\\62812\\Documents\\LARAVEL FUNDAMENTAL\\laravel vue ecommerce\\ecommerce\\app\\Http\\Controllers\\Api\\AuthController.php:11)
[stacktrace]
#0 C:\\Users\\62812\\Documents\\LARAVEL FUNDAMENTAL\\laravel vue ecommerce\\ecommerce\\vendor\\composer\\ClassLoader.php(576): include()
#1 C:\\Users\\62812\\Documents\\LARAVEL FUNDAMENTAL\\laravel vue ecommerce\\ecommerce\\vendor\\composer\\ClassLoader.php(427): Composer\\Autoload\\{closure}('C:\\\\Users\\\\62812\\\\...')
#2 [internal function]: Composer\\Autoload\\ClassLoader->loadClass('App\\\\Http\\\\Contro...')
#3 C:\\Users\\62812\\Documents\\LARAVEL FUNDAMENTAL\\laravel vue ecommerce\\ecommerce\\vendor\\laravel\\framework\\src\\Illuminate\\Routing\\Route.php(1117): is_a('App\\\\Http\\\\Contro...', 'Illuminate\\\\Rout...', true)
#4 C:\\Users\\62812\\Documents\\LARAVEL FUNDAMENTAL\\laravel vue ecommerce\\ecommerce\\vendor\\laravel\\framework\\src\\Illuminate\\Routing\\Route.php(1054): Illuminate\\Routing\\Route->controllerMiddleware()
#5 C:\\Users\\62812\\Documents\\LARAVEL FUNDAMENTAL\\laravel vue ecommerce\\ecommerce\\vendor\\laravel\\framework\\src\\Illuminate\\Routing\\Router.php(820): Illuminate\\Routing\\Route->gatherMiddleware()
#6 C:\\Users\\62812\\Documents\\LARAVEL FUNDAMENTAL\\laravel vue ecommerce\\ecommerce\\vendor\\laravel\\framework\\src\\Illuminate\\Routing\\Router.php(802): Illuminate\\Routing\\Router->gatherRouteMiddleware(Object(Illuminate\\Routing\\Route))
#7 C:\\Users\\62812\\Documents\\LARAVEL FUNDAMENTAL\\laravel vue ecommerce\\ecommerce\\vendor\\laravel\\framework\\src\\Illuminate\\Routing\\Router.php(786): Illuminate\\Routing\\Router->runRouteWithinStack(Object(Illuminate\\Routing\\Route), Object(Illuminate\\Http\\Request))
#8 C:\\Users\\62812\\Documents\\LARAVEL FUNDAMENTAL\\laravel vue ecommerce\\ecommerce\\vendor\\laravel\\framework\\src\\Illuminate\\Routing\\Router.php(750): Illuminate\\Routing\\Router->runRoute(Object(Illuminate\\Http\\Request), Object(Illuminate\\Routing\\Route))
#9 C:\\Users\\62812\\Documents\\LARAVEL FUNDAMENTAL\\laravel vue ecommerce\\ecommerce\\vendor\\laravel\\framework\\src\\Illuminate\\Routing\\Router.php(739): Illuminate\\Routing\\Router->dispatchToRoute(Object(Illuminate\\Http\\Request))
#10 C:\\Users\\62812\\Documents\\LARAVEL FUNDAMENTAL\\laravel vue ecommerce\\ecommerce\\vendor\\laravel\\framework\\src\\Illuminate\\Foundation\\Http\\Kernel.php(201): Illuminate\\Routing\\Router->dispatch(Object(Illuminate\\Http\\Request))
#11 C:\\Users\\62812\\Documents\\LARAVEL FUNDAMENTAL\\laravel vue ecommerce\\ecommerce\\vendor\\laravel\\framework\\src\\Illuminate\\Pipeline\\Pipeline.php(170): Illuminate\\Foundation\\Http\\Kernel->Illuminate\\Foundation\\Http\\{closure}(Object(Illuminate\\Http\\Request))
#12 C:\\Users\\62812\\Documents\\LARAVEL FUNDAMENTAL\\laravel vue ecommerce\\ecommerce\\vendor\\laravel\\framework\\src\\Illuminate\\Foundation\\Http\\Middleware\\TransformsRequest.php(21): Illuminate\\Pipeline\\Pipeline->Illuminate\\Pipeline\\{closure}(Object(Illuminate\\Http\\Request))
#13 C:\\Users\\62812\\Documents\\LARAVEL FUNDAMENTAL\\laravel vue ecommerce\\ecommerce\\vendor\\laravel\\framework\\src\\Illuminate\\Foundation\\Http\\Middleware\\ConvertEmptyStringsToNull.php(31): Illuminate\\Foundation\\Http\\Middleware\\TransformsRequest->handle(Object(Illuminate\\Http\\Request), Object(Closure))
#14 C:\\Users\\62812\\Documents\\LARAVEL FUNDAMENTAL\\laravel vue ecommerce\\ecommerce\\vendor\\laravel\\framework\\src\\Illuminate\\Pipeline\\Pipeline.php(209): Illuminate\\Foundation\\Http\\Middleware\\ConvertEmptyStringsToNull->handle(Object(Illuminate\\Http\\Request), Object(Closure))
#15 C:\\Users\\62812\\Documents\\LARAVEL FUNDAMENTAL\\laravel vue ecommerce\\ecommerce\\vendor\\laravel\\framework\\src\\Illuminate\\Foundation\\Http\\Middleware\\TransformsRequest.php(21): Illuminate\\Pipeline\\Pipeline->Illuminate\\Pipeline\\{closure}(Object(Illuminate\\Http\\Request))
#16 C:\\Users\\62812\\Documents\\LARAVEL FUNDAMENTAL\\laravel vue ecommerce\\ecommerce\\vendor\\laravel\\framework\\src\\Illuminate\\Foundation\\Http\\Middleware\\TrimStrings.php(51): Illuminate\\Foundation\\Http\\Middleware\\TransformsRequest->handle(Object(Illuminate\\Http\\Request), Object(Closure))
#17 C:\\Users\\62812\\Documents\\LARAVEL FUNDAMENTAL\\laravel vue ecommerce\\ecommerce\\vendor\\laravel\\framework\\src\\Illuminate\\Pipeline\\Pipeline.php(209): Illuminate\\Foundation\\Http\\Middleware\\TrimStrings->handle(Object(Illuminate\\Http\\Request), Object(Closure))
#18 C:\\Users\\62812\\Documents\\LARAVEL FUNDAMENTAL\\laravel vue ecommerce\\ecommerce\\vendor\\laravel\\framework\\src\\Illuminate\\Http\\Middleware\\ValidatePostSize.php(27): Illuminate\\Pipeline\\Pipeline->Illuminate\\Pipeline\\{closure}(Object(Illuminate\\Http\\Request))
#19 C:\\Users\\62812\\Documents\\LARAVEL FUNDAMENTAL\\laravel vue ecommerce\\ecommerce\\vendor\\laravel\\framework\\src\\Illuminate\\Pipeline\\Pipeline.php(209): Illuminate\\Http\\Middleware\\ValidatePostSize->handle(Object(Illuminate\\Http\\Request), Object(Closure))
#20 C:\\Users\\62812\\Documents\\LARAVEL FUNDAMENTAL\\laravel vue ecommerce\\ecommerce\\vendor\\laravel\\framework\\src\\Illuminate\\Foundation\\Http\\Middleware\\PreventRequestsDuringMaintenance.php(110): Illuminate\\Pipeline\\Pipeline->Illuminate\\Pipeline\\{closure}(Object(Illuminate\\Http\\Request))
#21 C:\\Users\\62812\\Documents\\LARAVEL FUNDAMENTAL\\laravel vue ecommerce\\ecommerce\\vendor\\laravel\\framework\\src\\Illuminate\\Pipeline\\Pipeline.php(209): Illuminate\\Foundation\\Http\\Middleware\\PreventRequestsDuringMaintenance->handle(Object(Illuminate\\Http\\Request), Object(Closure))
#22 C:\\Users\\62812\\Documents\\LARAVEL FUNDAMENTAL\\laravel vue ecommerce\\ecommerce\\vendor\\laravel\\framework\\src\\Illuminate\\Http\\Middleware\\HandleCors.php(62): Illuminate\\Pipeline\\Pipeline->Illuminate\\Pipeline\\{closure}(Object(Illuminate\\Http\\Request))
#23 C:\\Users\\62812\\Documents\\LARAVEL FUNDAMENTAL\\laravel vue ecommerce\\ecommerce\\vendor\\laravel\\framework\\src\\Illuminate\\Pipeline\\Pipeline.php(209): Illuminate\\Http\\Middleware\\HandleCors->handle(Object(Illuminate\\Http\\Request), Object(Closure))
#24 C:\\Users\\62812\\Documents\\LARAVEL FUNDAMENTAL\\laravel vue ecommerce\\ecommerce\\vendor\\laravel\\framework\\src\\Illuminate\\Http\\Middleware\\TrustProxies.php(58): Illuminate\\Pipeline\\Pipeline->Illuminate\\Pipeline\\{closure}(Object(Illuminate\\Http\\Request))
#25 C:\\Users\\62812\\Documents\\LARAVEL FUNDAMENTAL\\laravel vue ecommerce\\ecommerce\\vendor\\laravel\\framework\\src\\Illuminate\\Pipeline\\Pipeline.php(209): Illuminate\\Http\\Middleware\\TrustProxies->handle(Object(Illuminate\\Http\\Request), Object(Closure))
#26 C:\\Users\\62812\\Documents\\LARAVEL FUNDAMENTAL\\laravel vue ecommerce\\ecommerce\\vendor\\laravel\\framework\\src\\Illuminate\\Foundation\\Http\\Middleware\\InvokeDeferredCallbacks.php(22): Illuminate\\Pipeline\\Pipeline->Illuminate\\Pipeline\\{closure}(Object(Illuminate\\Http\\Request))
#27 C:\\Users\\62812\\Documents\\LARAVEL FUNDAMENTAL\\laravel vue ecommerce\\ecommerce\\vendor\\laravel\\framework\\src\\Illuminate\\Pipeline\\Pipeline.php(209): Illuminate\\Foundation\\Http\\Middleware\\InvokeDeferredCallbacks->handle(Object(Illuminate\\Http\\Request), Object(Closure))
#28 C:\\Users\\62812\\Documents\\LARAVEL FUNDAMENTAL\\laravel vue ecommerce\\ecommerce\\vendor\\laravel\\framework\\src\\Illuminate\\Pipeline\\Pipeline.php(127): Illuminate\\Pipeline\\Pipeline->Illuminate\\Pipeline\\{closure}(Object(Illuminate\\Http\\Request))
#29 C:\\Users\\62812\\Documents\\LARAVEL FUNDAMENTAL\\laravel vue ecommerce\\ecommerce\\vendor\\laravel\\framework\\src\\Illuminate\\Foundation\\Http\\Kernel.php(176): Illuminate\\Pipeline\\Pipeline->then(Object(Closure))
#30 C:\\Users\\62812\\Documents\\LARAVEL FUNDAMENTAL\\laravel vue ecommerce\\ecommerce\\vendor\\laravel\\framework\\src\\Illuminate\\Foundation\\Http\\Kernel.php(145): Illuminate\\Foundation\\Http\\Kernel->sendRequestThroughRouter(Object(Illuminate\\Http\\Request))
#31 C:\\Users\\62812\\Documents\\LARAVEL FUNDAMENTAL\\laravel vue ecommerce\\ecommerce\\vendor\\laravel\\framework\\src\\Illuminate\\Foundation\\Application.php(1220): Illuminate\\Foundation\\Http\\Kernel->handle(Object(Illuminate\\Http\\Request))
#32 C:\\Users\\62812\\Documents\\LARAVEL FUNDAMENTAL\\laravel vue ecommerce\\ecommerce\\public\\index.php(17): Illuminate\\Foundation\\Application->handleRequest(Object(Illuminate\\Http\\Request))
#33 C:\\Users\\62812\\Documents\\LARAVEL FUNDAMENTAL\\laravel vue ecommerce\\ecommerce\\vendor\\laravel\\framework\\src\\Illuminate\\Foundation\\resources\\server.php(23): require_once('C:\\\\Users\\\\62812\\\\...')
#34 {main}
"} 
[2025-09-16 03:50:03] local.ERROR: Class "App\Http\Controllers\Api\Controller" not found {"exception":"[object] (Error(code: 0): Class \"App\\Http\\Controllers\\Api\\Controller\" not found at C:\\Users\\62812\\Documents\\LARAVEL FUNDAMENTAL\\laravel vue ecommerce\\ecommerce\\app\\Http\\Controllers\\Api\\AuthController.php:11)
[stacktrace]
#0 C:\\Users\\62812\\Documents\\LARAVEL FUNDAMENTAL\\laravel vue ecommerce\\ecommerce\\vendor\\composer\\ClassLoader.php(576): include()
#1 C:\\Users\\62812\\Documents\\LARAVEL FUNDAMENTAL\\laravel vue ecommerce\\ecommerce\\vendor\\composer\\ClassLoader.php(427): Composer\\Autoload\\{closure}('C:\\\\Users\\\\62812\\\\...')
#2 [internal function]: Composer\\Autoload\\ClassLoader->loadClass('App\\\\Http\\\\Contro...')
#3 C:\\Users\\62812\\Documents\\LARAVEL FUNDAMENTAL\\laravel vue ecommerce\\ecommerce\\vendor\\laravel\\framework\\src\\Illuminate\\Routing\\Route.php(1117): is_a('App\\\\Http\\\\Contro...', 'Illuminate\\\\Rout...', true)
#4 C:\\Users\\62812\\Documents\\LARAVEL FUNDAMENTAL\\laravel vue ecommerce\\ecommerce\\vendor\\laravel\\framework\\src\\Illuminate\\Routing\\Route.php(1054): Illuminate\\Routing\\Route->controllerMiddleware()
#5 C:\\Users\\62812\\Documents\\LARAVEL FUNDAMENTAL\\laravel vue ecommerce\\ecommerce\\vendor\\laravel\\framework\\src\\Illuminate\\Routing\\Router.php(820): Illuminate\\Routing\\Route->gatherMiddleware()
#6 C:\\Users\\62812\\Documents\\LARAVEL FUNDAMENTAL\\laravel vue ecommerce\\ecommerce\\vendor\\laravel\\framework\\src\\Illuminate\\Routing\\Router.php(802): Illuminate\\Routing\\Router->gatherRouteMiddleware(Object(Illuminate\\Routing\\Route))
#7 C:\\Users\\62812\\Documents\\LARAVEL FUNDAMENTAL\\laravel vue ecommerce\\ecommerce\\vendor\\laravel\\framework\\src\\Illuminate\\Routing\\Router.php(786): Illuminate\\Routing\\Router->runRouteWithinStack(Object(Illuminate\\Routing\\Route), Object(Illuminate\\Http\\Request))
#8 C:\\Users\\62812\\Documents\\LARAVEL FUNDAMENTAL\\laravel vue ecommerce\\ecommerce\\vendor\\laravel\\framework\\src\\Illuminate\\Routing\\Router.php(750): Illuminate\\Routing\\Router->runRoute(Object(Illuminate\\Http\\Request), Object(Illuminate\\Routing\\Route))
#9 C:\\Users\\62812\\Documents\\LARAVEL FUNDAMENTAL\\laravel vue ecommerce\\ecommerce\\vendor\\laravel\\framework\\src\\Illuminate\\Routing\\Router.php(739): Illuminate\\Routing\\Router->dispatchToRoute(Object(Illuminate\\Http\\Request))
#10 C:\\Users\\62812\\Documents\\LARAVEL FUNDAMENTAL\\laravel vue ecommerce\\ecommerce\\vendor\\laravel\\framework\\src\\Illuminate\\Foundation\\Http\\Kernel.php(201): Illuminate\\Routing\\Router->dispatch(Object(Illuminate\\Http\\Request))
#11 C:\\Users\\62812\\Documents\\LARAVEL FUNDAMENTAL\\laravel vue ecommerce\\ecommerce\\vendor\\laravel\\framework\\src\\Illuminate\\Pipeline\\Pipeline.php(170): Illuminate\\Foundation\\Http\\Kernel->Illuminate\\Foundation\\Http\\{closure}(Object(Illuminate\\Http\\Request))
#12 C:\\Users\\62812\\Documents\\LARAVEL FUNDAMENTAL\\laravel vue ecommerce\\ecommerce\\vendor\\laravel\\framework\\src\\Illuminate\\Foundation\\Http\\Middleware\\TransformsRequest.php(21): Illuminate\\Pipeline\\Pipeline->Illuminate\\Pipeline\\{closure}(Object(Illuminate\\Http\\Request))
#13 C:\\Users\\62812\\Documents\\LARAVEL FUNDAMENTAL\\laravel vue ecommerce\\ecommerce\\vendor\\laravel\\framework\\src\\Illuminate\\Foundation\\Http\\Middleware\\ConvertEmptyStringsToNull.php(31): Illuminate\\Foundation\\Http\\Middleware\\TransformsRequest->handle(Object(Illuminate\\Http\\Request), Object(Closure))
#14 C:\\Users\\62812\\Documents\\LARAVEL FUNDAMENTAL\\laravel vue ecommerce\\ecommerce\\vendor\\laravel\\framework\\src\\Illuminate\\Pipeline\\Pipeline.php(209): Illuminate\\Foundation\\Http\\Middleware\\ConvertEmptyStringsToNull->handle(Object(Illuminate\\Http\\Request), Object(Closure))
#15 C:\\Users\\62812\\Documents\\LARAVEL FUNDAMENTAL\\laravel vue ecommerce\\ecommerce\\vendor\\laravel\\framework\\src\\Illuminate\\Foundation\\Http\\Middleware\\TransformsRequest.php(21): Illuminate\\Pipeline\\Pipeline->Illuminate\\Pipeline\\{closure}(Object(Illuminate\\Http\\Request))
#16 C:\\Users\\62812\\Documents\\LARAVEL FUNDAMENTAL\\laravel vue ecommerce\\ecommerce\\vendor\\laravel\\framework\\src\\Illuminate\\Foundation\\Http\\Middleware\\TrimStrings.php(51): Illuminate\\Foundation\\Http\\Middleware\\TransformsRequest->handle(Object(Illuminate\\Http\\Request), Object(Closure))
#17 C:\\Users\\62812\\Documents\\LARAVEL FUNDAMENTAL\\laravel vue ecommerce\\ecommerce\\vendor\\laravel\\framework\\src\\Illuminate\\Pipeline\\Pipeline.php(209): Illuminate\\Foundation\\Http\\Middleware\\TrimStrings->handle(Object(Illuminate\\Http\\Request), Object(Closure))
#18 C:\\Users\\62812\\Documents\\LARAVEL FUNDAMENTAL\\laravel vue ecommerce\\ecommerce\\vendor\\laravel\\framework\\src\\Illuminate\\Http\\Middleware\\ValidatePostSize.php(27): Illuminate\\Pipeline\\Pipeline->Illuminate\\Pipeline\\{closure}(Object(Illuminate\\Http\\Request))
#19 C:\\Users\\62812\\Documents\\LARAVEL FUNDAMENTAL\\laravel vue ecommerce\\ecommerce\\vendor\\laravel\\framework\\src\\Illuminate\\Pipeline\\Pipeline.php(209): Illuminate\\Http\\Middleware\\ValidatePostSize->handle(Object(Illuminate\\Http\\Request), Object(Closure))
#20 C:\\Users\\62812\\Documents\\LARAVEL FUNDAMENTAL\\laravel vue ecommerce\\ecommerce\\vendor\\laravel\\framework\\src\\Illuminate\\Foundation\\Http\\Middleware\\PreventRequestsDuringMaintenance.php(110): Illuminate\\Pipeline\\Pipeline->Illuminate\\Pipeline\\{closure}(Object(Illuminate\\Http\\Request))
#21 C:\\Users\\62812\\Documents\\LARAVEL FUNDAMENTAL\\laravel vue ecommerce\\ecommerce\\vendor\\laravel\\framework\\src\\Illuminate\\Pipeline\\Pipeline.php(209): Illuminate\\Foundation\\Http\\Middleware\\PreventRequestsDuringMaintenance->handle(Object(Illuminate\\Http\\Request), Object(Closure))
#22 C:\\Users\\62812\\Documents\\LARAVEL FUNDAMENTAL\\laravel vue ecommerce\\ecommerce\\vendor\\laravel\\framework\\src\\Illuminate\\Http\\Middleware\\HandleCors.php(62): Illuminate\\Pipeline\\Pipeline->Illuminate\\Pipeline\\{closure}(Object(Illuminate\\Http\\Request))
#23 C:\\Users\\62812\\Documents\\LARAVEL FUNDAMENTAL\\laravel vue ecommerce\\ecommerce\\vendor\\laravel\\framework\\src\\Illuminate\\Pipeline\\Pipeline.php(209): Illuminate\\Http\\Middleware\\HandleCors->handle(Object(Illuminate\\Http\\Request), Object(Closure))
#24 C:\\Users\\62812\\Documents\\LARAVEL FUNDAMENTAL\\laravel vue ecommerce\\ecommerce\\vendor\\laravel\\framework\\src\\Illuminate\\Http\\Middleware\\TrustProxies.php(58): Illuminate\\Pipeline\\Pipeline->Illuminate\\Pipeline\\{closure}(Object(Illuminate\\Http\\Request))
#25 C:\\Users\\62812\\Documents\\LARAVEL FUNDAMENTAL\\laravel vue ecommerce\\ecommerce\\vendor\\laravel\\framework\\src\\Illuminate\\Pipeline\\Pipeline.php(209): Illuminate\\Http\\Middleware\\TrustProxies->handle(Object(Illuminate\\Http\\Request), Object(Closure))
#26 C:\\Users\\62812\\Documents\\LARAVEL FUNDAMENTAL\\laravel vue ecommerce\\ecommerce\\vendor\\laravel\\framework\\src\\Illuminate\\Foundation\\Http\\Middleware\\InvokeDeferredCallbacks.php(22): Illuminate\\Pipeline\\Pipeline->Illuminate\\Pipeline\\{closure}(Object(Illuminate\\Http\\Request))
#27 C:\\Users\\62812\\Documents\\LARAVEL FUNDAMENTAL\\laravel vue ecommerce\\ecommerce\\vendor\\laravel\\framework\\src\\Illuminate\\Pipeline\\Pipeline.php(209): Illuminate\\Foundation\\Http\\Middleware\\InvokeDeferredCallbacks->handle(Object(Illuminate\\Http\\Request), Object(Closure))
#28 C:\\Users\\62812\\Documents\\LARAVEL FUNDAMENTAL\\laravel vue ecommerce\\ecommerce\\vendor\\laravel\\framework\\src\\Illuminate\\Pipeline\\Pipeline.php(127): Illuminate\\Pipeline\\Pipeline->Illuminate\\Pipeline\\{closure}(Object(Illuminate\\Http\\Request))
#29 C:\\Users\\62812\\Documents\\LARAVEL FUNDAMENTAL\\laravel vue ecommerce\\ecommerce\\vendor\\laravel\\framework\\src\\Illuminate\\Foundation\\Http\\Kernel.php(176): Illuminate\\Pipeline\\Pipeline->then(Object(Closure))
#30 C:\\Users\\62812\\Documents\\LARAVEL FUNDAMENTAL\\laravel vue ecommerce\\ecommerce\\vendor\\laravel\\framework\\src\\Illuminate\\Foundation\\Http\\Kernel.php(145): Illuminate\\Foundation\\Http\\Kernel->sendRequestThroughRouter(Object(Illuminate\\Http\\Request))
#31 C:\\Users\\62812\\Documents\\LARAVEL FUNDAMENTAL\\laravel vue ecommerce\\ecommerce\\vendor\\laravel\\framework\\src\\Illuminate\\Foundation\\Application.php(1220): Illuminate\\Foundation\\Http\\Kernel->handle(Object(Illuminate\\Http\\Request))
#32 C:\\Users\\62812\\Documents\\LARAVEL FUNDAMENTAL\\laravel vue ecommerce\\ecommerce\\public\\index.php(17): Illuminate\\Foundation\\Application->handleRequest(Object(Illuminate\\Http\\Request))
#33 C:\\Users\\62812\\Documents\\LARAVEL FUNDAMENTAL\\laravel vue ecommerce\\ecommerce\\vendor\\laravel\\framework\\src\\Illuminate\\Foundation\\resources\\server.php(23): require_once('C:\\\\Users\\\\62812\\\\...')
#34 {main}
"} 
[2025-09-16 04:18:33] local.ERROR: Cannot declare class App\Http\Controllers\AuthController, because the name is already in use {"exception":"[object] (Symfony\\Component\\ErrorHandler\\Error\\FatalError(code: 0): Cannot declare class App\\Http\\Controllers\\AuthController, because the name is already in use at C:\\Users\\62812\\Documents\\LARAVEL FUNDAMENTAL\\laravel vue ecommerce\\ecommerce\\app\\Http\\Controllers\\Api\\AuthController.php:11)
[stacktrace]
#0 {main}
"} 
[2025-09-16 04:29:07] local.ERROR: Class "App\Http\Controllers\Api\Controller" not found {"exception":"[object] (Error(code: 0): Class \"App\\Http\\Controllers\\Api\\Controller\" not found at C:\\Users\\62812\\Documents\\LARAVEL FUNDAMENTAL\\laravel vue ecommerce\\ecommerce\\app\\Http\\Controllers\\Api\\AuthController.php:11)
[stacktrace]
#0 C:\\Users\\62812\\Documents\\LARAVEL FUNDAMENTAL\\laravel vue ecommerce\\ecommerce\\vendor\\composer\\ClassLoader.php(576): include()
#1 C:\\Users\\62812\\Documents\\LARAVEL FUNDAMENTAL\\laravel vue ecommerce\\ecommerce\\vendor\\composer\\ClassLoader.php(427): Composer\\Autoload\\{closure}('C:\\\\Users\\\\62812\\\\...')
#2 [internal function]: Composer\\Autoload\\ClassLoader->loadClass('App\\\\Http\\\\Contro...')
#3 C:\\Users\\62812\\Documents\\LARAVEL FUNDAMENTAL\\laravel vue ecommerce\\ecommerce\\vendor\\laravel\\framework\\src\\Illuminate\\Routing\\Route.php(1117): is_a('App\\\\Http\\\\Contro...', 'Illuminate\\\\Rout...', true)
#4 C:\\Users\\62812\\Documents\\LARAVEL FUNDAMENTAL\\laravel vue ecommerce\\ecommerce\\vendor\\laravel\\framework\\src\\Illuminate\\Routing\\Route.php(1054): Illuminate\\Routing\\Route->controllerMiddleware()
#5 C:\\Users\\62812\\Documents\\LARAVEL FUNDAMENTAL\\laravel vue ecommerce\\ecommerce\\vendor\\laravel\\framework\\src\\Illuminate\\Routing\\Router.php(820): Illuminate\\Routing\\Route->gatherMiddleware()
#6 C:\\Users\\62812\\Documents\\LARAVEL FUNDAMENTAL\\laravel vue ecommerce\\ecommerce\\vendor\\laravel\\framework\\src\\Illuminate\\Routing\\Router.php(802): Illuminate\\Routing\\Router->gatherRouteMiddleware(Object(Illuminate\\Routing\\Route))
#7 C:\\Users\\62812\\Documents\\LARAVEL FUNDAMENTAL\\laravel vue ecommerce\\ecommerce\\vendor\\laravel\\framework\\src\\Illuminate\\Routing\\Router.php(786): Illuminate\\Routing\\Router->runRouteWithinStack(Object(Illuminate\\Routing\\Route), Object(Illuminate\\Http\\Request))
#8 C:\\Users\\62812\\Documents\\LARAVEL FUNDAMENTAL\\laravel vue ecommerce\\ecommerce\\vendor\\laravel\\framework\\src\\Illuminate\\Routing\\Router.php(750): Illuminate\\Routing\\Router->runRoute(Object(Illuminate\\Http\\Request), Object(Illuminate\\Routing\\Route))
#9 C:\\Users\\62812\\Documents\\LARAVEL FUNDAMENTAL\\laravel vue ecommerce\\ecommerce\\vendor\\laravel\\framework\\src\\Illuminate\\Routing\\Router.php(739): Illuminate\\Routing\\Router->dispatchToRoute(Object(Illuminate\\Http\\Request))
#10 C:\\Users\\62812\\Documents\\LARAVEL FUNDAMENTAL\\laravel vue ecommerce\\ecommerce\\vendor\\laravel\\framework\\src\\Illuminate\\Foundation\\Http\\Kernel.php(201): Illuminate\\Routing\\Router->dispatch(Object(Illuminate\\Http\\Request))
#11 C:\\Users\\62812\\Documents\\LARAVEL FUNDAMENTAL\\laravel vue ecommerce\\ecommerce\\vendor\\laravel\\framework\\src\\Illuminate\\Pipeline\\Pipeline.php(170): Illuminate\\Foundation\\Http\\Kernel->Illuminate\\Foundation\\Http\\{closure}(Object(Illuminate\\Http\\Request))
#12 C:\\Users\\62812\\Documents\\LARAVEL FUNDAMENTAL\\laravel vue ecommerce\\ecommerce\\vendor\\laravel\\framework\\src\\Illuminate\\Foundation\\Http\\Middleware\\TransformsRequest.php(21): Illuminate\\Pipeline\\Pipeline->Illuminate\\Pipeline\\{closure}(Object(Illuminate\\Http\\Request))
#13 C:\\Users\\62812\\Documents\\LARAVEL FUNDAMENTAL\\laravel vue ecommerce\\ecommerce\\vendor\\laravel\\framework\\src\\Illuminate\\Foundation\\Http\\Middleware\\ConvertEmptyStringsToNull.php(31): Illuminate\\Foundation\\Http\\Middleware\\TransformsRequest->handle(Object(Illuminate\\Http\\Request), Object(Closure))
#14 C:\\Users\\62812\\Documents\\LARAVEL FUNDAMENTAL\\laravel vue ecommerce\\ecommerce\\vendor\\laravel\\framework\\src\\Illuminate\\Pipeline\\Pipeline.php(209): Illuminate\\Foundation\\Http\\Middleware\\ConvertEmptyStringsToNull->handle(Object(Illuminate\\Http\\Request), Object(Closure))
#15 C:\\Users\\62812\\Documents\\LARAVEL FUNDAMENTAL\\laravel vue ecommerce\\ecommerce\\vendor\\laravel\\framework\\src\\Illuminate\\Foundation\\Http\\Middleware\\TransformsRequest.php(21): Illuminate\\Pipeline\\Pipeline->Illuminate\\Pipeline\\{closure}(Object(Illuminate\\Http\\Request))
#16 C:\\Users\\62812\\Documents\\LARAVEL FUNDAMENTAL\\laravel vue ecommerce\\ecommerce\\vendor\\laravel\\framework\\src\\Illuminate\\Foundation\\Http\\Middleware\\TrimStrings.php(51): Illuminate\\Foundation\\Http\\Middleware\\TransformsRequest->handle(Object(Illuminate\\Http\\Request), Object(Closure))
#17 C:\\Users\\62812\\Documents\\LARAVEL FUNDAMENTAL\\laravel vue ecommerce\\ecommerce\\vendor\\laravel\\framework\\src\\Illuminate\\Pipeline\\Pipeline.php(209): Illuminate\\Foundation\\Http\\Middleware\\TrimStrings->handle(Object(Illuminate\\Http\\Request), Object(Closure))
#18 C:\\Users\\62812\\Documents\\LARAVEL FUNDAMENTAL\\laravel vue ecommerce\\ecommerce\\vendor\\laravel\\framework\\src\\Illuminate\\Http\\Middleware\\ValidatePostSize.php(27): Illuminate\\Pipeline\\Pipeline->Illuminate\\Pipeline\\{closure}(Object(Illuminate\\Http\\Request))
#19 C:\\Users\\62812\\Documents\\LARAVEL FUNDAMENTAL\\laravel vue ecommerce\\ecommerce\\vendor\\laravel\\framework\\src\\Illuminate\\Pipeline\\Pipeline.php(209): Illuminate\\Http\\Middleware\\ValidatePostSize->handle(Object(Illuminate\\Http\\Request), Object(Closure))
#20 C:\\Users\\62812\\Documents\\LARAVEL FUNDAMENTAL\\laravel vue ecommerce\\ecommerce\\vendor\\laravel\\framework\\src\\Illuminate\\Foundation\\Http\\Middleware\\PreventRequestsDuringMaintenance.php(110): Illuminate\\Pipeline\\Pipeline->Illuminate\\Pipeline\\{closure}(Object(Illuminate\\Http\\Request))
#21 C:\\Users\\62812\\Documents\\LARAVEL FUNDAMENTAL\\laravel vue ecommerce\\ecommerce\\vendor\\laravel\\framework\\src\\Illuminate\\Pipeline\\Pipeline.php(209): Illuminate\\Foundation\\Http\\Middleware\\PreventRequestsDuringMaintenance->handle(Object(Illuminate\\Http\\Request), Object(Closure))
#22 C:\\Users\\62812\\Documents\\LARAVEL FUNDAMENTAL\\laravel vue ecommerce\\ecommerce\\vendor\\laravel\\framework\\src\\Illuminate\\Http\\Middleware\\HandleCors.php(62): Illuminate\\Pipeline\\Pipeline->Illuminate\\Pipeline\\{closure}(Object(Illuminate\\Http\\Request))
#23 C:\\Users\\62812\\Documents\\LARAVEL FUNDAMENTAL\\laravel vue ecommerce\\ecommerce\\vendor\\laravel\\framework\\src\\Illuminate\\Pipeline\\Pipeline.php(209): Illuminate\\Http\\Middleware\\HandleCors->handle(Object(Illuminate\\Http\\Request), Object(Closure))
#24 C:\\Users\\62812\\Documents\\LARAVEL FUNDAMENTAL\\laravel vue ecommerce\\ecommerce\\vendor\\laravel\\framework\\src\\Illuminate\\Http\\Middleware\\TrustProxies.php(58): Illuminate\\Pipeline\\Pipeline->Illuminate\\Pipeline\\{closure}(Object(Illuminate\\Http\\Request))
#25 C:\\Users\\62812\\Documents\\LARAVEL FUNDAMENTAL\\laravel vue ecommerce\\ecommerce\\vendor\\laravel\\framework\\src\\Illuminate\\Pipeline\\Pipeline.php(209): Illuminate\\Http\\Middleware\\TrustProxies->handle(Object(Illuminate\\Http\\Request), Object(Closure))
#26 C:\\Users\\62812\\Documents\\LARAVEL FUNDAMENTAL\\laravel vue ecommerce\\ecommerce\\vendor\\laravel\\framework\\src\\Illuminate\\Foundation\\Http\\Middleware\\InvokeDeferredCallbacks.php(22): Illuminate\\Pipeline\\Pipeline->Illuminate\\Pipeline\\{closure}(Object(Illuminate\\Http\\Request))
#27 C:\\Users\\62812\\Documents\\LARAVEL FUNDAMENTAL\\laravel vue ecommerce\\ecommerce\\vendor\\laravel\\framework\\src\\Illuminate\\Pipeline\\Pipeline.php(209): Illuminate\\Foundation\\Http\\Middleware\\InvokeDeferredCallbacks->handle(Object(Illuminate\\Http\\Request), Object(Closure))
#28 C:\\Users\\62812\\Documents\\LARAVEL FUNDAMENTAL\\laravel vue ecommerce\\ecommerce\\vendor\\laravel\\framework\\src\\Illuminate\\Pipeline\\Pipeline.php(127): Illuminate\\Pipeline\\Pipeline->Illuminate\\Pipeline\\{closure}(Object(Illuminate\\Http\\Request))
#29 C:\\Users\\62812\\Documents\\LARAVEL FUNDAMENTAL\\laravel vue ecommerce\\ecommerce\\vendor\\laravel\\framework\\src\\Illuminate\\Foundation\\Http\\Kernel.php(176): Illuminate\\Pipeline\\Pipeline->then(Object(Closure))
#30 C:\\Users\\62812\\Documents\\LARAVEL FUNDAMENTAL\\laravel vue ecommerce\\ecommerce\\vendor\\laravel\\framework\\src\\Illuminate\\Foundation\\Http\\Kernel.php(145): Illuminate\\Foundation\\Http\\Kernel->sendRequestThroughRouter(Object(Illuminate\\Http\\Request))
#31 C:\\Users\\62812\\Documents\\LARAVEL FUNDAMENTAL\\laravel vue ecommerce\\ecommerce\\vendor\\laravel\\framework\\src\\Illuminate\\Foundation\\Application.php(1220): Illuminate\\Foundation\\Http\\Kernel->handle(Object(Illuminate\\Http\\Request))
#32 C:\\Users\\62812\\Documents\\LARAVEL FUNDAMENTAL\\laravel vue ecommerce\\ecommerce\\public\\index.php(17): Illuminate\\Foundation\\Application->handleRequest(Object(Illuminate\\Http\\Request))
#33 C:\\Users\\62812\\Documents\\LARAVEL FUNDAMENTAL\\laravel vue ecommerce\\ecommerce\\vendor\\laravel\\framework\\src\\Illuminate\\Foundation\\resources\\server.php(23): require_once('C:\\\\Users\\\\62812\\\\...')
#34 {main}
"} 
[2025-09-16 04:29:16] local.ERROR: Class "App\Http\Controllers\Api\Controller" not found {"exception":"[object] (Error(code: 0): Class \"App\\Http\\Controllers\\Api\\Controller\" not found at C:\\Users\\62812\\Documents\\LARAVEL FUNDAMENTAL\\laravel vue ecommerce\\ecommerce\\app\\Http\\Controllers\\Api\\AuthController.php:11)
[stacktrace]
#0 C:\\Users\\62812\\Documents\\LARAVEL FUNDAMENTAL\\laravel vue ecommerce\\ecommerce\\vendor\\composer\\ClassLoader.php(576): include()
#1 C:\\Users\\62812\\Documents\\LARAVEL FUNDAMENTAL\\laravel vue ecommerce\\ecommerce\\vendor\\composer\\ClassLoader.php(427): Composer\\Autoload\\{closure}('C:\\\\Users\\\\62812\\\\...')
#2 [internal function]: Composer\\Autoload\\ClassLoader->loadClass('App\\\\Http\\\\Contro...')
#3 C:\\Users\\62812\\Documents\\LARAVEL FUNDAMENTAL\\laravel vue ecommerce\\ecommerce\\vendor\\laravel\\framework\\src\\Illuminate\\Routing\\Route.php(1117): is_a('App\\\\Http\\\\Contro...', 'Illuminate\\\\Rout...', true)
#4 C:\\Users\\62812\\Documents\\LARAVEL FUNDAMENTAL\\laravel vue ecommerce\\ecommerce\\vendor\\laravel\\framework\\src\\Illuminate\\Routing\\Route.php(1054): Illuminate\\Routing\\Route->controllerMiddleware()
#5 C:\\Users\\62812\\Documents\\LARAVEL FUNDAMENTAL\\laravel vue ecommerce\\ecommerce\\vendor\\laravel\\framework\\src\\Illuminate\\Routing\\Router.php(820): Illuminate\\Routing\\Route->gatherMiddleware()
#6 C:\\Users\\62812\\Documents\\LARAVEL FUNDAMENTAL\\laravel vue ecommerce\\ecommerce\\vendor\\laravel\\framework\\src\\Illuminate\\Routing\\Router.php(802): Illuminate\\Routing\\Router->gatherRouteMiddleware(Object(Illuminate\\Routing\\Route))
#7 C:\\Users\\62812\\Documents\\LARAVEL FUNDAMENTAL\\laravel vue ecommerce\\ecommerce\\vendor\\laravel\\framework\\src\\Illuminate\\Routing\\Router.php(786): Illuminate\\Routing\\Router->runRouteWithinStack(Object(Illuminate\\Routing\\Route), Object(Illuminate\\Http\\Request))
#8 C:\\Users\\62812\\Documents\\LARAVEL FUNDAMENTAL\\laravel vue ecommerce\\ecommerce\\vendor\\laravel\\framework\\src\\Illuminate\\Routing\\Router.php(750): Illuminate\\Routing\\Router->runRoute(Object(Illuminate\\Http\\Request), Object(Illuminate\\Routing\\Route))
#9 C:\\Users\\62812\\Documents\\LARAVEL FUNDAMENTAL\\laravel vue ecommerce\\ecommerce\\vendor\\laravel\\framework\\src\\Illuminate\\Routing\\Router.php(739): Illuminate\\Routing\\Router->dispatchToRoute(Object(Illuminate\\Http\\Request))
#10 C:\\Users\\62812\\Documents\\LARAVEL FUNDAMENTAL\\laravel vue ecommerce\\ecommerce\\vendor\\laravel\\framework\\src\\Illuminate\\Foundation\\Http\\Kernel.php(201): Illuminate\\Routing\\Router->dispatch(Object(Illuminate\\Http\\Request))
#11 C:\\Users\\62812\\Documents\\LARAVEL FUNDAMENTAL\\laravel vue ecommerce\\ecommerce\\vendor\\laravel\\framework\\src\\Illuminate\\Pipeline\\Pipeline.php(170): Illuminate\\Foundation\\Http\\Kernel->Illuminate\\Foundation\\Http\\{closure}(Object(Illuminate\\Http\\Request))
#12 C:\\Users\\62812\\Documents\\LARAVEL FUNDAMENTAL\\laravel vue ecommerce\\ecommerce\\vendor\\laravel\\framework\\src\\Illuminate\\Foundation\\Http\\Middleware\\TransformsRequest.php(21): Illuminate\\Pipeline\\Pipeline->Illuminate\\Pipeline\\{closure}(Object(Illuminate\\Http\\Request))
#13 C:\\Users\\62812\\Documents\\LARAVEL FUNDAMENTAL\\laravel vue ecommerce\\ecommerce\\vendor\\laravel\\framework\\src\\Illuminate\\Foundation\\Http\\Middleware\\ConvertEmptyStringsToNull.php(31): Illuminate\\Foundation\\Http\\Middleware\\TransformsRequest->handle(Object(Illuminate\\Http\\Request), Object(Closure))
#14 C:\\Users\\62812\\Documents\\LARAVEL FUNDAMENTAL\\laravel vue ecommerce\\ecommerce\\vendor\\laravel\\framework\\src\\Illuminate\\Pipeline\\Pipeline.php(209): Illuminate\\Foundation\\Http\\Middleware\\ConvertEmptyStringsToNull->handle(Object(Illuminate\\Http\\Request), Object(Closure))
#15 C:\\Users\\62812\\Documents\\LARAVEL FUNDAMENTAL\\laravel vue ecommerce\\ecommerce\\vendor\\laravel\\framework\\src\\Illuminate\\Foundation\\Http\\Middleware\\TransformsRequest.php(21): Illuminate\\Pipeline\\Pipeline->Illuminate\\Pipeline\\{closure}(Object(Illuminate\\Http\\Request))
#16 C:\\Users\\62812\\Documents\\LARAVEL FUNDAMENTAL\\laravel vue ecommerce\\ecommerce\\vendor\\laravel\\framework\\src\\Illuminate\\Foundation\\Http\\Middleware\\TrimStrings.php(51): Illuminate\\Foundation\\Http\\Middleware\\TransformsRequest->handle(Object(Illuminate\\Http\\Request), Object(Closure))
#17 C:\\Users\\62812\\Documents\\LARAVEL FUNDAMENTAL\\laravel vue ecommerce\\ecommerce\\vendor\\laravel\\framework\\src\\Illuminate\\Pipeline\\Pipeline.php(209): Illuminate\\Foundation\\Http\\Middleware\\TrimStrings->handle(Object(Illuminate\\Http\\Request), Object(Closure))
#18 C:\\Users\\62812\\Documents\\LARAVEL FUNDAMENTAL\\laravel vue ecommerce\\ecommerce\\vendor\\laravel\\framework\\src\\Illuminate\\Http\\Middleware\\ValidatePostSize.php(27): Illuminate\\Pipeline\\Pipeline->Illuminate\\Pipeline\\{closure}(Object(Illuminate\\Http\\Request))
#19 C:\\Users\\62812\\Documents\\LARAVEL FUNDAMENTAL\\laravel vue ecommerce\\ecommerce\\vendor\\laravel\\framework\\src\\Illuminate\\Pipeline\\Pipeline.php(209): Illuminate\\Http\\Middleware\\ValidatePostSize->handle(Object(Illuminate\\Http\\Request), Object(Closure))
#20 C:\\Users\\62812\\Documents\\LARAVEL FUNDAMENTAL\\laravel vue ecommerce\\ecommerce\\vendor\\laravel\\framework\\src\\Illuminate\\Foundation\\Http\\Middleware\\PreventRequestsDuringMaintenance.php(110): Illuminate\\Pipeline\\Pipeline->Illuminate\\Pipeline\\{closure}(Object(Illuminate\\Http\\Request))
#21 C:\\Users\\62812\\Documents\\LARAVEL FUNDAMENTAL\\laravel vue ecommerce\\ecommerce\\vendor\\laravel\\framework\\src\\Illuminate\\Pipeline\\Pipeline.php(209): Illuminate\\Foundation\\Http\\Middleware\\PreventRequestsDuringMaintenance->handle(Object(Illuminate\\Http\\Request), Object(Closure))
#22 C:\\Users\\62812\\Documents\\LARAVEL FUNDAMENTAL\\laravel vue ecommerce\\ecommerce\\vendor\\laravel\\framework\\src\\Illuminate\\Http\\Middleware\\HandleCors.php(62): Illuminate\\Pipeline\\Pipeline->Illuminate\\Pipeline\\{closure}(Object(Illuminate\\Http\\Request))
#23 C:\\Users\\62812\\Documents\\LARAVEL FUNDAMENTAL\\laravel vue ecommerce\\ecommerce\\vendor\\laravel\\framework\\src\\Illuminate\\Pipeline\\Pipeline.php(209): Illuminate\\Http\\Middleware\\HandleCors->handle(Object(Illuminate\\Http\\Request), Object(Closure))
#24 C:\\Users\\62812\\Documents\\LARAVEL FUNDAMENTAL\\laravel vue ecommerce\\ecommerce\\vendor\\laravel\\framework\\src\\Illuminate\\Http\\Middleware\\TrustProxies.php(58): Illuminate\\Pipeline\\Pipeline->Illuminate\\Pipeline\\{closure}(Object(Illuminate\\Http\\Request))
#25 C:\\Users\\62812\\Documents\\LARAVEL FUNDAMENTAL\\laravel vue ecommerce\\ecommerce\\vendor\\laravel\\framework\\src\\Illuminate\\Pipeline\\Pipeline.php(209): Illuminate\\Http\\Middleware\\TrustProxies->handle(Object(Illuminate\\Http\\Request), Object(Closure))
#26 C:\\Users\\62812\\Documents\\LARAVEL FUNDAMENTAL\\laravel vue ecommerce\\ecommerce\\vendor\\laravel\\framework\\src\\Illuminate\\Foundation\\Http\\Middleware\\InvokeDeferredCallbacks.php(22): Illuminate\\Pipeline\\Pipeline->Illuminate\\Pipeline\\{closure}(Object(Illuminate\\Http\\Request))
#27 C:\\Users\\62812\\Documents\\LARAVEL FUNDAMENTAL\\laravel vue ecommerce\\ecommerce\\vendor\\laravel\\framework\\src\\Illuminate\\Pipeline\\Pipeline.php(209): Illuminate\\Foundation\\Http\\Middleware\\InvokeDeferredCallbacks->handle(Object(Illuminate\\Http\\Request), Object(Closure))
#28 C:\\Users\\62812\\Documents\\LARAVEL FUNDAMENTAL\\laravel vue ecommerce\\ecommerce\\vendor\\laravel\\framework\\src\\Illuminate\\Pipeline\\Pipeline.php(127): Illuminate\\Pipeline\\Pipeline->Illuminate\\Pipeline\\{closure}(Object(Illuminate\\Http\\Request))
#29 C:\\Users\\62812\\Documents\\LARAVEL FUNDAMENTAL\\laravel vue ecommerce\\ecommerce\\vendor\\laravel\\framework\\src\\Illuminate\\Foundation\\Http\\Kernel.php(176): Illuminate\\Pipeline\\Pipeline->then(Object(Closure))
#30 C:\\Users\\62812\\Documents\\LARAVEL FUNDAMENTAL\\laravel vue ecommerce\\ecommerce\\vendor\\laravel\\framework\\src\\Illuminate\\Foundation\\Http\\Kernel.php(145): Illuminate\\Foundation\\Http\\Kernel->sendRequestThroughRouter(Object(Illuminate\\Http\\Request))
#31 C:\\Users\\62812\\Documents\\LARAVEL FUNDAMENTAL\\laravel vue ecommerce\\ecommerce\\vendor\\laravel\\framework\\src\\Illuminate\\Foundation\\Application.php(1220): Illuminate\\Foundation\\Http\\Kernel->handle(Object(Illuminate\\Http\\Request))
#32 C:\\Users\\62812\\Documents\\LARAVEL FUNDAMENTAL\\laravel vue ecommerce\\ecommerce\\public\\index.php(17): Illuminate\\Foundation\\Application->handleRequest(Object(Illuminate\\Http\\Request))
#33 C:\\Users\\62812\\Documents\\LARAVEL FUNDAMENTAL\\laravel vue ecommerce\\ecommerce\\vendor\\laravel\\framework\\src\\Illuminate\\Foundation\\resources\\server.php(23): require_once('C:\\\\Users\\\\62812\\\\...')
#34 {main}
"} 
[2025-09-16 04:29:47] local.ERROR: Class "App\Http\Controllers\Api\Controller" not found {"exception":"[object] (Error(code: 0): Class \"App\\Http\\Controllers\\Api\\Controller\" not found at C:\\Users\\62812\\Documents\\LARAVEL FUNDAMENTAL\\laravel vue ecommerce\\ecommerce\\app\\Http\\Controllers\\Api\\AuthController.php:11)
[stacktrace]
#0 C:\\Users\\62812\\Documents\\LARAVEL FUNDAMENTAL\\laravel vue ecommerce\\ecommerce\\vendor\\composer\\ClassLoader.php(576): include()
#1 C:\\Users\\62812\\Documents\\LARAVEL FUNDAMENTAL\\laravel vue ecommerce\\ecommerce\\vendor\\composer\\ClassLoader.php(427): Composer\\Autoload\\{closure}('C:\\\\Users\\\\62812\\\\...')
#2 [internal function]: Composer\\Autoload\\ClassLoader->loadClass('App\\\\Http\\\\Contro...')
#3 C:\\Users\\62812\\Documents\\LARAVEL FUNDAMENTAL\\laravel vue ecommerce\\ecommerce\\vendor\\laravel\\framework\\src\\Illuminate\\Routing\\Route.php(1117): is_a('App\\\\Http\\\\Contro...', 'Illuminate\\\\Rout...', true)
#4 C:\\Users\\62812\\Documents\\LARAVEL FUNDAMENTAL\\laravel vue ecommerce\\ecommerce\\vendor\\laravel\\framework\\src\\Illuminate\\Routing\\Route.php(1054): Illuminate\\Routing\\Route->controllerMiddleware()
#5 C:\\Users\\62812\\Documents\\LARAVEL FUNDAMENTAL\\laravel vue ecommerce\\ecommerce\\vendor\\laravel\\framework\\src\\Illuminate\\Routing\\Router.php(820): Illuminate\\Routing\\Route->gatherMiddleware()
#6 C:\\Users\\62812\\Documents\\LARAVEL FUNDAMENTAL\\laravel vue ecommerce\\ecommerce\\vendor\\laravel\\framework\\src\\Illuminate\\Routing\\Router.php(802): Illuminate\\Routing\\Router->gatherRouteMiddleware(Object(Illuminate\\Routing\\Route))
#7 C:\\Users\\62812\\Documents\\LARAVEL FUNDAMENTAL\\laravel vue ecommerce\\ecommerce\\vendor\\laravel\\framework\\src\\Illuminate\\Routing\\Router.php(786): Illuminate\\Routing\\Router->runRouteWithinStack(Object(Illuminate\\Routing\\Route), Object(Illuminate\\Http\\Request))
#8 C:\\Users\\62812\\Documents\\LARAVEL FUNDAMENTAL\\laravel vue ecommerce\\ecommerce\\vendor\\laravel\\framework\\src\\Illuminate\\Routing\\Router.php(750): Illuminate\\Routing\\Router->runRoute(Object(Illuminate\\Http\\Request), Object(Illuminate\\Routing\\Route))
#9 C:\\Users\\62812\\Documents\\LARAVEL FUNDAMENTAL\\laravel vue ecommerce\\ecommerce\\vendor\\laravel\\framework\\src\\Illuminate\\Routing\\Router.php(739): Illuminate\\Routing\\Router->dispatchToRoute(Object(Illuminate\\Http\\Request))
#10 C:\\Users\\62812\\Documents\\LARAVEL FUNDAMENTAL\\laravel vue ecommerce\\ecommerce\\vendor\\laravel\\framework\\src\\Illuminate\\Foundation\\Http\\Kernel.php(201): Illuminate\\Routing\\Router->dispatch(Object(Illuminate\\Http\\Request))
#11 C:\\Users\\62812\\Documents\\LARAVEL FUNDAMENTAL\\laravel vue ecommerce\\ecommerce\\vendor\\laravel\\framework\\src\\Illuminate\\Pipeline\\Pipeline.php(170): Illuminate\\Foundation\\Http\\Kernel->Illuminate\\Foundation\\Http\\{closure}(Object(Illuminate\\Http\\Request))
#12 C:\\Users\\62812\\Documents\\LARAVEL FUNDAMENTAL\\laravel vue ecommerce\\ecommerce\\vendor\\laravel\\framework\\src\\Illuminate\\Foundation\\Http\\Middleware\\TransformsRequest.php(21): Illuminate\\Pipeline\\Pipeline->Illuminate\\Pipeline\\{closure}(Object(Illuminate\\Http\\Request))
#13 C:\\Users\\62812\\Documents\\LARAVEL FUNDAMENTAL\\laravel vue ecommerce\\ecommerce\\vendor\\laravel\\framework\\src\\Illuminate\\Foundation\\Http\\Middleware\\ConvertEmptyStringsToNull.php(31): Illuminate\\Foundation\\Http\\Middleware\\TransformsRequest->handle(Object(Illuminate\\Http\\Request), Object(Closure))
#14 C:\\Users\\62812\\Documents\\LARAVEL FUNDAMENTAL\\laravel vue ecommerce\\ecommerce\\vendor\\laravel\\framework\\src\\Illuminate\\Pipeline\\Pipeline.php(209): Illuminate\\Foundation\\Http\\Middleware\\ConvertEmptyStringsToNull->handle(Object(Illuminate\\Http\\Request), Object(Closure))
#15 C:\\Users\\62812\\Documents\\LARAVEL FUNDAMENTAL\\laravel vue ecommerce\\ecommerce\\vendor\\laravel\\framework\\src\\Illuminate\\Foundation\\Http\\Middleware\\TransformsRequest.php(21): Illuminate\\Pipeline\\Pipeline->Illuminate\\Pipeline\\{closure}(Object(Illuminate\\Http\\Request))
#16 C:\\Users\\62812\\Documents\\LARAVEL FUNDAMENTAL\\laravel vue ecommerce\\ecommerce\\vendor\\laravel\\framework\\src\\Illuminate\\Foundation\\Http\\Middleware\\TrimStrings.php(51): Illuminate\\Foundation\\Http\\Middleware\\TransformsRequest->handle(Object(Illuminate\\Http\\Request), Object(Closure))
#17 C:\\Users\\62812\\Documents\\LARAVEL FUNDAMENTAL\\laravel vue ecommerce\\ecommerce\\vendor\\laravel\\framework\\src\\Illuminate\\Pipeline\\Pipeline.php(209): Illuminate\\Foundation\\Http\\Middleware\\TrimStrings->handle(Object(Illuminate\\Http\\Request), Object(Closure))
#18 C:\\Users\\62812\\Documents\\LARAVEL FUNDAMENTAL\\laravel vue ecommerce\\ecommerce\\vendor\\laravel\\framework\\src\\Illuminate\\Http\\Middleware\\ValidatePostSize.php(27): Illuminate\\Pipeline\\Pipeline->Illuminate\\Pipeline\\{closure}(Object(Illuminate\\Http\\Request))
#19 C:\\Users\\62812\\Documents\\LARAVEL FUNDAMENTAL\\laravel vue ecommerce\\ecommerce\\vendor\\laravel\\framework\\src\\Illuminate\\Pipeline\\Pipeline.php(209): Illuminate\\Http\\Middleware\\ValidatePostSize->handle(Object(Illuminate\\Http\\Request), Object(Closure))
#20 C:\\Users\\62812\\Documents\\LARAVEL FUNDAMENTAL\\laravel vue ecommerce\\ecommerce\\vendor\\laravel\\framework\\src\\Illuminate\\Foundation\\Http\\Middleware\\PreventRequestsDuringMaintenance.php(110): Illuminate\\Pipeline\\Pipeline->Illuminate\\Pipeline\\{closure}(Object(Illuminate\\Http\\Request))
#21 C:\\Users\\62812\\Documents\\LARAVEL FUNDAMENTAL\\laravel vue ecommerce\\ecommerce\\vendor\\laravel\\framework\\src\\Illuminate\\Pipeline\\Pipeline.php(209): Illuminate\\Foundation\\Http\\Middleware\\PreventRequestsDuringMaintenance->handle(Object(Illuminate\\Http\\Request), Object(Closure))
#22 C:\\Users\\62812\\Documents\\LARAVEL FUNDAMENTAL\\laravel vue ecommerce\\ecommerce\\vendor\\laravel\\framework\\src\\Illuminate\\Http\\Middleware\\HandleCors.php(62): Illuminate\\Pipeline\\Pipeline->Illuminate\\Pipeline\\{closure}(Object(Illuminate\\Http\\Request))
#23 C:\\Users\\62812\\Documents\\LARAVEL FUNDAMENTAL\\laravel vue ecommerce\\ecommerce\\vendor\\laravel\\framework\\src\\Illuminate\\Pipeline\\Pipeline.php(209): Illuminate\\Http\\Middleware\\HandleCors->handle(Object(Illuminate\\Http\\Request), Object(Closure))
#24 C:\\Users\\62812\\Documents\\LARAVEL FUNDAMENTAL\\laravel vue ecommerce\\ecommerce\\vendor\\laravel\\framework\\src\\Illuminate\\Http\\Middleware\\TrustProxies.php(58): Illuminate\\Pipeline\\Pipeline->Illuminate\\Pipeline\\{closure}(Object(Illuminate\\Http\\Request))
#25 C:\\Users\\62812\\Documents\\LARAVEL FUNDAMENTAL\\laravel vue ecommerce\\ecommerce\\vendor\\laravel\\framework\\src\\Illuminate\\Pipeline\\Pipeline.php(209): Illuminate\\Http\\Middleware\\TrustProxies->handle(Object(Illuminate\\Http\\Request), Object(Closure))
#26 C:\\Users\\62812\\Documents\\LARAVEL FUNDAMENTAL\\laravel vue ecommerce\\ecommerce\\vendor\\laravel\\framework\\src\\Illuminate\\Foundation\\Http\\Middleware\\InvokeDeferredCallbacks.php(22): Illuminate\\Pipeline\\Pipeline->Illuminate\\Pipeline\\{closure}(Object(Illuminate\\Http\\Request))
#27 C:\\Users\\62812\\Documents\\LARAVEL FUNDAMENTAL\\laravel vue ecommerce\\ecommerce\\vendor\\laravel\\framework\\src\\Illuminate\\Pipeline\\Pipeline.php(209): Illuminate\\Foundation\\Http\\Middleware\\InvokeDeferredCallbacks->handle(Object(Illuminate\\Http\\Request), Object(Closure))
#28 C:\\Users\\62812\\Documents\\LARAVEL FUNDAMENTAL\\laravel vue ecommerce\\ecommerce\\vendor\\laravel\\framework\\src\\Illuminate\\Pipeline\\Pipeline.php(127): Illuminate\\Pipeline\\Pipeline->Illuminate\\Pipeline\\{closure}(Object(Illuminate\\Http\\Request))
#29 C:\\Users\\62812\\Documents\\LARAVEL FUNDAMENTAL\\laravel vue ecommerce\\ecommerce\\vendor\\laravel\\framework\\src\\Illuminate\\Foundation\\Http\\Kernel.php(176): Illuminate\\Pipeline\\Pipeline->then(Object(Closure))
#30 C:\\Users\\62812\\Documents\\LARAVEL FUNDAMENTAL\\laravel vue ecommerce\\ecommerce\\vendor\\laravel\\framework\\src\\Illuminate\\Foundation\\Http\\Kernel.php(145): Illuminate\\Foundation\\Http\\Kernel->sendRequestThroughRouter(Object(Illuminate\\Http\\Request))
#31 C:\\Users\\62812\\Documents\\LARAVEL FUNDAMENTAL\\laravel vue ecommerce\\ecommerce\\vendor\\laravel\\framework\\src\\Illuminate\\Foundation\\Application.php(1220): Illuminate\\Foundation\\Http\\Kernel->handle(Object(Illuminate\\Http\\Request))
#32 C:\\Users\\62812\\Documents\\LARAVEL FUNDAMENTAL\\laravel vue ecommerce\\ecommerce\\public\\index.php(17): Illuminate\\Foundation\\Application->handleRequest(Object(Illuminate\\Http\\Request))
#33 C:\\Users\\62812\\Documents\\LARAVEL FUNDAMENTAL\\laravel vue ecommerce\\ecommerce\\vendor\\laravel\\framework\\src\\Illuminate\\Foundation\\resources\\server.php(23): require_once('C:\\\\Users\\\\62812\\\\...')
#34 {main}
"} 
[2025-09-16 04:33:47] local.ERROR: Class "App\Http\Controllers\Api\Controller" not found {"exception":"[object] (Error(code: 0): Class \"App\\Http\\Controllers\\Api\\Controller\" not found at C:\\Users\\62812\\Documents\\LARAVEL FUNDAMENTAL\\laravel vue ecommerce\\ecommerce\\app\\Http\\Controllers\\Api\\AuthController.php:11)
[stacktrace]
#0 C:\\Users\\62812\\Documents\\LARAVEL FUNDAMENTAL\\laravel vue ecommerce\\ecommerce\\vendor\\composer\\ClassLoader.php(576): include()
#1 C:\\Users\\62812\\Documents\\LARAVEL FUNDAMENTAL\\laravel vue ecommerce\\ecommerce\\vendor\\composer\\ClassLoader.php(427): Composer\\Autoload\\{closure}('C:\\\\Users\\\\62812\\\\...')
#2 [internal function]: Composer\\Autoload\\ClassLoader->loadClass('App\\\\Http\\\\Contro...')
#3 C:\\Users\\62812\\Documents\\LARAVEL FUNDAMENTAL\\laravel vue ecommerce\\ecommerce\\vendor\\laravel\\framework\\src\\Illuminate\\Routing\\Route.php(1117): is_a('App\\\\Http\\\\Contro...', 'Illuminate\\\\Rout...', true)
#4 C:\\Users\\62812\\Documents\\LARAVEL FUNDAMENTAL\\laravel vue ecommerce\\ecommerce\\vendor\\laravel\\framework\\src\\Illuminate\\Routing\\Route.php(1054): Illuminate\\Routing\\Route->controllerMiddleware()
#5 C:\\Users\\62812\\Documents\\LARAVEL FUNDAMENTAL\\laravel vue ecommerce\\ecommerce\\vendor\\laravel\\framework\\src\\Illuminate\\Routing\\Router.php(820): Illuminate\\Routing\\Route->gatherMiddleware()
#6 C:\\Users\\62812\\Documents\\LARAVEL FUNDAMENTAL\\laravel vue ecommerce\\ecommerce\\vendor\\laravel\\framework\\src\\Illuminate\\Routing\\Router.php(802): Illuminate\\Routing\\Router->gatherRouteMiddleware(Object(Illuminate\\Routing\\Route))
#7 C:\\Users\\62812\\Documents\\LARAVEL FUNDAMENTAL\\laravel vue ecommerce\\ecommerce\\vendor\\laravel\\framework\\src\\Illuminate\\Routing\\Router.php(786): Illuminate\\Routing\\Router->runRouteWithinStack(Object(Illuminate\\Routing\\Route), Object(Illuminate\\Http\\Request))
#8 C:\\Users\\62812\\Documents\\LARAVEL FUNDAMENTAL\\laravel vue ecommerce\\ecommerce\\vendor\\laravel\\framework\\src\\Illuminate\\Routing\\Router.php(750): Illuminate\\Routing\\Router->runRoute(Object(Illuminate\\Http\\Request), Object(Illuminate\\Routing\\Route))
#9 C:\\Users\\62812\\Documents\\LARAVEL FUNDAMENTAL\\laravel vue ecommerce\\ecommerce\\vendor\\laravel\\framework\\src\\Illuminate\\Routing\\Router.php(739): Illuminate\\Routing\\Router->dispatchToRoute(Object(Illuminate\\Http\\Request))
#10 C:\\Users\\62812\\Documents\\LARAVEL FUNDAMENTAL\\laravel vue ecommerce\\ecommerce\\vendor\\laravel\\framework\\src\\Illuminate\\Foundation\\Http\\Kernel.php(201): Illuminate\\Routing\\Router->dispatch(Object(Illuminate\\Http\\Request))
#11 C:\\Users\\62812\\Documents\\LARAVEL FUNDAMENTAL\\laravel vue ecommerce\\ecommerce\\vendor\\laravel\\framework\\src\\Illuminate\\Pipeline\\Pipeline.php(170): Illuminate\\Foundation\\Http\\Kernel->Illuminate\\Foundation\\Http\\{closure}(Object(Illuminate\\Http\\Request))
#12 C:\\Users\\62812\\Documents\\LARAVEL FUNDAMENTAL\\laravel vue ecommerce\\ecommerce\\vendor\\laravel\\framework\\src\\Illuminate\\Foundation\\Http\\Middleware\\TransformsRequest.php(21): Illuminate\\Pipeline\\Pipeline->Illuminate\\Pipeline\\{closure}(Object(Illuminate\\Http\\Request))
#13 C:\\Users\\62812\\Documents\\LARAVEL FUNDAMENTAL\\laravel vue ecommerce\\ecommerce\\vendor\\laravel\\framework\\src\\Illuminate\\Foundation\\Http\\Middleware\\ConvertEmptyStringsToNull.php(31): Illuminate\\Foundation\\Http\\Middleware\\TransformsRequest->handle(Object(Illuminate\\Http\\Request), Object(Closure))
#14 C:\\Users\\62812\\Documents\\LARAVEL FUNDAMENTAL\\laravel vue ecommerce\\ecommerce\\vendor\\laravel\\framework\\src\\Illuminate\\Pipeline\\Pipeline.php(209): Illuminate\\Foundation\\Http\\Middleware\\ConvertEmptyStringsToNull->handle(Object(Illuminate\\Http\\Request), Object(Closure))
#15 C:\\Users\\62812\\Documents\\LARAVEL FUNDAMENTAL\\laravel vue ecommerce\\ecommerce\\vendor\\laravel\\framework\\src\\Illuminate\\Foundation\\Http\\Middleware\\TransformsRequest.php(21): Illuminate\\Pipeline\\Pipeline->Illuminate\\Pipeline\\{closure}(Object(Illuminate\\Http\\Request))
#16 C:\\Users\\62812\\Documents\\LARAVEL FUNDAMENTAL\\laravel vue ecommerce\\ecommerce\\vendor\\laravel\\framework\\src\\Illuminate\\Foundation\\Http\\Middleware\\TrimStrings.php(51): Illuminate\\Foundation\\Http\\Middleware\\TransformsRequest->handle(Object(Illuminate\\Http\\Request), Object(Closure))
#17 C:\\Users\\62812\\Documents\\LARAVEL FUNDAMENTAL\\laravel vue ecommerce\\ecommerce\\vendor\\laravel\\framework\\src\\Illuminate\\Pipeline\\Pipeline.php(209): Illuminate\\Foundation\\Http\\Middleware\\TrimStrings->handle(Object(Illuminate\\Http\\Request), Object(Closure))
#18 C:\\Users\\62812\\Documents\\LARAVEL FUNDAMENTAL\\laravel vue ecommerce\\ecommerce\\vendor\\laravel\\framework\\src\\Illuminate\\Http\\Middleware\\ValidatePostSize.php(27): Illuminate\\Pipeline\\Pipeline->Illuminate\\Pipeline\\{closure}(Object(Illuminate\\Http\\Request))
#19 C:\\Users\\62812\\Documents\\LARAVEL FUNDAMENTAL\\laravel vue ecommerce\\ecommerce\\vendor\\laravel\\framework\\src\\Illuminate\\Pipeline\\Pipeline.php(209): Illuminate\\Http\\Middleware\\ValidatePostSize->handle(Object(Illuminate\\Http\\Request), Object(Closure))
#20 C:\\Users\\62812\\Documents\\LARAVEL FUNDAMENTAL\\laravel vue ecommerce\\ecommerce\\vendor\\laravel\\framework\\src\\Illuminate\\Foundation\\Http\\Middleware\\PreventRequestsDuringMaintenance.php(110): Illuminate\\Pipeline\\Pipeline->Illuminate\\Pipeline\\{closure}(Object(Illuminate\\Http\\Request))
#21 C:\\Users\\62812\\Documents\\LARAVEL FUNDAMENTAL\\laravel vue ecommerce\\ecommerce\\vendor\\laravel\\framework\\src\\Illuminate\\Pipeline\\Pipeline.php(209): Illuminate\\Foundation\\Http\\Middleware\\PreventRequestsDuringMaintenance->handle(Object(Illuminate\\Http\\Request), Object(Closure))
#22 C:\\Users\\62812\\Documents\\LARAVEL FUNDAMENTAL\\laravel vue ecommerce\\ecommerce\\vendor\\laravel\\framework\\src\\Illuminate\\Http\\Middleware\\HandleCors.php(62): Illuminate\\Pipeline\\Pipeline->Illuminate\\Pipeline\\{closure}(Object(Illuminate\\Http\\Request))
#23 C:\\Users\\62812\\Documents\\LARAVEL FUNDAMENTAL\\laravel vue ecommerce\\ecommerce\\vendor\\laravel\\framework\\src\\Illuminate\\Pipeline\\Pipeline.php(209): Illuminate\\Http\\Middleware\\HandleCors->handle(Object(Illuminate\\Http\\Request), Object(Closure))
#24 C:\\Users\\62812\\Documents\\LARAVEL FUNDAMENTAL\\laravel vue ecommerce\\ecommerce\\vendor\\laravel\\framework\\src\\Illuminate\\Http\\Middleware\\TrustProxies.php(58): Illuminate\\Pipeline\\Pipeline->Illuminate\\Pipeline\\{closure}(Object(Illuminate\\Http\\Request))
#25 C:\\Users\\62812\\Documents\\LARAVEL FUNDAMENTAL\\laravel vue ecommerce\\ecommerce\\vendor\\laravel\\framework\\src\\Illuminate\\Pipeline\\Pipeline.php(209): Illuminate\\Http\\Middleware\\TrustProxies->handle(Object(Illuminate\\Http\\Request), Object(Closure))
#26 C:\\Users\\62812\\Documents\\LARAVEL FUNDAMENTAL\\laravel vue ecommerce\\ecommerce\\vendor\\laravel\\framework\\src\\Illuminate\\Foundation\\Http\\Middleware\\InvokeDeferredCallbacks.php(22): Illuminate\\Pipeline\\Pipeline->Illuminate\\Pipeline\\{closure}(Object(Illuminate\\Http\\Request))
#27 C:\\Users\\62812\\Documents\\LARAVEL FUNDAMENTAL\\laravel vue ecommerce\\ecommerce\\vendor\\laravel\\framework\\src\\Illuminate\\Pipeline\\Pipeline.php(209): Illuminate\\Foundation\\Http\\Middleware\\InvokeDeferredCallbacks->handle(Object(Illuminate\\Http\\Request), Object(Closure))
#28 C:\\Users\\62812\\Documents\\LARAVEL FUNDAMENTAL\\laravel vue ecommerce\\ecommerce\\vendor\\laravel\\framework\\src\\Illuminate\\Pipeline\\Pipeline.php(127): Illuminate\\Pipeline\\Pipeline->Illuminate\\Pipeline\\{closure}(Object(Illuminate\\Http\\Request))
#29 C:\\Users\\62812\\Documents\\LARAVEL FUNDAMENTAL\\laravel vue ecommerce\\ecommerce\\vendor\\laravel\\framework\\src\\Illuminate\\Foundation\\Http\\Kernel.php(176): Illuminate\\Pipeline\\Pipeline->then(Object(Closure))
#30 C:\\Users\\62812\\Documents\\LARAVEL FUNDAMENTAL\\laravel vue ecommerce\\ecommerce\\vendor\\laravel\\framework\\src\\Illuminate\\Foundation\\Http\\Kernel.php(145): Illuminate\\Foundation\\Http\\Kernel->sendRequestThroughRouter(Object(Illuminate\\Http\\Request))
#31 C:\\Users\\62812\\Documents\\LARAVEL FUNDAMENTAL\\laravel vue ecommerce\\ecommerce\\vendor\\laravel\\framework\\src\\Illuminate\\Foundation\\Application.php(1220): Illuminate\\Foundation\\Http\\Kernel->handle(Object(Illuminate\\Http\\Request))
#32 C:\\Users\\62812\\Documents\\LARAVEL FUNDAMENTAL\\laravel vue ecommerce\\ecommerce\\public\\index.php(17): Illuminate\\Foundation\\Application->handleRequest(Object(Illuminate\\Http\\Request))
#33 C:\\Users\\62812\\Documents\\LARAVEL FUNDAMENTAL\\laravel vue ecommerce\\ecommerce\\vendor\\laravel\\framework\\src\\Illuminate\\Foundation\\resources\\server.php(23): require_once('C:\\\\Users\\\\62812\\\\...')
#34 {main}
"} 
[2025-09-19 14:42:59] local.ERROR: syntax error, unexpected end of file, expecting "elseif" or "else" or "endif" {"view":{"view":"C:\\Users\\62812\\Documents\\LARAVEL FUNDAMENTAL\\laravel vue ecommerce\\ecommerce\\resources\\views\\welcome.blade.php","data":{"errors":"<pre class=sf-dump id=sf-dump-954404177 data-indent-pad=\"  \"><span class=sf-dump-note>Illuminate\\Support\\ViewErrorBag</span> {<a class=sf-dump-ref>#1286</a><samp data-depth=1 class=sf-dump-expanded>
  #<span class=sf-dump-protected title=\"Protected property\">bags</span>: []
</samp>}
</pre><script>Sfdump(\"sf-dump-954404177\", {\"maxDepth\":3,\"maxStringLength\":160})</script>
"}},"exception":"[object] (Spatie\\LaravelIgnition\\Exceptions\\ViewException(code: 0): syntax error, unexpected end of file, expecting \"elseif\" or \"else\" or \"endif\" at C:\\Users\\62812\\Documents\\LARAVEL FUNDAMENTAL\\laravel vue ecommerce\\ecommerce\\resources\\views\\welcome.blade.php:3)
[stacktrace]
#0 C:\\Users\\62812\\Documents\\LARAVEL FUNDAMENTAL\\laravel vue ecommerce\\ecommerce\\vendor\\laravel\\framework\\src\\Illuminate\\Filesystem\\Filesystem.php(124): Illuminate\\Filesystem\\Filesystem::Illuminate\\Filesystem\\{closure}()
#1 C:\\Users\\62812\\Documents\\LARAVEL FUNDAMENTAL\\laravel vue ecommerce\\ecommerce\\vendor\\laravel\\framework\\src\\Illuminate\\View\\Engines\\PhpEngine.php(58): Illuminate\\Filesystem\\Filesystem->getRequire('C:\\\\Users\\\\62812\\\\...', Array)
#2 C:\\Users\\62812\\Documents\\LARAVEL FUNDAMENTAL\\laravel vue ecommerce\\ecommerce\\vendor\\laravel\\framework\\src\\Illuminate\\View\\Engines\\CompilerEngine.php(75): Illuminate\\View\\Engines\\PhpEngine->evaluatePath('C:\\\\Users\\\\62812\\\\...', Array)
#3 C:\\Users\\62812\\Documents\\LARAVEL FUNDAMENTAL\\laravel vue ecommerce\\ecommerce\\vendor\\laravel\\framework\\src\\Illuminate\\View\\View.php(209): Illuminate\\View\\Engines\\CompilerEngine->get('C:\\\\Users\\\\62812\\\\...', Array)
#4 C:\\Users\\62812\\Documents\\LARAVEL FUNDAMENTAL\\laravel vue ecommerce\\ecommerce\\vendor\\laravel\\framework\\src\\Illuminate\\View\\View.php(192): Illuminate\\View\\View->getContents()
#5 C:\\Users\\62812\\Documents\\LARAVEL FUNDAMENTAL\\laravel vue ecommerce\\ecommerce\\vendor\\laravel\\framework\\src\\Illuminate\\View\\View.php(161): Illuminate\\View\\View->renderContents()
#6 C:\\Users\\62812\\Documents\\LARAVEL FUNDAMENTAL\\laravel vue ecommerce\\ecommerce\\vendor\\laravel\\framework\\src\\Illuminate\\Http\\Response.php(79): Illuminate\\View\\View->render()
#7 C:\\Users\\62812\\Documents\\LARAVEL FUNDAMENTAL\\laravel vue ecommerce\\ecommerce\\vendor\\laravel\\framework\\src\\Illuminate\\Http\\Response.php(35): Illuminate\\Http\\Response->setContent(Object(Illuminate\\View\\View))
#8 C:\\Users\\62812\\Documents\\LARAVEL FUNDAMENTAL\\laravel vue ecommerce\\ecommerce\\vendor\\laravel\\framework\\src\\Illuminate\\Routing\\Router.php(920): Illuminate\\Http\\Response->__construct(Object(Illuminate\\View\\View), 200, Array)
#9 C:\\Users\\62812\\Documents\\LARAVEL FUNDAMENTAL\\laravel vue ecommerce\\ecommerce\\vendor\\laravel\\framework\\src\\Illuminate\\Routing\\Router.php(887): Illuminate\\Routing\\Router::toResponse(Object(Illuminate\\Http\\Request), Object(Illuminate\\View\\View))
#10 C:\\Users\\62812\\Documents\\LARAVEL FUNDAMENTAL\\laravel vue ecommerce\\ecommerce\\vendor\\laravel\\framework\\src\\Illuminate\\Routing\\Router.php(807): Illuminate\\Routing\\Router->prepareResponse(Object(Illuminate\\Http\\Request), Object(Illuminate\\View\\View))
#11 C:\\Users\\62812\\Documents\\LARAVEL FUNDAMENTAL\\laravel vue ecommerce\\ecommerce\\vendor\\laravel\\framework\\src\\Illuminate\\Pipeline\\Pipeline.php(170): Illuminate\\Routing\\Router->Illuminate\\Routing\\{closure}(Object(Illuminate\\Http\\Request))
#12 C:\\Users\\62812\\Documents\\LARAVEL FUNDAMENTAL\\laravel vue ecommerce\\ecommerce\\vendor\\laravel\\framework\\src\\Illuminate\\Routing\\Middleware\\SubstituteBindings.php(51): Illuminate\\Pipeline\\Pipeline->Illuminate\\Pipeline\\{closure}(Object(Illuminate\\Http\\Request))
#13 C:\\Users\\62812\\Documents\\LARAVEL FUNDAMENTAL\\laravel vue ecommerce\\ecommerce\\vendor\\laravel\\framework\\src\\Illuminate\\Pipeline\\Pipeline.php(209): Illuminate\\Routing\\Middleware\\SubstituteBindings->handle(Object(Illuminate\\Http\\Request), Object(Closure))
#14 C:\\Users\\62812\\Documents\\LARAVEL FUNDAMENTAL\\laravel vue ecommerce\\ecommerce\\vendor\\laravel\\framework\\src\\Illuminate\\Foundation\\Http\\Middleware\\VerifyCsrfToken.php(88): Illuminate\\Pipeline\\Pipeline->Illuminate\\Pipeline\\{closure}(Object(Illuminate\\Http\\Request))
#15 C:\\Users\\62812\\Documents\\LARAVEL FUNDAMENTAL\\laravel vue ecommerce\\ecommerce\\vendor\\laravel\\framework\\src\\Illuminate\\Pipeline\\Pipeline.php(209): Illuminate\\Foundation\\Http\\Middleware\\VerifyCsrfToken->handle(Object(Illuminate\\Http\\Request), Object(Closure))
#16 C:\\Users\\62812\\Documents\\LARAVEL FUNDAMENTAL\\laravel vue ecommerce\\ecommerce\\vendor\\laravel\\framework\\src\\Illuminate\\View\\Middleware\\ShareErrorsFromSession.php(49): Illuminate\\Pipeline\\Pipeline->Illuminate\\Pipeline\\{closure}(Object(Illuminate\\Http\\Request))
#17 C:\\Users\\62812\\Documents\\LARAVEL FUNDAMENTAL\\laravel vue ecommerce\\ecommerce\\vendor\\laravel\\framework\\src\\Illuminate\\Pipeline\\Pipeline.php(209): Illuminate\\View\\Middleware\\ShareErrorsFromSession->handle(Object(Illuminate\\Http\\Request), Object(Closure))
#18 C:\\Users\\62812\\Documents\\LARAVEL FUNDAMENTAL\\laravel vue ecommerce\\ecommerce\\vendor\\laravel\\framework\\src\\Illuminate\\Session\\Middleware\\StartSession.php(121): Illuminate\\Pipeline\\Pipeline->Illuminate\\Pipeline\\{closure}(Object(Illuminate\\Http\\Request))
#19 C:\\Users\\62812\\Documents\\LARAVEL FUNDAMENTAL\\laravel vue ecommerce\\ecommerce\\vendor\\laravel\\framework\\src\\Illuminate\\Session\\Middleware\\StartSession.php(64): Illuminate\\Session\\Middleware\\StartSession->handleStatefulRequest(Object(Illuminate\\Http\\Request), Object(Illuminate\\Session\\Store), Object(Closure))
#20 C:\\Users\\62812\\Documents\\LARAVEL FUNDAMENTAL\\laravel vue ecommerce\\ecommerce\\vendor\\laravel\\framework\\src\\Illuminate\\Pipeline\\Pipeline.php(209): Illuminate\\Session\\Middleware\\StartSession->handle(Object(Illuminate\\Http\\Request), Object(Closure))
#21 C:\\Users\\62812\\Documents\\LARAVEL FUNDAMENTAL\\laravel vue ecommerce\\ecommerce\\vendor\\laravel\\framework\\src\\Illuminate\\Cookie\\Middleware\\AddQueuedCookiesToResponse.php(37): Illuminate\\Pipeline\\Pipeline->Illuminate\\Pipeline\\{closure}(Object(Illuminate\\Http\\Request))
#22 C:\\Users\\62812\\Documents\\LARAVEL FUNDAMENTAL\\laravel vue ecommerce\\ecommerce\\vendor\\laravel\\framework\\src\\Illuminate\\Pipeline\\Pipeline.php(209): Illuminate\\Cookie\\Middleware\\AddQueuedCookiesToResponse->handle(Object(Illuminate\\Http\\Request), Object(Closure))
#23 C:\\Users\\62812\\Documents\\LARAVEL FUNDAMENTAL\\laravel vue ecommerce\\ecommerce\\vendor\\laravel\\framework\\src\\Illuminate\\Cookie\\Middleware\\EncryptCookies.php(75): Illuminate\\Pipeline\\Pipeline->Illuminate\\Pipeline\\{closure}(Object(Illuminate\\Http\\Request))
#24 C:\\Users\\62812\\Documents\\LARAVEL FUNDAMENTAL\\laravel vue ecommerce\\ecommerce\\vendor\\laravel\\framework\\src\\Illuminate\\Pipeline\\Pipeline.php(209): Illuminate\\Cookie\\Middleware\\EncryptCookies->handle(Object(Illuminate\\Http\\Request), Object(Closure))
#25 C:\\Users\\62812\\Documents\\LARAVEL FUNDAMENTAL\\laravel vue ecommerce\\ecommerce\\vendor\\laravel\\framework\\src\\Illuminate\\Pipeline\\Pipeline.php(127): Illuminate\\Pipeline\\Pipeline->Illuminate\\Pipeline\\{closure}(Object(Illuminate\\Http\\Request))
#26 C:\\Users\\62812\\Documents\\LARAVEL FUNDAMENTAL\\laravel vue ecommerce\\ecommerce\\vendor\\laravel\\framework\\src\\Illuminate\\Routing\\Router.php(807): Illuminate\\Pipeline\\Pipeline->then(Object(Closure))
#27 C:\\Users\\62812\\Documents\\LARAVEL FUNDAMENTAL\\laravel vue ecommerce\\ecommerce\\vendor\\laravel\\framework\\src\\Illuminate\\Routing\\Router.php(786): Illuminate\\Routing\\Router->runRouteWithinStack(Object(Illuminate\\Routing\\Route), Object(Illuminate\\Http\\Request))
#28 C:\\Users\\62812\\Documents\\LARAVEL FUNDAMENTAL\\laravel vue ecommerce\\ecommerce\\vendor\\laravel\\framework\\src\\Illuminate\\Routing\\Router.php(750): Illuminate\\Routing\\Router->runRoute(Object(Illuminate\\Http\\Request), Object(Illuminate\\Routing\\Route))
#29 C:\\Users\\62812\\Documents\\LARAVEL FUNDAMENTAL\\laravel vue ecommerce\\ecommerce\\vendor\\laravel\\framework\\src\\Illuminate\\Routing\\Router.php(739): Illuminate\\Routing\\Router->dispatchToRoute(Object(Illuminate\\Http\\Request))
#30 C:\\Users\\62812\\Documents\\LARAVEL FUNDAMENTAL\\laravel vue ecommerce\\ecommerce\\vendor\\laravel\\framework\\src\\Illuminate\\Foundation\\Http\\Kernel.php(201): Illuminate\\Routing\\Router->dispatch(Object(Illuminate\\Http\\Request))
#31 C:\\Users\\62812\\Documents\\LARAVEL FUNDAMENTAL\\laravel vue ecommerce\\ecommerce\\vendor\\laravel\\framework\\src\\Illuminate\\Pipeline\\Pipeline.php(170): Illuminate\\Foundation\\Http\\Kernel->Illuminate\\Foundation\\Http\\{closure}(Object(Illuminate\\Http\\Request))
#32 C:\\Users\\62812\\Documents\\LARAVEL FUNDAMENTAL\\laravel vue ecommerce\\ecommerce\\vendor\\laravel\\framework\\src\\Illuminate\\Foundation\\Http\\Middleware\\TransformsRequest.php(21): Illuminate\\Pipeline\\Pipeline->Illuminate\\Pipeline\\{closure}(Object(Illuminate\\Http\\Request))
#33 C:\\Users\\62812\\Documents\\LARAVEL FUNDAMENTAL\\laravel vue ecommerce\\ecommerce\\vendor\\laravel\\framework\\src\\Illuminate\\Foundation\\Http\\Middleware\\ConvertEmptyStringsToNull.php(31): Illuminate\\Foundation\\Http\\Middleware\\TransformsRequest->handle(Object(Illuminate\\Http\\Request), Object(Closure))
#34 C:\\Users\\62812\\Documents\\LARAVEL FUNDAMENTAL\\laravel vue ecommerce\\ecommerce\\vendor\\laravel\\framework\\src\\Illuminate\\Pipeline\\Pipeline.php(209): Illuminate\\Foundation\\Http\\Middleware\\ConvertEmptyStringsToNull->handle(Object(Illuminate\\Http\\Request), Object(Closure))
#35 C:\\Users\\62812\\Documents\\LARAVEL FUNDAMENTAL\\laravel vue ecommerce\\ecommerce\\vendor\\laravel\\framework\\src\\Illuminate\\Foundation\\Http\\Middleware\\TransformsRequest.php(21): Illuminate\\Pipeline\\Pipeline->Illuminate\\Pipeline\\{closure}(Object(Illuminate\\Http\\Request))
#36 C:\\Users\\62812\\Documents\\LARAVEL FUNDAMENTAL\\laravel vue ecommerce\\ecommerce\\vendor\\laravel\\framework\\src\\Illuminate\\Foundation\\Http\\Middleware\\TrimStrings.php(51): Illuminate\\Foundation\\Http\\Middleware\\TransformsRequest->handle(Object(Illuminate\\Http\\Request), Object(Closure))
#37 C:\\Users\\62812\\Documents\\LARAVEL FUNDAMENTAL\\laravel vue ecommerce\\ecommerce\\vendor\\laravel\\framework\\src\\Illuminate\\Pipeline\\Pipeline.php(209): Illuminate\\Foundation\\Http\\Middleware\\TrimStrings->handle(Object(Illuminate\\Http\\Request), Object(Closure))
#38 C:\\Users\\62812\\Documents\\LARAVEL FUNDAMENTAL\\laravel vue ecommerce\\ecommerce\\vendor\\laravel\\framework\\src\\Illuminate\\Http\\Middleware\\ValidatePostSize.php(27): Illuminate\\Pipeline\\Pipeline->Illuminate\\Pipeline\\{closure}(Object(Illuminate\\Http\\Request))
#39 C:\\Users\\62812\\Documents\\LARAVEL FUNDAMENTAL\\laravel vue ecommerce\\ecommerce\\vendor\\laravel\\framework\\src\\Illuminate\\Pipeline\\Pipeline.php(209): Illuminate\\Http\\Middleware\\ValidatePostSize->handle(Object(Illuminate\\Http\\Request), Object(Closure))
#40 C:\\Users\\62812\\Documents\\LARAVEL FUNDAMENTAL\\laravel vue ecommerce\\ecommerce\\vendor\\laravel\\framework\\src\\Illuminate\\Foundation\\Http\\Middleware\\PreventRequestsDuringMaintenance.php(110): Illuminate\\Pipeline\\Pipeline->Illuminate\\Pipeline\\{closure}(Object(Illuminate\\Http\\Request))
#41 C:\\Users\\62812\\Documents\\LARAVEL FUNDAMENTAL\\laravel vue ecommerce\\ecommerce\\vendor\\laravel\\framework\\src\\Illuminate\\Pipeline\\Pipeline.php(209): Illuminate\\Foundation\\Http\\Middleware\\PreventRequestsDuringMaintenance->handle(Object(Illuminate\\Http\\Request), Object(Closure))
#42 C:\\Users\\62812\\Documents\\LARAVEL FUNDAMENTAL\\laravel vue ecommerce\\ecommerce\\vendor\\laravel\\framework\\src\\Illuminate\\Http\\Middleware\\HandleCors.php(49): Illuminate\\Pipeline\\Pipeline->Illuminate\\Pipeline\\{closure}(Object(Illuminate\\Http\\Request))
#43 C:\\Users\\62812\\Documents\\LARAVEL FUNDAMENTAL\\laravel vue ecommerce\\ecommerce\\vendor\\laravel\\framework\\src\\Illuminate\\Pipeline\\Pipeline.php(209): Illuminate\\Http\\Middleware\\HandleCors->handle(Object(Illuminate\\Http\\Request), Object(Closure))
#44 C:\\Users\\62812\\Documents\\LARAVEL FUNDAMENTAL\\laravel vue ecommerce\\ecommerce\\vendor\\laravel\\framework\\src\\Illuminate\\Http\\Middleware\\TrustProxies.php(58): Illuminate\\Pipeline\\Pipeline->Illuminate\\Pipeline\\{closure}(Object(Illuminate\\Http\\Request))
#45 C:\\Users\\62812\\Documents\\LARAVEL FUNDAMENTAL\\laravel vue ecommerce\\ecommerce\\vendor\\laravel\\framework\\src\\Illuminate\\Pipeline\\Pipeline.php(209): Illuminate\\Http\\Middleware\\TrustProxies->handle(Object(Illuminate\\Http\\Request), Object(Closure))
#46 C:\\Users\\62812\\Documents\\LARAVEL FUNDAMENTAL\\laravel vue ecommerce\\ecommerce\\vendor\\laravel\\framework\\src\\Illuminate\\Foundation\\Http\\Middleware\\InvokeDeferredCallbacks.php(22): Illuminate\\Pipeline\\Pipeline->Illuminate\\Pipeline\\{closure}(Object(Illuminate\\Http\\Request))
#47 C:\\Users\\62812\\Documents\\LARAVEL FUNDAMENTAL\\laravel vue ecommerce\\ecommerce\\vendor\\laravel\\framework\\src\\Illuminate\\Pipeline\\Pipeline.php(209): Illuminate\\Foundation\\Http\\Middleware\\InvokeDeferredCallbacks->handle(Object(Illuminate\\Http\\Request), Object(Closure))
#48 C:\\Users\\62812\\Documents\\LARAVEL FUNDAMENTAL\\laravel vue ecommerce\\ecommerce\\vendor\\laravel\\framework\\src\\Illuminate\\Pipeline\\Pipeline.php(127): Illuminate\\Pipeline\\Pipeline->Illuminate\\Pipeline\\{closure}(Object(Illuminate\\Http\\Request))
#49 C:\\Users\\62812\\Documents\\LARAVEL FUNDAMENTAL\\laravel vue ecommerce\\ecommerce\\vendor\\laravel\\framework\\src\\Illuminate\\Foundation\\Http\\Kernel.php(176): Illuminate\\Pipeline\\Pipeline->then(Object(Closure))
#50 C:\\Users\\62812\\Documents\\LARAVEL FUNDAMENTAL\\laravel vue ecommerce\\ecommerce\\vendor\\laravel\\framework\\src\\Illuminate\\Foundation\\Http\\Kernel.php(145): Illuminate\\Foundation\\Http\\Kernel->sendRequestThroughRouter(Object(Illuminate\\Http\\Request))
#51 C:\\Users\\62812\\Documents\\LARAVEL FUNDAMENTAL\\laravel vue ecommerce\\ecommerce\\vendor\\laravel\\framework\\src\\Illuminate\\Foundation\\Application.php(1220): Illuminate\\Foundation\\Http\\Kernel->handle(Object(Illuminate\\Http\\Request))
#52 C:\\Users\\62812\\Documents\\LARAVEL FUNDAMENTAL\\laravel vue ecommerce\\ecommerce\\public\\index.php(17): Illuminate\\Foundation\\Application->handleRequest(Object(Illuminate\\Http\\Request))
#53 C:\\Users\\62812\\Documents\\LARAVEL FUNDAMENTAL\\laravel vue ecommerce\\ecommerce\\vendor\\laravel\\framework\\src\\Illuminate\\Foundation\\resources\\server.php(23): require_once('C:\\\\Users\\\\62812\\\\...')
#54 {main}

[previous exception] [object] (ParseError(code: 0): syntax error, unexpected end of file, expecting \"elseif\" or \"else\" or \"endif\" at C:\\Users\\62812\\Documents\\LARAVEL FUNDAMENTAL\\laravel vue ecommerce\\ecommerce\\storage\\framework\\views\\81f2304a786e2dfc849130d6323387df.php:21)
[stacktrace]
#0 C:\\Users\\62812\\Documents\\LARAVEL FUNDAMENTAL\\laravel vue ecommerce\\ecommerce\\vendor\\laravel\\framework\\src\\Illuminate\\Filesystem\\Filesystem.php(124): Illuminate\\Filesystem\\Filesystem::Illuminate\\Filesystem\\{closure}()
#1 C:\\Users\\62812\\Documents\\LARAVEL FUNDAMENTAL\\laravel vue ecommerce\\ecommerce\\vendor\\laravel\\framework\\src\\Illuminate\\View\\Engines\\PhpEngine.php(58): Illuminate\\Filesystem\\Filesystem->getRequire('C:\\\\Users\\\\62812\\\\...', Array)
#2 C:\\Users\\62812\\Documents\\LARAVEL FUNDAMENTAL\\laravel vue ecommerce\\ecommerce\\vendor\\laravel\\framework\\src\\Illuminate\\View\\Engines\\CompilerEngine.php(75): Illuminate\\View\\Engines\\PhpEngine->evaluatePath('C:\\\\Users\\\\62812\\\\...', Array)
#3 C:\\Users\\62812\\Documents\\LARAVEL FUNDAMENTAL\\laravel vue ecommerce\\ecommerce\\vendor\\laravel\\framework\\src\\Illuminate\\View\\View.php(209): Illuminate\\View\\Engines\\CompilerEngine->get('C:\\\\Users\\\\62812\\\\...', Array)
#4 C:\\Users\\62812\\Documents\\LARAVEL FUNDAMENTAL\\laravel vue ecommerce\\ecommerce\\vendor\\laravel\\framework\\src\\Illuminate\\View\\View.php(192): Illuminate\\View\\View->getContents()
#5 C:\\Users\\62812\\Documents\\LARAVEL FUNDAMENTAL\\laravel vue ecommerce\\ecommerce\\vendor\\laravel\\framework\\src\\Illuminate\\View\\View.php(161): Illuminate\\View\\View->renderContents()
#6 C:\\Users\\62812\\Documents\\LARAVEL FUNDAMENTAL\\laravel vue ecommerce\\ecommerce\\vendor\\laravel\\framework\\src\\Illuminate\\Http\\Response.php(79): Illuminate\\View\\View->render()
#7 C:\\Users\\62812\\Documents\\LARAVEL FUNDAMENTAL\\laravel vue ecommerce\\ecommerce\\vendor\\laravel\\framework\\src\\Illuminate\\Http\\Response.php(35): Illuminate\\Http\\Response->setContent(Object(Illuminate\\View\\View))
#8 C:\\Users\\62812\\Documents\\LARAVEL FUNDAMENTAL\\laravel vue ecommerce\\ecommerce\\vendor\\laravel\\framework\\src\\Illuminate\\Routing\\Router.php(920): Illuminate\\Http\\Response->__construct(Object(Illuminate\\View\\View), 200, Array)
#9 C:\\Users\\62812\\Documents\\LARAVEL FUNDAMENTAL\\laravel vue ecommerce\\ecommerce\\vendor\\laravel\\framework\\src\\Illuminate\\Routing\\Router.php(887): Illuminate\\Routing\\Router::toResponse(Object(Illuminate\\Http\\Request), Object(Illuminate\\View\\View))
#10 C:\\Users\\62812\\Documents\\LARAVEL FUNDAMENTAL\\laravel vue ecommerce\\ecommerce\\vendor\\laravel\\framework\\src\\Illuminate\\Routing\\Router.php(807): Illuminate\\Routing\\Router->prepareResponse(Object(Illuminate\\Http\\Request), Object(Illuminate\\View\\View))
#11 C:\\Users\\62812\\Documents\\LARAVEL FUNDAMENTAL\\laravel vue ecommerce\\ecommerce\\vendor\\laravel\\framework\\src\\Illuminate\\Pipeline\\Pipeline.php(170): Illuminate\\Routing\\Router->Illuminate\\Routing\\{closure}(Object(Illuminate\\Http\\Request))
#12 C:\\Users\\62812\\Documents\\LARAVEL FUNDAMENTAL\\laravel vue ecommerce\\ecommerce\\vendor\\laravel\\framework\\src\\Illuminate\\Routing\\Middleware\\SubstituteBindings.php(51): Illuminate\\Pipeline\\Pipeline->Illuminate\\Pipeline\\{closure}(Object(Illuminate\\Http\\Request))
#13 C:\\Users\\62812\\Documents\\LARAVEL FUNDAMENTAL\\laravel vue ecommerce\\ecommerce\\vendor\\laravel\\framework\\src\\Illuminate\\Pipeline\\Pipeline.php(209): Illuminate\\Routing\\Middleware\\SubstituteBindings->handle(Object(Illuminate\\Http\\Request), Object(Closure))
#14 C:\\Users\\62812\\Documents\\LARAVEL FUNDAMENTAL\\laravel vue ecommerce\\ecommerce\\vendor\\laravel\\framework\\src\\Illuminate\\Foundation\\Http\\Middleware\\VerifyCsrfToken.php(88): Illuminate\\Pipeline\\Pipeline->Illuminate\\Pipeline\\{closure}(Object(Illuminate\\Http\\Request))
#15 C:\\Users\\62812\\Documents\\LARAVEL FUNDAMENTAL\\laravel vue ecommerce\\ecommerce\\vendor\\laravel\\framework\\src\\Illuminate\\Pipeline\\Pipeline.php(209): Illuminate\\Foundation\\Http\\Middleware\\VerifyCsrfToken->handle(Object(Illuminate\\Http\\Request), Object(Closure))
#16 C:\\Users\\62812\\Documents\\LARAVEL FUNDAMENTAL\\laravel vue ecommerce\\ecommerce\\vendor\\laravel\\framework\\src\\Illuminate\\View\\Middleware\\ShareErrorsFromSession.php(49): Illuminate\\Pipeline\\Pipeline->Illuminate\\Pipeline\\{closure}(Object(Illuminate\\Http\\Request))
#17 C:\\Users\\62812\\Documents\\LARAVEL FUNDAMENTAL\\laravel vue ecommerce\\ecommerce\\vendor\\laravel\\framework\\src\\Illuminate\\Pipeline\\Pipeline.php(209): Illuminate\\View\\Middleware\\ShareErrorsFromSession->handle(Object(Illuminate\\Http\\Request), Object(Closure))
#18 C:\\Users\\62812\\Documents\\LARAVEL FUNDAMENTAL\\laravel vue ecommerce\\ecommerce\\vendor\\laravel\\framework\\src\\Illuminate\\Session\\Middleware\\StartSession.php(121): Illuminate\\Pipeline\\Pipeline->Illuminate\\Pipeline\\{closure}(Object(Illuminate\\Http\\Request))
#19 C:\\Users\\62812\\Documents\\LARAVEL FUNDAMENTAL\\laravel vue ecommerce\\ecommerce\\vendor\\laravel\\framework\\src\\Illuminate\\Session\\Middleware\\StartSession.php(64): Illuminate\\Session\\Middleware\\StartSession->handleStatefulRequest(Object(Illuminate\\Http\\Request), Object(Illuminate\\Session\\Store), Object(Closure))
#20 C:\\Users\\62812\\Documents\\LARAVEL FUNDAMENTAL\\laravel vue ecommerce\\ecommerce\\vendor\\laravel\\framework\\src\\Illuminate\\Pipeline\\Pipeline.php(209): Illuminate\\Session\\Middleware\\StartSession->handle(Object(Illuminate\\Http\\Request), Object(Closure))
#21 C:\\Users\\62812\\Documents\\LARAVEL FUNDAMENTAL\\laravel vue ecommerce\\ecommerce\\vendor\\laravel\\framework\\src\\Illuminate\\Cookie\\Middleware\\AddQueuedCookiesToResponse.php(37): Illuminate\\Pipeline\\Pipeline->Illuminate\\Pipeline\\{closure}(Object(Illuminate\\Http\\Request))
#22 C:\\Users\\62812\\Documents\\LARAVEL FUNDAMENTAL\\laravel vue ecommerce\\ecommerce\\vendor\\laravel\\framework\\src\\Illuminate\\Pipeline\\Pipeline.php(209): Illuminate\\Cookie\\Middleware\\AddQueuedCookiesToResponse->handle(Object(Illuminate\\Http\\Request), Object(Closure))
#23 C:\\Users\\62812\\Documents\\LARAVEL FUNDAMENTAL\\laravel vue ecommerce\\ecommerce\\vendor\\laravel\\framework\\src\\Illuminate\\Cookie\\Middleware\\EncryptCookies.php(75): Illuminate\\Pipeline\\Pipeline->Illuminate\\Pipeline\\{closure}(Object(Illuminate\\Http\\Request))
#24 C:\\Users\\62812\\Documents\\LARAVEL FUNDAMENTAL\\laravel vue ecommerce\\ecommerce\\vendor\\laravel\\framework\\src\\Illuminate\\Pipeline\\Pipeline.php(209): Illuminate\\Cookie\\Middleware\\EncryptCookies->handle(Object(Illuminate\\Http\\Request), Object(Closure))
#25 C:\\Users\\62812\\Documents\\LARAVEL FUNDAMENTAL\\laravel vue ecommerce\\ecommerce\\vendor\\laravel\\framework\\src\\Illuminate\\Pipeline\\Pipeline.php(127): Illuminate\\Pipeline\\Pipeline->Illuminate\\Pipeline\\{closure}(Object(Illuminate\\Http\\Request))
#26 C:\\Users\\62812\\Documents\\LARAVEL FUNDAMENTAL\\laravel vue ecommerce\\ecommerce\\vendor\\laravel\\framework\\src\\Illuminate\\Routing\\Router.php(807): Illuminate\\Pipeline\\Pipeline->then(Object(Closure))
#27 C:\\Users\\62812\\Documents\\LARAVEL FUNDAMENTAL\\laravel vue ecommerce\\ecommerce\\vendor\\laravel\\framework\\src\\Illuminate\\Routing\\Router.php(786): Illuminate\\Routing\\Router->runRouteWithinStack(Object(Illuminate\\Routing\\Route), Object(Illuminate\\Http\\Request))
#28 C:\\Users\\62812\\Documents\\LARAVEL FUNDAMENTAL\\laravel vue ecommerce\\ecommerce\\vendor\\laravel\\framework\\src\\Illuminate\\Routing\\Router.php(750): Illuminate\\Routing\\Router->runRoute(Object(Illuminate\\Http\\Request), Object(Illuminate\\Routing\\Route))
#29 C:\\Users\\62812\\Documents\\LARAVEL FUNDAMENTAL\\laravel vue ecommerce\\ecommerce\\vendor\\laravel\\framework\\src\\Illuminate\\Routing\\Router.php(739): Illuminate\\Routing\\Router->dispatchToRoute(Object(Illuminate\\Http\\Request))
#30 C:\\Users\\62812\\Documents\\LARAVEL FUNDAMENTAL\\laravel vue ecommerce\\ecommerce\\vendor\\laravel\\framework\\src\\Illuminate\\Foundation\\Http\\Kernel.php(201): Illuminate\\Routing\\Router->dispatch(Object(Illuminate\\Http\\Request))
#31 C:\\Users\\62812\\Documents\\LARAVEL FUNDAMENTAL\\laravel vue ecommerce\\ecommerce\\vendor\\laravel\\framework\\src\\Illuminate\\Pipeline\\Pipeline.php(170): Illuminate\\Foundation\\Http\\Kernel->Illuminate\\Foundation\\Http\\{closure}(Object(Illuminate\\Http\\Request))
#32 C:\\Users\\62812\\Documents\\LARAVEL FUNDAMENTAL\\laravel vue ecommerce\\ecommerce\\vendor\\laravel\\framework\\src\\Illuminate\\Foundation\\Http\\Middleware\\TransformsRequest.php(21): Illuminate\\Pipeline\\Pipeline->Illuminate\\Pipeline\\{closure}(Object(Illuminate\\Http\\Request))
#33 C:\\Users\\62812\\Documents\\LARAVEL FUNDAMENTAL\\laravel vue ecommerce\\ecommerce\\vendor\\laravel\\framework\\src\\Illuminate\\Foundation\\Http\\Middleware\\ConvertEmptyStringsToNull.php(31): Illuminate\\Foundation\\Http\\Middleware\\TransformsRequest->handle(Object(Illuminate\\Http\\Request), Object(Closure))
#34 C:\\Users\\62812\\Documents\\LARAVEL FUNDAMENTAL\\laravel vue ecommerce\\ecommerce\\vendor\\laravel\\framework\\src\\Illuminate\\Pipeline\\Pipeline.php(209): Illuminate\\Foundation\\Http\\Middleware\\ConvertEmptyStringsToNull->handle(Object(Illuminate\\Http\\Request), Object(Closure))
#35 C:\\Users\\62812\\Documents\\LARAVEL FUNDAMENTAL\\laravel vue ecommerce\\ecommerce\\vendor\\laravel\\framework\\src\\Illuminate\\Foundation\\Http\\Middleware\\TransformsRequest.php(21): Illuminate\\Pipeline\\Pipeline->Illuminate\\Pipeline\\{closure}(Object(Illuminate\\Http\\Request))
#36 C:\\Users\\62812\\Documents\\LARAVEL FUNDAMENTAL\\laravel vue ecommerce\\ecommerce\\vendor\\laravel\\framework\\src\\Illuminate\\Foundation\\Http\\Middleware\\TrimStrings.php(51): Illuminate\\Foundation\\Http\\Middleware\\TransformsRequest->handle(Object(Illuminate\\Http\\Request), Object(Closure))
#37 C:\\Users\\62812\\Documents\\LARAVEL FUNDAMENTAL\\laravel vue ecommerce\\ecommerce\\vendor\\laravel\\framework\\src\\Illuminate\\Pipeline\\Pipeline.php(209): Illuminate\\Foundation\\Http\\Middleware\\TrimStrings->handle(Object(Illuminate\\Http\\Request), Object(Closure))
#38 C:\\Users\\62812\\Documents\\LARAVEL FUNDAMENTAL\\laravel vue ecommerce\\ecommerce\\vendor\\laravel\\framework\\src\\Illuminate\\Http\\Middleware\\ValidatePostSize.php(27): Illuminate\\Pipeline\\Pipeline->Illuminate\\Pipeline\\{closure}(Object(Illuminate\\Http\\Request))
#39 C:\\Users\\62812\\Documents\\LARAVEL FUNDAMENTAL\\laravel vue ecommerce\\ecommerce\\vendor\\laravel\\framework\\src\\Illuminate\\Pipeline\\Pipeline.php(209): Illuminate\\Http\\Middleware\\ValidatePostSize->handle(Object(Illuminate\\Http\\Request), Object(Closure))
#40 C:\\Users\\62812\\Documents\\LARAVEL FUNDAMENTAL\\laravel vue ecommerce\\ecommerce\\vendor\\laravel\\framework\\src\\Illuminate\\Foundation\\Http\\Middleware\\PreventRequestsDuringMaintenance.php(110): Illuminate\\Pipeline\\Pipeline->Illuminate\\Pipeline\\{closure}(Object(Illuminate\\Http\\Request))
#41 C:\\Users\\62812\\Documents\\LARAVEL FUNDAMENTAL\\laravel vue ecommerce\\ecommerce\\vendor\\laravel\\framework\\src\\Illuminate\\Pipeline\\Pipeline.php(209): Illuminate\\Foundation\\Http\\Middleware\\PreventRequestsDuringMaintenance->handle(Object(Illuminate\\Http\\Request), Object(Closure))
#42 C:\\Users\\62812\\Documents\\LARAVEL FUNDAMENTAL\\laravel vue ecommerce\\ecommerce\\vendor\\laravel\\framework\\src\\Illuminate\\Http\\Middleware\\HandleCors.php(49): Illuminate\\Pipeline\\Pipeline->Illuminate\\Pipeline\\{closure}(Object(Illuminate\\Http\\Request))
#43 C:\\Users\\62812\\Documents\\LARAVEL FUNDAMENTAL\\laravel vue ecommerce\\ecommerce\\vendor\\laravel\\framework\\src\\Illuminate\\Pipeline\\Pipeline.php(209): Illuminate\\Http\\Middleware\\HandleCors->handle(Object(Illuminate\\Http\\Request), Object(Closure))
#44 C:\\Users\\62812\\Documents\\LARAVEL FUNDAMENTAL\\laravel vue ecommerce\\ecommerce\\vendor\\laravel\\framework\\src\\Illuminate\\Http\\Middleware\\TrustProxies.php(58): Illuminate\\Pipeline\\Pipeline->Illuminate\\Pipeline\\{closure}(Object(Illuminate\\Http\\Request))
#45 C:\\Users\\62812\\Documents\\LARAVEL FUNDAMENTAL\\laravel vue ecommerce\\ecommerce\\vendor\\laravel\\framework\\src\\Illuminate\\Pipeline\\Pipeline.php(209): Illuminate\\Http\\Middleware\\TrustProxies->handle(Object(Illuminate\\Http\\Request), Object(Closure))
#46 C:\\Users\\62812\\Documents\\LARAVEL FUNDAMENTAL\\laravel vue ecommerce\\ecommerce\\vendor\\laravel\\framework\\src\\Illuminate\\Foundation\\Http\\Middleware\\InvokeDeferredCallbacks.php(22): Illuminate\\Pipeline\\Pipeline->Illuminate\\Pipeline\\{closure}(Object(Illuminate\\Http\\Request))
#47 C:\\Users\\62812\\Documents\\LARAVEL FUNDAMENTAL\\laravel vue ecommerce\\ecommerce\\vendor\\laravel\\framework\\src\\Illuminate\\Pipeline\\Pipeline.php(209): Illuminate\\Foundation\\Http\\Middleware\\InvokeDeferredCallbacks->handle(Object(Illuminate\\Http\\Request), Object(Closure))
#48 C:\\Users\\62812\\Documents\\LARAVEL FUNDAMENTAL\\laravel vue ecommerce\\ecommerce\\vendor\\laravel\\framework\\src\\Illuminate\\Pipeline\\Pipeline.php(127): Illuminate\\Pipeline\\Pipeline->Illuminate\\Pipeline\\{closure}(Object(Illuminate\\Http\\Request))
#49 C:\\Users\\62812\\Documents\\LARAVEL FUNDAMENTAL\\laravel vue ecommerce\\ecommerce\\vendor\\laravel\\framework\\src\\Illuminate\\Foundation\\Http\\Kernel.php(176): Illuminate\\Pipeline\\Pipeline->then(Object(Closure))
#50 C:\\Users\\62812\\Documents\\LARAVEL FUNDAMENTAL\\laravel vue ecommerce\\ecommerce\\vendor\\laravel\\framework\\src\\Illuminate\\Foundation\\Http\\Kernel.php(145): Illuminate\\Foundation\\Http\\Kernel->sendRequestThroughRouter(Object(Illuminate\\Http\\Request))
#51 C:\\Users\\62812\\Documents\\LARAVEL FUNDAMENTAL\\laravel vue ecommerce\\ecommerce\\vendor\\laravel\\framework\\src\\Illuminate\\Foundation\\Application.php(1220): Illuminate\\Foundation\\Http\\Kernel->handle(Object(Illuminate\\Http\\Request))
#52 C:\\Users\\62812\\Documents\\LARAVEL FUNDAMENTAL\\laravel vue ecommerce\\ecommerce\\public\\index.php(17): Illuminate\\Foundation\\Application->handleRequest(Object(Illuminate\\Http\\Request))
#53 C:\\Users\\62812\\Documents\\LARAVEL FUNDAMENTAL\\laravel vue ecommerce\\ecommerce\\vendor\\laravel\\framework\\src\\Illuminate\\Foundation\\resources\\server.php(23): require_once('C:\\\\Users\\\\62812\\\\...')
#54 {main}
"} 
[2025-09-24 10:55:50] local.ERROR: SQLSTATE[42S02]: Base table or view not found: 1146 Table 'laravel.personal_access_tokens' doesn't exist (Connection: mysql, SQL: select * from `personal_access_tokens` where `personal_access_tokens`.`id` = 4 limit 1) {"exception":"[object] (Illuminate\\Database\\QueryException(code: 42S02): SQLSTATE[42S02]: Base table or view not found: 1146 Table 'laravel.personal_access_tokens' doesn't exist (Connection: mysql, SQL: select * from `personal_access_tokens` where `personal_access_tokens`.`id` = 4 limit 1) at C:\\Users\\62812\\Documents\\LARAVEL FUNDAMENTAL\\laravel vue ecommerce\\ecommerce\\vendor\\laravel\\framework\\src\\Illuminate\\Database\\Connection.php:825)
[stacktrace]
#0 C:\\Users\\62812\\Documents\\LARAVEL FUNDAMENTAL\\laravel vue ecommerce\\ecommerce\\vendor\\laravel\\framework\\src\\Illuminate\\Database\\Connection.php(779): Illuminate\\Database\\Connection->runQueryCallback('select * from `...', Array, Object(Closure))
#1 C:\\Users\\62812\\Documents\\LARAVEL FUNDAMENTAL\\laravel vue ecommerce\\ecommerce\\vendor\\laravel\\framework\\src\\Illuminate\\Database\\Connection.php(398): Illuminate\\Database\\Connection->run('select * from `...', Array, Object(Closure))
#2 C:\\Users\\62812\\Documents\\LARAVEL FUNDAMENTAL\\laravel vue ecommerce\\ecommerce\\vendor\\laravel\\framework\\src\\Illuminate\\Database\\Query\\Builder.php(3106): Illuminate\\Database\\Connection->select('select * from `...', Array, true)
#3 C:\\Users\\62812\\Documents\\LARAVEL FUNDAMENTAL\\laravel vue ecommerce\\ecommerce\\vendor\\laravel\\framework\\src\\Illuminate\\Database\\Query\\Builder.php(3091): Illuminate\\Database\\Query\\Builder->runSelect()
#4 C:\\Users\\62812\\Documents\\LARAVEL FUNDAMENTAL\\laravel vue ecommerce\\ecommerce\\vendor\\laravel\\framework\\src\\Illuminate\\Database\\Query\\Builder.php(3676): Illuminate\\Database\\Query\\Builder->Illuminate\\Database\\Query\\{closure}()
#5 C:\\Users\\62812\\Documents\\LARAVEL FUNDAMENTAL\\laravel vue ecommerce\\ecommerce\\vendor\\laravel\\framework\\src\\Illuminate\\Database\\Query\\Builder.php(3090): Illuminate\\Database\\Query\\Builder->onceWithColumns(Array, Object(Closure))
#6 C:\\Users\\62812\\Documents\\LARAVEL FUNDAMENTAL\\laravel vue ecommerce\\ecommerce\\vendor\\laravel\\framework\\src\\Illuminate\\Database\\Eloquent\\Builder.php(811): Illuminate\\Database\\Query\\Builder->get(Array)
#7 C:\\Users\\62812\\Documents\\LARAVEL FUNDAMENTAL\\laravel vue ecommerce\\ecommerce\\vendor\\laravel\\framework\\src\\Illuminate\\Database\\Eloquent\\Builder.php(793): Illuminate\\Database\\Eloquent\\Builder->getModels(Array)
#8 C:\\Users\\62812\\Documents\\LARAVEL FUNDAMENTAL\\laravel vue ecommerce\\ecommerce\\vendor\\laravel\\framework\\src\\Illuminate\\Database\\Concerns\\BuildsQueries.php(343): Illuminate\\Database\\Eloquent\\Builder->get(Array)
#9 C:\\Users\\62812\\Documents\\LARAVEL FUNDAMENTAL\\laravel vue ecommerce\\ecommerce\\vendor\\laravel\\framework\\src\\Illuminate\\Database\\Eloquent\\Builder.php(477): Illuminate\\Database\\Eloquent\\Builder->first(Array)
#10 C:\\Users\\62812\\Documents\\LARAVEL FUNDAMENTAL\\laravel vue ecommerce\\ecommerce\\vendor\\laravel\\framework\\src\\Illuminate\\Support\\Traits\\ForwardsCalls.php(23): Illuminate\\Database\\Eloquent\\Builder->find('4')
#11 C:\\Users\\62812\\Documents\\LARAVEL FUNDAMENTAL\\laravel vue ecommerce\\ecommerce\\vendor\\laravel\\framework\\src\\Illuminate\\Database\\Eloquent\\Model.php(2372): Illuminate\\Database\\Eloquent\\Model->forwardCallTo(Object(Illuminate\\Database\\Eloquent\\Builder), 'find', Array)
#12 C:\\Users\\62812\\Documents\\LARAVEL FUNDAMENTAL\\laravel vue ecommerce\\ecommerce\\vendor\\laravel\\framework\\src\\Illuminate\\Database\\Eloquent\\Model.php(2384): Illuminate\\Database\\Eloquent\\Model->__call('find', Array)
#13 C:\\Users\\62812\\Documents\\LARAVEL FUNDAMENTAL\\laravel vue ecommerce\\ecommerce\\vendor\\laravel\\sanctum\\src\\PersonalAccessToken.php(66): Illuminate\\Database\\Eloquent\\Model::__callStatic('find', Array)
#14 C:\\Users\\62812\\Documents\\LARAVEL FUNDAMENTAL\\laravel vue ecommerce\\ecommerce\\vendor\\laravel\\sanctum\\src\\Guard.php(67): Laravel\\Sanctum\\PersonalAccessToken::findToken('AMpNbVoj6kggQ7Z...')
#15 [internal function]: Laravel\\Sanctum\\Guard->__invoke(Object(Illuminate\\Http\\Request), NULL)
#16 C:\\Users\\62812\\Documents\\LARAVEL FUNDAMENTAL\\laravel vue ecommerce\\ecommerce\\vendor\\laravel\\framework\\src\\Illuminate\\Auth\\RequestGuard.php(57): call_user_func(Object(Laravel\\Sanctum\\Guard), Object(Illuminate\\Http\\Request), NULL)
#17 C:\\Users\\62812\\Documents\\LARAVEL FUNDAMENTAL\\laravel vue ecommerce\\ecommerce\\vendor\\laravel\\framework\\src\\Illuminate\\Auth\\GuardHelpers.php(56): Illuminate\\Auth\\RequestGuard->user()
#18 C:\\Users\\62812\\Documents\\LARAVEL FUNDAMENTAL\\laravel vue ecommerce\\ecommerce\\vendor\\laravel\\framework\\src\\Illuminate\\Auth\\Middleware\\Authenticate.php(83): Illuminate\\Auth\\RequestGuard->check()
#19 C:\\Users\\62812\\Documents\\LARAVEL FUNDAMENTAL\\laravel vue ecommerce\\ecommerce\\vendor\\laravel\\framework\\src\\Illuminate\\Auth\\Middleware\\Authenticate.php(62): Illuminate\\Auth\\Middleware\\Authenticate->authenticate(Object(Illuminate\\Http\\Request), Array)
#20 C:\\Users\\62812\\Documents\\LARAVEL FUNDAMENTAL\\laravel vue ecommerce\\ecommerce\\vendor\\laravel\\framework\\src\\Illuminate\\Pipeline\\Pipeline.php(209): Illuminate\\Auth\\Middleware\\Authenticate->handle(Object(Illuminate\\Http\\Request), Object(Closure), 'sanctum')
#21 C:\\Users\\62812\\Documents\\LARAVEL FUNDAMENTAL\\laravel vue ecommerce\\ecommerce\\vendor\\laravel\\framework\\src\\Illuminate\\Pipeline\\Pipeline.php(127): Illuminate\\Pipeline\\Pipeline->Illuminate\\Pipeline\\{closure}(Object(Illuminate\\Http\\Request))
#22 C:\\Users\\62812\\Documents\\LARAVEL FUNDAMENTAL\\laravel vue ecommerce\\ecommerce\\vendor\\laravel\\framework\\src\\Illuminate\\Routing\\Router.php(807): Illuminate\\Pipeline\\Pipeline->then(Object(Closure))
#23 C:\\Users\\62812\\Documents\\LARAVEL FUNDAMENTAL\\laravel vue ecommerce\\ecommerce\\vendor\\laravel\\framework\\src\\Illuminate\\Routing\\Router.php(786): Illuminate\\Routing\\Router->runRouteWithinStack(Object(Illuminate\\Routing\\Route), Object(Illuminate\\Http\\Request))
#24 C:\\Users\\62812\\Documents\\LARAVEL FUNDAMENTAL\\laravel vue ecommerce\\ecommerce\\vendor\\laravel\\framework\\src\\Illuminate\\Routing\\Router.php(750): Illuminate\\Routing\\Router->runRoute(Object(Illuminate\\Http\\Request), Object(Illuminate\\Routing\\Route))
#25 C:\\Users\\62812\\Documents\\LARAVEL FUNDAMENTAL\\laravel vue ecommerce\\ecommerce\\vendor\\laravel\\framework\\src\\Illuminate\\Routing\\Router.php(739): Illuminate\\Routing\\Router->dispatchToRoute(Object(Illuminate\\Http\\Request))
#26 C:\\Users\\62812\\Documents\\LARAVEL FUNDAMENTAL\\laravel vue ecommerce\\ecommerce\\vendor\\laravel\\framework\\src\\Illuminate\\Foundation\\Http\\Kernel.php(201): Illuminate\\Routing\\Router->dispatch(Object(Illuminate\\Http\\Request))
#27 C:\\Users\\62812\\Documents\\LARAVEL FUNDAMENTAL\\laravel vue ecommerce\\ecommerce\\vendor\\laravel\\framework\\src\\Illuminate\\Pipeline\\Pipeline.php(170): Illuminate\\Foundation\\Http\\Kernel->Illuminate\\Foundation\\Http\\{closure}(Object(Illuminate\\Http\\Request))
#28 C:\\Users\\62812\\Documents\\LARAVEL FUNDAMENTAL\\laravel vue ecommerce\\ecommerce\\vendor\\laravel\\framework\\src\\Illuminate\\Foundation\\Http\\Middleware\\TransformsRequest.php(21): Illuminate\\Pipeline\\Pipeline->Illuminate\\Pipeline\\{closure}(Object(Illuminate\\Http\\Request))
#29 C:\\Users\\62812\\Documents\\LARAVEL FUNDAMENTAL\\laravel vue ecommerce\\ecommerce\\vendor\\laravel\\framework\\src\\Illuminate\\Foundation\\Http\\Middleware\\ConvertEmptyStringsToNull.php(31): Illuminate\\Foundation\\Http\\Middleware\\TransformsRequest->handle(Object(Illuminate\\Http\\Request), Object(Closure))
#30 C:\\Users\\62812\\Documents\\LARAVEL FUNDAMENTAL\\laravel vue ecommerce\\ecommerce\\vendor\\laravel\\framework\\src\\Illuminate\\Pipeline\\Pipeline.php(209): Illuminate\\Foundation\\Http\\Middleware\\ConvertEmptyStringsToNull->handle(Object(Illuminate\\Http\\Request), Object(Closure))
#31 C:\\Users\\62812\\Documents\\LARAVEL FUNDAMENTAL\\laravel vue ecommerce\\ecommerce\\vendor\\laravel\\framework\\src\\Illuminate\\Foundation\\Http\\Middleware\\TransformsRequest.php(21): Illuminate\\Pipeline\\Pipeline->Illuminate\\Pipeline\\{closure}(Object(Illuminate\\Http\\Request))
#32 C:\\Users\\62812\\Documents\\LARAVEL FUNDAMENTAL\\laravel vue ecommerce\\ecommerce\\vendor\\laravel\\framework\\src\\Illuminate\\Foundation\\Http\\Middleware\\TrimStrings.php(51): Illuminate\\Foundation\\Http\\Middleware\\TransformsRequest->handle(Object(Illuminate\\Http\\Request), Object(Closure))
#33 C:\\Users\\62812\\Documents\\LARAVEL FUNDAMENTAL\\laravel vue ecommerce\\ecommerce\\vendor\\laravel\\framework\\src\\Illuminate\\Pipeline\\Pipeline.php(209): Illuminate\\Foundation\\Http\\Middleware\\TrimStrings->handle(Object(Illuminate\\Http\\Request), Object(Closure))
#34 C:\\Users\\62812\\Documents\\LARAVEL FUNDAMENTAL\\laravel vue ecommerce\\ecommerce\\vendor\\laravel\\framework\\src\\Illuminate\\Http\\Middleware\\ValidatePostSize.php(27): Illuminate\\Pipeline\\Pipeline->Illuminate\\Pipeline\\{closure}(Object(Illuminate\\Http\\Request))
#35 C:\\Users\\62812\\Documents\\LARAVEL FUNDAMENTAL\\laravel vue ecommerce\\ecommerce\\vendor\\laravel\\framework\\src\\Illuminate\\Pipeline\\Pipeline.php(209): Illuminate\\Http\\Middleware\\ValidatePostSize->handle(Object(Illuminate\\Http\\Request), Object(Closure))
#36 C:\\Users\\62812\\Documents\\LARAVEL FUNDAMENTAL\\laravel vue ecommerce\\ecommerce\\vendor\\laravel\\framework\\src\\Illuminate\\Foundation\\Http\\Middleware\\PreventRequestsDuringMaintenance.php(110): Illuminate\\Pipeline\\Pipeline->Illuminate\\Pipeline\\{closure}(Object(Illuminate\\Http\\Request))
#37 C:\\Users\\62812\\Documents\\LARAVEL FUNDAMENTAL\\laravel vue ecommerce\\ecommerce\\vendor\\laravel\\framework\\src\\Illuminate\\Pipeline\\Pipeline.php(209): Illuminate\\Foundation\\Http\\Middleware\\PreventRequestsDuringMaintenance->handle(Object(Illuminate\\Http\\Request), Object(Closure))
#38 C:\\Users\\62812\\Documents\\LARAVEL FUNDAMENTAL\\laravel vue ecommerce\\ecommerce\\vendor\\laravel\\framework\\src\\Illuminate\\Http\\Middleware\\HandleCors.php(62): Illuminate\\Pipeline\\Pipeline->Illuminate\\Pipeline\\{closure}(Object(Illuminate\\Http\\Request))
#39 C:\\Users\\62812\\Documents\\LARAVEL FUNDAMENTAL\\laravel vue ecommerce\\ecommerce\\vendor\\laravel\\framework\\src\\Illuminate\\Pipeline\\Pipeline.php(209): Illuminate\\Http\\Middleware\\HandleCors->handle(Object(Illuminate\\Http\\Request), Object(Closure))
#40 C:\\Users\\62812\\Documents\\LARAVEL FUNDAMENTAL\\laravel vue ecommerce\\ecommerce\\vendor\\laravel\\framework\\src\\Illuminate\\Http\\Middleware\\TrustProxies.php(58): Illuminate\\Pipeline\\Pipeline->Illuminate\\Pipeline\\{closure}(Object(Illuminate\\Http\\Request))
#41 C:\\Users\\62812\\Documents\\LARAVEL FUNDAMENTAL\\laravel vue ecommerce\\ecommerce\\vendor\\laravel\\framework\\src\\Illuminate\\Pipeline\\Pipeline.php(209): Illuminate\\Http\\Middleware\\TrustProxies->handle(Object(Illuminate\\Http\\Request), Object(Closure))
#42 C:\\Users\\62812\\Documents\\LARAVEL FUNDAMENTAL\\laravel vue ecommerce\\ecommerce\\vendor\\laravel\\framework\\src\\Illuminate\\Foundation\\Http\\Middleware\\InvokeDeferredCallbacks.php(22): Illuminate\\Pipeline\\Pipeline->Illuminate\\Pipeline\\{closure}(Object(Illuminate\\Http\\Request))
#43 C:\\Users\\62812\\Documents\\LARAVEL FUNDAMENTAL\\laravel vue ecommerce\\ecommerce\\vendor\\laravel\\framework\\src\\Illuminate\\Pipeline\\Pipeline.php(209): Illuminate\\Foundation\\Http\\Middleware\\InvokeDeferredCallbacks->handle(Object(Illuminate\\Http\\Request), Object(Closure))
#44 C:\\Users\\62812\\Documents\\LARAVEL FUNDAMENTAL\\laravel vue ecommerce\\ecommerce\\vendor\\laravel\\framework\\src\\Illuminate\\Pipeline\\Pipeline.php(127): Illuminate\\Pipeline\\Pipeline->Illuminate\\Pipeline\\{closure}(Object(Illuminate\\Http\\Request))
#45 C:\\Users\\62812\\Documents\\LARAVEL FUNDAMENTAL\\laravel vue ecommerce\\ecommerce\\vendor\\laravel\\framework\\src\\Illuminate\\Foundation\\Http\\Kernel.php(176): Illuminate\\Pipeline\\Pipeline->then(Object(Closure))
#46 C:\\Users\\62812\\Documents\\LARAVEL FUNDAMENTAL\\laravel vue ecommerce\\ecommerce\\vendor\\laravel\\framework\\src\\Illuminate\\Foundation\\Http\\Kernel.php(145): Illuminate\\Foundation\\Http\\Kernel->sendRequestThroughRouter(Object(Illuminate\\Http\\Request))
#47 C:\\Users\\62812\\Documents\\LARAVEL FUNDAMENTAL\\laravel vue ecommerce\\ecommerce\\vendor\\laravel\\framework\\src\\Illuminate\\Foundation\\Application.php(1220): Illuminate\\Foundation\\Http\\Kernel->handle(Object(Illuminate\\Http\\Request))
#48 C:\\Users\\62812\\Documents\\LARAVEL FUNDAMENTAL\\laravel vue ecommerce\\ecommerce\\public\\index.php(17): Illuminate\\Foundation\\Application->handleRequest(Object(Illuminate\\Http\\Request))
#49 C:\\Users\\62812\\Documents\\LARAVEL FUNDAMENTAL\\laravel vue ecommerce\\ecommerce\\vendor\\laravel\\framework\\src\\Illuminate\\Foundation\\resources\\server.php(23): require_once('C:\\\\Users\\\\62812\\\\...')
#50 {main}

[previous exception] [object] (PDOException(code: 42S02): SQLSTATE[42S02]: Base table or view not found: 1146 Table 'laravel.personal_access_tokens' doesn't exist at C:\\Users\\62812\\Documents\\LARAVEL FUNDAMENTAL\\laravel vue ecommerce\\ecommerce\\vendor\\laravel\\framework\\src\\Illuminate\\Database\\Connection.php:407)
[stacktrace]
#0 C:\\Users\\62812\\Documents\\LARAVEL FUNDAMENTAL\\laravel vue ecommerce\\ecommerce\\vendor\\laravel\\framework\\src\\Illuminate\\Database\\Connection.php(407): PDO->prepare('select * from `...')
#1 C:\\Users\\62812\\Documents\\LARAVEL FUNDAMENTAL\\laravel vue ecommerce\\ecommerce\\vendor\\laravel\\framework\\src\\Illuminate\\Database\\Connection.php(812): Illuminate\\Database\\Connection->Illuminate\\Database\\{closure}('select * from `...', Array)
#2 C:\\Users\\62812\\Documents\\LARAVEL FUNDAMENTAL\\laravel vue ecommerce\\ecommerce\\vendor\\laravel\\framework\\src\\Illuminate\\Database\\Connection.php(779): Illuminate\\Database\\Connection->runQueryCallback('select * from `...', Array, Object(Closure))
#3 C:\\Users\\62812\\Documents\\LARAVEL FUNDAMENTAL\\laravel vue ecommerce\\ecommerce\\vendor\\laravel\\framework\\src\\Illuminate\\Database\\Connection.php(398): Illuminate\\Database\\Connection->run('select * from `...', Array, Object(Closure))
#4 C:\\Users\\62812\\Documents\\LARAVEL FUNDAMENTAL\\laravel vue ecommerce\\ecommerce\\vendor\\laravel\\framework\\src\\Illuminate\\Database\\Query\\Builder.php(3106): Illuminate\\Database\\Connection->select('select * from `...', Array, true)
#5 C:\\Users\\62812\\Documents\\LARAVEL FUNDAMENTAL\\laravel vue ecommerce\\ecommerce\\vendor\\laravel\\framework\\src\\Illuminate\\Database\\Query\\Builder.php(3091): Illuminate\\Database\\Query\\Builder->runSelect()
#6 C:\\Users\\62812\\Documents\\LARAVEL FUNDAMENTAL\\laravel vue ecommerce\\ecommerce\\vendor\\laravel\\framework\\src\\Illuminate\\Database\\Query\\Builder.php(3676): Illuminate\\Database\\Query\\Builder->Illuminate\\Database\\Query\\{closure}()
#7 C:\\Users\\62812\\Documents\\LARAVEL FUNDAMENTAL\\laravel vue ecommerce\\ecommerce\\vendor\\laravel\\framework\\src\\Illuminate\\Database\\Query\\Builder.php(3090): Illuminate\\Database\\Query\\Builder->onceWithColumns(Array, Object(Closure))
#8 C:\\Users\\62812\\Documents\\LARAVEL FUNDAMENTAL\\laravel vue ecommerce\\ecommerce\\vendor\\laravel\\framework\\src\\Illuminate\\Database\\Eloquent\\Builder.php(811): Illuminate\\Database\\Query\\Builder->get(Array)
#9 C:\\Users\\62812\\Documents\\LARAVEL FUNDAMENTAL\\laravel vue ecommerce\\ecommerce\\vendor\\laravel\\framework\\src\\Illuminate\\Database\\Eloquent\\Builder.php(793): Illuminate\\Database\\Eloquent\\Builder->getModels(Array)
#10 C:\\Users\\62812\\Documents\\LARAVEL FUNDAMENTAL\\laravel vue ecommerce\\ecommerce\\vendor\\laravel\\framework\\src\\Illuminate\\Database\\Concerns\\BuildsQueries.php(343): Illuminate\\Database\\Eloquent\\Builder->get(Array)
#11 C:\\Users\\62812\\Documents\\LARAVEL FUNDAMENTAL\\laravel vue ecommerce\\ecommerce\\vendor\\laravel\\framework\\src\\Illuminate\\Database\\Eloquent\\Builder.php(477): Illuminate\\Database\\Eloquent\\Builder->first(Array)
#12 C:\\Users\\62812\\Documents\\LARAVEL FUNDAMENTAL\\laravel vue ecommerce\\ecommerce\\vendor\\laravel\\framework\\src\\Illuminate\\Support\\Traits\\ForwardsCalls.php(23): Illuminate\\Database\\Eloquent\\Builder->find('4')
#13 C:\\Users\\62812\\Documents\\LARAVEL FUNDAMENTAL\\laravel vue ecommerce\\ecommerce\\vendor\\laravel\\framework\\src\\Illuminate\\Database\\Eloquent\\Model.php(2372): Illuminate\\Database\\Eloquent\\Model->forwardCallTo(Object(Illuminate\\Database\\Eloquent\\Builder), 'find', Array)
#14 C:\\Users\\62812\\Documents\\LARAVEL FUNDAMENTAL\\laravel vue ecommerce\\ecommerce\\vendor\\laravel\\framework\\src\\Illuminate\\Database\\Eloquent\\Model.php(2384): Illuminate\\Database\\Eloquent\\Model->__call('find', Array)
#15 C:\\Users\\62812\\Documents\\LARAVEL FUNDAMENTAL\\laravel vue ecommerce\\ecommerce\\vendor\\laravel\\sanctum\\src\\PersonalAccessToken.php(66): Illuminate\\Database\\Eloquent\\Model::__callStatic('find', Array)
#16 C:\\Users\\62812\\Documents\\LARAVEL FUNDAMENTAL\\laravel vue ecommerce\\ecommerce\\vendor\\laravel\\sanctum\\src\\Guard.php(67): Laravel\\Sanctum\\PersonalAccessToken::findToken('AMpNbVoj6kggQ7Z...')
#17 [internal function]: Laravel\\Sanctum\\Guard->__invoke(Object(Illuminate\\Http\\Request), NULL)
#18 C:\\Users\\62812\\Documents\\LARAVEL FUNDAMENTAL\\laravel vue ecommerce\\ecommerce\\vendor\\laravel\\framework\\src\\Illuminate\\Auth\\RequestGuard.php(57): call_user_func(Object(Laravel\\Sanctum\\Guard), Object(Illuminate\\Http\\Request), NULL)
#19 C:\\Users\\62812\\Documents\\LARAVEL FUNDAMENTAL\\laravel vue ecommerce\\ecommerce\\vendor\\laravel\\framework\\src\\Illuminate\\Auth\\GuardHelpers.php(56): Illuminate\\Auth\\RequestGuard->user()
#20 C:\\Users\\62812\\Documents\\LARAVEL FUNDAMENTAL\\laravel vue ecommerce\\ecommerce\\vendor\\laravel\\framework\\src\\Illuminate\\Auth\\Middleware\\Authenticate.php(83): Illuminate\\Auth\\RequestGuard->check()
#21 C:\\Users\\62812\\Documents\\LARAVEL FUNDAMENTAL\\laravel vue ecommerce\\ecommerce\\vendor\\laravel\\framework\\src\\Illuminate\\Auth\\Middleware\\Authenticate.php(62): Illuminate\\Auth\\Middleware\\Authenticate->authenticate(Object(Illuminate\\Http\\Request), Array)
#22 C:\\Users\\62812\\Documents\\LARAVEL FUNDAMENTAL\\laravel vue ecommerce\\ecommerce\\vendor\\laravel\\framework\\src\\Illuminate\\Pipeline\\Pipeline.php(209): Illuminate\\Auth\\Middleware\\Authenticate->handle(Object(Illuminate\\Http\\Request), Object(Closure), 'sanctum')
#23 C:\\Users\\62812\\Documents\\LARAVEL FUNDAMENTAL\\laravel vue ecommerce\\ecommerce\\vendor\\laravel\\framework\\src\\Illuminate\\Pipeline\\Pipeline.php(127): Illuminate\\Pipeline\\Pipeline->Illuminate\\Pipeline\\{closure}(Object(Illuminate\\Http\\Request))
#24 C:\\Users\\62812\\Documents\\LARAVEL FUNDAMENTAL\\laravel vue ecommerce\\ecommerce\\vendor\\laravel\\framework\\src\\Illuminate\\Routing\\Router.php(807): Illuminate\\Pipeline\\Pipeline->then(Object(Closure))
#25 C:\\Users\\62812\\Documents\\LARAVEL FUNDAMENTAL\\laravel vue ecommerce\\ecommerce\\vendor\\laravel\\framework\\src\\Illuminate\\Routing\\Router.php(786): Illuminate\\Routing\\Router->runRouteWithinStack(Object(Illuminate\\Routing\\Route), Object(Illuminate\\Http\\Request))
#26 C:\\Users\\62812\\Documents\\LARAVEL FUNDAMENTAL\\laravel vue ecommerce\\ecommerce\\vendor\\laravel\\framework\\src\\Illuminate\\Routing\\Router.php(750): Illuminate\\Routing\\Router->runRoute(Object(Illuminate\\Http\\Request), Object(Illuminate\\Routing\\Route))
#27 C:\\Users\\62812\\Documents\\LARAVEL FUNDAMENTAL\\laravel vue ecommerce\\ecommerce\\vendor\\laravel\\framework\\src\\Illuminate\\Routing\\Router.php(739): Illuminate\\Routing\\Router->dispatchToRoute(Object(Illuminate\\Http\\Request))
#28 C:\\Users\\62812\\Documents\\LARAVEL FUNDAMENTAL\\laravel vue ecommerce\\ecommerce\\vendor\\laravel\\framework\\src\\Illuminate\\Foundation\\Http\\Kernel.php(201): Illuminate\\Routing\\Router->dispatch(Object(Illuminate\\Http\\Request))
#29 C:\\Users\\62812\\Documents\\LARAVEL FUNDAMENTAL\\laravel vue ecommerce\\ecommerce\\vendor\\laravel\\framework\\src\\Illuminate\\Pipeline\\Pipeline.php(170): Illuminate\\Foundation\\Http\\Kernel->Illuminate\\Foundation\\Http\\{closure}(Object(Illuminate\\Http\\Request))
#30 C:\\Users\\62812\\Documents\\LARAVEL FUNDAMENTAL\\laravel vue ecommerce\\ecommerce\\vendor\\laravel\\framework\\src\\Illuminate\\Foundation\\Http\\Middleware\\TransformsRequest.php(21): Illuminate\\Pipeline\\Pipeline->Illuminate\\Pipeline\\{closure}(Object(Illuminate\\Http\\Request))
#31 C:\\Users\\62812\\Documents\\LARAVEL FUNDAMENTAL\\laravel vue ecommerce\\ecommerce\\vendor\\laravel\\framework\\src\\Illuminate\\Foundation\\Http\\Middleware\\ConvertEmptyStringsToNull.php(31): Illuminate\\Foundation\\Http\\Middleware\\TransformsRequest->handle(Object(Illuminate\\Http\\Request), Object(Closure))
#32 C:\\Users\\62812\\Documents\\LARAVEL FUNDAMENTAL\\laravel vue ecommerce\\ecommerce\\vendor\\laravel\\framework\\src\\Illuminate\\Pipeline\\Pipeline.php(209): Illuminate\\Foundation\\Http\\Middleware\\ConvertEmptyStringsToNull->handle(Object(Illuminate\\Http\\Request), Object(Closure))
#33 C:\\Users\\62812\\Documents\\LARAVEL FUNDAMENTAL\\laravel vue ecommerce\\ecommerce\\vendor\\laravel\\framework\\src\\Illuminate\\Foundation\\Http\\Middleware\\TransformsRequest.php(21): Illuminate\\Pipeline\\Pipeline->Illuminate\\Pipeline\\{closure}(Object(Illuminate\\Http\\Request))
#34 C:\\Users\\62812\\Documents\\LARAVEL FUNDAMENTAL\\laravel vue ecommerce\\ecommerce\\vendor\\laravel\\framework\\src\\Illuminate\\Foundation\\Http\\Middleware\\TrimStrings.php(51): Illuminate\\Foundation\\Http\\Middleware\\TransformsRequest->handle(Object(Illuminate\\Http\\Request), Object(Closure))
#35 C:\\Users\\62812\\Documents\\LARAVEL FUNDAMENTAL\\laravel vue ecommerce\\ecommerce\\vendor\\laravel\\framework\\src\\Illuminate\\Pipeline\\Pipeline.php(209): Illuminate\\Foundation\\Http\\Middleware\\TrimStrings->handle(Object(Illuminate\\Http\\Request), Object(Closure))
#36 C:\\Users\\62812\\Documents\\LARAVEL FUNDAMENTAL\\laravel vue ecommerce\\ecommerce\\vendor\\laravel\\framework\\src\\Illuminate\\Http\\Middleware\\ValidatePostSize.php(27): Illuminate\\Pipeline\\Pipeline->Illuminate\\Pipeline\\{closure}(Object(Illuminate\\Http\\Request))
#37 C:\\Users\\62812\\Documents\\LARAVEL FUNDAMENTAL\\laravel vue ecommerce\\ecommerce\\vendor\\laravel\\framework\\src\\Illuminate\\Pipeline\\Pipeline.php(209): Illuminate\\Http\\Middleware\\ValidatePostSize->handle(Object(Illuminate\\Http\\Request), Object(Closure))
#38 C:\\Users\\62812\\Documents\\LARAVEL FUNDAMENTAL\\laravel vue ecommerce\\ecommerce\\vendor\\laravel\\framework\\src\\Illuminate\\Foundation\\Http\\Middleware\\PreventRequestsDuringMaintenance.php(110): Illuminate\\Pipeline\\Pipeline->Illuminate\\Pipeline\\{closure}(Object(Illuminate\\Http\\Request))
#39 C:\\Users\\62812\\Documents\\LARAVEL FUNDAMENTAL\\laravel vue ecommerce\\ecommerce\\vendor\\laravel\\framework\\src\\Illuminate\\Pipeline\\Pipeline.php(209): Illuminate\\Foundation\\Http\\Middleware\\PreventRequestsDuringMaintenance->handle(Object(Illuminate\\Http\\Request), Object(Closure))
#40 C:\\Users\\62812\\Documents\\LARAVEL FUNDAMENTAL\\laravel vue ecommerce\\ecommerce\\vendor\\laravel\\framework\\src\\Illuminate\\Http\\Middleware\\HandleCors.php(62): Illuminate\\Pipeline\\Pipeline->Illuminate\\Pipeline\\{closure}(Object(Illuminate\\Http\\Request))
#41 C:\\Users\\62812\\Documents\\LARAVEL FUNDAMENTAL\\laravel vue ecommerce\\ecommerce\\vendor\\laravel\\framework\\src\\Illuminate\\Pipeline\\Pipeline.php(209): Illuminate\\Http\\Middleware\\HandleCors->handle(Object(Illuminate\\Http\\Request), Object(Closure))
#42 C:\\Users\\62812\\Documents\\LARAVEL FUNDAMENTAL\\laravel vue ecommerce\\ecommerce\\vendor\\laravel\\framework\\src\\Illuminate\\Http\\Middleware\\TrustProxies.php(58): Illuminate\\Pipeline\\Pipeline->Illuminate\\Pipeline\\{closure}(Object(Illuminate\\Http\\Request))
#43 C:\\Users\\62812\\Documents\\LARAVEL FUNDAMENTAL\\laravel vue ecommerce\\ecommerce\\vendor\\laravel\\framework\\src\\Illuminate\\Pipeline\\Pipeline.php(209): Illuminate\\Http\\Middleware\\TrustProxies->handle(Object(Illuminate\\Http\\Request), Object(Closure))
#44 C:\\Users\\62812\\Documents\\LARAVEL FUNDAMENTAL\\laravel vue ecommerce\\ecommerce\\vendor\\laravel\\framework\\src\\Illuminate\\Foundation\\Http\\Middleware\\InvokeDeferredCallbacks.php(22): Illuminate\\Pipeline\\Pipeline->Illuminate\\Pipeline\\{closure}(Object(Illuminate\\Http\\Request))
#45 C:\\Users\\62812\\Documents\\LARAVEL FUNDAMENTAL\\laravel vue ecommerce\\ecommerce\\vendor\\laravel\\framework\\src\\Illuminate\\Pipeline\\Pipeline.php(209): Illuminate\\Foundation\\Http\\Middleware\\InvokeDeferredCallbacks->handle(Object(Illuminate\\Http\\Request), Object(Closure))
#46 C:\\Users\\62812\\Documents\\LARAVEL FUNDAMENTAL\\laravel vue ecommerce\\ecommerce\\vendor\\laravel\\framework\\src\\Illuminate\\Pipeline\\Pipeline.php(127): Illuminate\\Pipeline\\Pipeline->Illuminate\\Pipeline\\{closure}(Object(Illuminate\\Http\\Request))
#47 C:\\Users\\62812\\Documents\\LARAVEL FUNDAMENTAL\\laravel vue ecommerce\\ecommerce\\vendor\\laravel\\framework\\src\\Illuminate\\Foundation\\Http\\Kernel.php(176): Illuminate\\Pipeline\\Pipeline->then(Object(Closure))
#48 C:\\Users\\62812\\Documents\\LARAVEL FUNDAMENTAL\\laravel vue ecommerce\\ecommerce\\vendor\\laravel\\framework\\src\\Illuminate\\Foundation\\Http\\Kernel.php(145): Illuminate\\Foundation\\Http\\Kernel->sendRequestThroughRouter(Object(Illuminate\\Http\\Request))
#49 C:\\Users\\62812\\Documents\\LARAVEL FUNDAMENTAL\\laravel vue ecommerce\\ecommerce\\vendor\\laravel\\framework\\src\\Illuminate\\Foundation\\Application.php(1220): Illuminate\\Foundation\\Http\\Kernel->handle(Object(Illuminate\\Http\\Request))
#50 C:\\Users\\62812\\Documents\\LARAVEL FUNDAMENTAL\\laravel vue ecommerce\\ecommerce\\public\\index.php(17): Illuminate\\Foundation\\Application->handleRequest(Object(Illuminate\\Http\\Request))
#51 C:\\Users\\62812\\Documents\\LARAVEL FUNDAMENTAL\\laravel vue ecommerce\\ecommerce\\vendor\\laravel\\framework\\src\\Illuminate\\Foundation\\resources\\server.php(23): require_once('C:\\\\Users\\\\62812\\\\...')
#52 {main}
"} 
[2025-09-24 10:56:07] local.ERROR: SQLSTATE[42S02]: Base table or view not found: 1146 Table 'laravel.personal_access_tokens' doesn't exist (Connection: mysql, SQL: select * from `personal_access_tokens` where `personal_access_tokens`.`id` = 4 limit 1) {"exception":"[object] (Illuminate\\Database\\QueryException(code: 42S02): SQLSTATE[42S02]: Base table or view not found: 1146 Table 'laravel.personal_access_tokens' doesn't exist (Connection: mysql, SQL: select * from `personal_access_tokens` where `personal_access_tokens`.`id` = 4 limit 1) at C:\\Users\\62812\\Documents\\LARAVEL FUNDAMENTAL\\laravel vue ecommerce\\ecommerce\\vendor\\laravel\\framework\\src\\Illuminate\\Database\\Connection.php:825)
[stacktrace]
#0 C:\\Users\\62812\\Documents\\LARAVEL FUNDAMENTAL\\laravel vue ecommerce\\ecommerce\\vendor\\laravel\\framework\\src\\Illuminate\\Database\\Connection.php(779): Illuminate\\Database\\Connection->runQueryCallback('select * from `...', Array, Object(Closure))
#1 C:\\Users\\62812\\Documents\\LARAVEL FUNDAMENTAL\\laravel vue ecommerce\\ecommerce\\vendor\\laravel\\framework\\src\\Illuminate\\Database\\Connection.php(398): Illuminate\\Database\\Connection->run('select * from `...', Array, Object(Closure))
#2 C:\\Users\\62812\\Documents\\LARAVEL FUNDAMENTAL\\laravel vue ecommerce\\ecommerce\\vendor\\laravel\\framework\\src\\Illuminate\\Database\\Query\\Builder.php(3106): Illuminate\\Database\\Connection->select('select * from `...', Array, true)
#3 C:\\Users\\62812\\Documents\\LARAVEL FUNDAMENTAL\\laravel vue ecommerce\\ecommerce\\vendor\\laravel\\framework\\src\\Illuminate\\Database\\Query\\Builder.php(3091): Illuminate\\Database\\Query\\Builder->runSelect()
#4 C:\\Users\\62812\\Documents\\LARAVEL FUNDAMENTAL\\laravel vue ecommerce\\ecommerce\\vendor\\laravel\\framework\\src\\Illuminate\\Database\\Query\\Builder.php(3676): Illuminate\\Database\\Query\\Builder->Illuminate\\Database\\Query\\{closure}()
#5 C:\\Users\\62812\\Documents\\LARAVEL FUNDAMENTAL\\laravel vue ecommerce\\ecommerce\\vendor\\laravel\\framework\\src\\Illuminate\\Database\\Query\\Builder.php(3090): Illuminate\\Database\\Query\\Builder->onceWithColumns(Array, Object(Closure))
#6 C:\\Users\\62812\\Documents\\LARAVEL FUNDAMENTAL\\laravel vue ecommerce\\ecommerce\\vendor\\laravel\\framework\\src\\Illuminate\\Database\\Eloquent\\Builder.php(811): Illuminate\\Database\\Query\\Builder->get(Array)
#7 C:\\Users\\62812\\Documents\\LARAVEL FUNDAMENTAL\\laravel vue ecommerce\\ecommerce\\vendor\\laravel\\framework\\src\\Illuminate\\Database\\Eloquent\\Builder.php(793): Illuminate\\Database\\Eloquent\\Builder->getModels(Array)
#8 C:\\Users\\62812\\Documents\\LARAVEL FUNDAMENTAL\\laravel vue ecommerce\\ecommerce\\vendor\\laravel\\framework\\src\\Illuminate\\Database\\Concerns\\BuildsQueries.php(343): Illuminate\\Database\\Eloquent\\Builder->get(Array)
#9 C:\\Users\\62812\\Documents\\LARAVEL FUNDAMENTAL\\laravel vue ecommerce\\ecommerce\\vendor\\laravel\\framework\\src\\Illuminate\\Database\\Eloquent\\Builder.php(477): Illuminate\\Database\\Eloquent\\Builder->first(Array)
#10 C:\\Users\\62812\\Documents\\LARAVEL FUNDAMENTAL\\laravel vue ecommerce\\ecommerce\\vendor\\laravel\\framework\\src\\Illuminate\\Support\\Traits\\ForwardsCalls.php(23): Illuminate\\Database\\Eloquent\\Builder->find('4')
#11 C:\\Users\\62812\\Documents\\LARAVEL FUNDAMENTAL\\laravel vue ecommerce\\ecommerce\\vendor\\laravel\\framework\\src\\Illuminate\\Database\\Eloquent\\Model.php(2372): Illuminate\\Database\\Eloquent\\Model->forwardCallTo(Object(Illuminate\\Database\\Eloquent\\Builder), 'find', Array)
#12 C:\\Users\\62812\\Documents\\LARAVEL FUNDAMENTAL\\laravel vue ecommerce\\ecommerce\\vendor\\laravel\\framework\\src\\Illuminate\\Database\\Eloquent\\Model.php(2384): Illuminate\\Database\\Eloquent\\Model->__call('find', Array)
#13 C:\\Users\\62812\\Documents\\LARAVEL FUNDAMENTAL\\laravel vue ecommerce\\ecommerce\\vendor\\laravel\\sanctum\\src\\PersonalAccessToken.php(66): Illuminate\\Database\\Eloquent\\Model::__callStatic('find', Array)
#14 C:\\Users\\62812\\Documents\\LARAVEL FUNDAMENTAL\\laravel vue ecommerce\\ecommerce\\vendor\\laravel\\sanctum\\src\\Guard.php(67): Laravel\\Sanctum\\PersonalAccessToken::findToken('AMpNbVoj6kggQ7Z...')
#15 [internal function]: Laravel\\Sanctum\\Guard->__invoke(Object(Illuminate\\Http\\Request), NULL)
#16 C:\\Users\\62812\\Documents\\LARAVEL FUNDAMENTAL\\laravel vue ecommerce\\ecommerce\\vendor\\laravel\\framework\\src\\Illuminate\\Auth\\RequestGuard.php(57): call_user_func(Object(Laravel\\Sanctum\\Guard), Object(Illuminate\\Http\\Request), NULL)
#17 C:\\Users\\62812\\Documents\\LARAVEL FUNDAMENTAL\\laravel vue ecommerce\\ecommerce\\vendor\\laravel\\framework\\src\\Illuminate\\Auth\\GuardHelpers.php(56): Illuminate\\Auth\\RequestGuard->user()
#18 C:\\Users\\62812\\Documents\\LARAVEL FUNDAMENTAL\\laravel vue ecommerce\\ecommerce\\vendor\\laravel\\framework\\src\\Illuminate\\Auth\\Middleware\\Authenticate.php(83): Illuminate\\Auth\\RequestGuard->check()
#19 C:\\Users\\62812\\Documents\\LARAVEL FUNDAMENTAL\\laravel vue ecommerce\\ecommerce\\vendor\\laravel\\framework\\src\\Illuminate\\Auth\\Middleware\\Authenticate.php(62): Illuminate\\Auth\\Middleware\\Authenticate->authenticate(Object(Illuminate\\Http\\Request), Array)
#20 C:\\Users\\62812\\Documents\\LARAVEL FUNDAMENTAL\\laravel vue ecommerce\\ecommerce\\vendor\\laravel\\framework\\src\\Illuminate\\Pipeline\\Pipeline.php(209): Illuminate\\Auth\\Middleware\\Authenticate->handle(Object(Illuminate\\Http\\Request), Object(Closure), 'sanctum')
#21 C:\\Users\\62812\\Documents\\LARAVEL FUNDAMENTAL\\laravel vue ecommerce\\ecommerce\\vendor\\laravel\\framework\\src\\Illuminate\\Pipeline\\Pipeline.php(127): Illuminate\\Pipeline\\Pipeline->Illuminate\\Pipeline\\{closure}(Object(Illuminate\\Http\\Request))
#22 C:\\Users\\62812\\Documents\\LARAVEL FUNDAMENTAL\\laravel vue ecommerce\\ecommerce\\vendor\\laravel\\framework\\src\\Illuminate\\Routing\\Router.php(807): Illuminate\\Pipeline\\Pipeline->then(Object(Closure))
#23 C:\\Users\\62812\\Documents\\LARAVEL FUNDAMENTAL\\laravel vue ecommerce\\ecommerce\\vendor\\laravel\\framework\\src\\Illuminate\\Routing\\Router.php(786): Illuminate\\Routing\\Router->runRouteWithinStack(Object(Illuminate\\Routing\\Route), Object(Illuminate\\Http\\Request))
#24 C:\\Users\\62812\\Documents\\LARAVEL FUNDAMENTAL\\laravel vue ecommerce\\ecommerce\\vendor\\laravel\\framework\\src\\Illuminate\\Routing\\Router.php(750): Illuminate\\Routing\\Router->runRoute(Object(Illuminate\\Http\\Request), Object(Illuminate\\Routing\\Route))
#25 C:\\Users\\62812\\Documents\\LARAVEL FUNDAMENTAL\\laravel vue ecommerce\\ecommerce\\vendor\\laravel\\framework\\src\\Illuminate\\Routing\\Router.php(739): Illuminate\\Routing\\Router->dispatchToRoute(Object(Illuminate\\Http\\Request))
#26 C:\\Users\\62812\\Documents\\LARAVEL FUNDAMENTAL\\laravel vue ecommerce\\ecommerce\\vendor\\laravel\\framework\\src\\Illuminate\\Foundation\\Http\\Kernel.php(201): Illuminate\\Routing\\Router->dispatch(Object(Illuminate\\Http\\Request))
#27 C:\\Users\\62812\\Documents\\LARAVEL FUNDAMENTAL\\laravel vue ecommerce\\ecommerce\\vendor\\laravel\\framework\\src\\Illuminate\\Pipeline\\Pipeline.php(170): Illuminate\\Foundation\\Http\\Kernel->Illuminate\\Foundation\\Http\\{closure}(Object(Illuminate\\Http\\Request))
#28 C:\\Users\\62812\\Documents\\LARAVEL FUNDAMENTAL\\laravel vue ecommerce\\ecommerce\\vendor\\laravel\\framework\\src\\Illuminate\\Foundation\\Http\\Middleware\\TransformsRequest.php(21): Illuminate\\Pipeline\\Pipeline->Illuminate\\Pipeline\\{closure}(Object(Illuminate\\Http\\Request))
#29 C:\\Users\\62812\\Documents\\LARAVEL FUNDAMENTAL\\laravel vue ecommerce\\ecommerce\\vendor\\laravel\\framework\\src\\Illuminate\\Foundation\\Http\\Middleware\\ConvertEmptyStringsToNull.php(31): Illuminate\\Foundation\\Http\\Middleware\\TransformsRequest->handle(Object(Illuminate\\Http\\Request), Object(Closure))
#30 C:\\Users\\62812\\Documents\\LARAVEL FUNDAMENTAL\\laravel vue ecommerce\\ecommerce\\vendor\\laravel\\framework\\src\\Illuminate\\Pipeline\\Pipeline.php(209): Illuminate\\Foundation\\Http\\Middleware\\ConvertEmptyStringsToNull->handle(Object(Illuminate\\Http\\Request), Object(Closure))
#31 C:\\Users\\62812\\Documents\\LARAVEL FUNDAMENTAL\\laravel vue ecommerce\\ecommerce\\vendor\\laravel\\framework\\src\\Illuminate\\Foundation\\Http\\Middleware\\TransformsRequest.php(21): Illuminate\\Pipeline\\Pipeline->Illuminate\\Pipeline\\{closure}(Object(Illuminate\\Http\\Request))
#32 C:\\Users\\62812\\Documents\\LARAVEL FUNDAMENTAL\\laravel vue ecommerce\\ecommerce\\vendor\\laravel\\framework\\src\\Illuminate\\Foundation\\Http\\Middleware\\TrimStrings.php(51): Illuminate\\Foundation\\Http\\Middleware\\TransformsRequest->handle(Object(Illuminate\\Http\\Request), Object(Closure))
#33 C:\\Users\\62812\\Documents\\LARAVEL FUNDAMENTAL\\laravel vue ecommerce\\ecommerce\\vendor\\laravel\\framework\\src\\Illuminate\\Pipeline\\Pipeline.php(209): Illuminate\\Foundation\\Http\\Middleware\\TrimStrings->handle(Object(Illuminate\\Http\\Request), Object(Closure))
#34 C:\\Users\\62812\\Documents\\LARAVEL FUNDAMENTAL\\laravel vue ecommerce\\ecommerce\\vendor\\laravel\\framework\\src\\Illuminate\\Http\\Middleware\\ValidatePostSize.php(27): Illuminate\\Pipeline\\Pipeline->Illuminate\\Pipeline\\{closure}(Object(Illuminate\\Http\\Request))
#35 C:\\Users\\62812\\Documents\\LARAVEL FUNDAMENTAL\\laravel vue ecommerce\\ecommerce\\vendor\\laravel\\framework\\src\\Illuminate\\Pipeline\\Pipeline.php(209): Illuminate\\Http\\Middleware\\ValidatePostSize->handle(Object(Illuminate\\Http\\Request), Object(Closure))
#36 C:\\Users\\62812\\Documents\\LARAVEL FUNDAMENTAL\\laravel vue ecommerce\\ecommerce\\vendor\\laravel\\framework\\src\\Illuminate\\Foundation\\Http\\Middleware\\PreventRequestsDuringMaintenance.php(110): Illuminate\\Pipeline\\Pipeline->Illuminate\\Pipeline\\{closure}(Object(Illuminate\\Http\\Request))
#37 C:\\Users\\62812\\Documents\\LARAVEL FUNDAMENTAL\\laravel vue ecommerce\\ecommerce\\vendor\\laravel\\framework\\src\\Illuminate\\Pipeline\\Pipeline.php(209): Illuminate\\Foundation\\Http\\Middleware\\PreventRequestsDuringMaintenance->handle(Object(Illuminate\\Http\\Request), Object(Closure))
#38 C:\\Users\\62812\\Documents\\LARAVEL FUNDAMENTAL\\laravel vue ecommerce\\ecommerce\\vendor\\laravel\\framework\\src\\Illuminate\\Http\\Middleware\\HandleCors.php(62): Illuminate\\Pipeline\\Pipeline->Illuminate\\Pipeline\\{closure}(Object(Illuminate\\Http\\Request))
#39 C:\\Users\\62812\\Documents\\LARAVEL FUNDAMENTAL\\laravel vue ecommerce\\ecommerce\\vendor\\laravel\\framework\\src\\Illuminate\\Pipeline\\Pipeline.php(209): Illuminate\\Http\\Middleware\\HandleCors->handle(Object(Illuminate\\Http\\Request), Object(Closure))
#40 C:\\Users\\62812\\Documents\\LARAVEL FUNDAMENTAL\\laravel vue ecommerce\\ecommerce\\vendor\\laravel\\framework\\src\\Illuminate\\Http\\Middleware\\TrustProxies.php(58): Illuminate\\Pipeline\\Pipeline->Illuminate\\Pipeline\\{closure}(Object(Illuminate\\Http\\Request))
#41 C:\\Users\\62812\\Documents\\LARAVEL FUNDAMENTAL\\laravel vue ecommerce\\ecommerce\\vendor\\laravel\\framework\\src\\Illuminate\\Pipeline\\Pipeline.php(209): Illuminate\\Http\\Middleware\\TrustProxies->handle(Object(Illuminate\\Http\\Request), Object(Closure))
#42 C:\\Users\\62812\\Documents\\LARAVEL FUNDAMENTAL\\laravel vue ecommerce\\ecommerce\\vendor\\laravel\\framework\\src\\Illuminate\\Foundation\\Http\\Middleware\\InvokeDeferredCallbacks.php(22): Illuminate\\Pipeline\\Pipeline->Illuminate\\Pipeline\\{closure}(Object(Illuminate\\Http\\Request))
#43 C:\\Users\\62812\\Documents\\LARAVEL FUNDAMENTAL\\laravel vue ecommerce\\ecommerce\\vendor\\laravel\\framework\\src\\Illuminate\\Pipeline\\Pipeline.php(209): Illuminate\\Foundation\\Http\\Middleware\\InvokeDeferredCallbacks->handle(Object(Illuminate\\Http\\Request), Object(Closure))
#44 C:\\Users\\62812\\Documents\\LARAVEL FUNDAMENTAL\\laravel vue ecommerce\\ecommerce\\vendor\\laravel\\framework\\src\\Illuminate\\Pipeline\\Pipeline.php(127): Illuminate\\Pipeline\\Pipeline->Illuminate\\Pipeline\\{closure}(Object(Illuminate\\Http\\Request))
#45 C:\\Users\\62812\\Documents\\LARAVEL FUNDAMENTAL\\laravel vue ecommerce\\ecommerce\\vendor\\laravel\\framework\\src\\Illuminate\\Foundation\\Http\\Kernel.php(176): Illuminate\\Pipeline\\Pipeline->then(Object(Closure))
#46 C:\\Users\\62812\\Documents\\LARAVEL FUNDAMENTAL\\laravel vue ecommerce\\ecommerce\\vendor\\laravel\\framework\\src\\Illuminate\\Foundation\\Http\\Kernel.php(145): Illuminate\\Foundation\\Http\\Kernel->sendRequestThroughRouter(Object(Illuminate\\Http\\Request))
#47 C:\\Users\\62812\\Documents\\LARAVEL FUNDAMENTAL\\laravel vue ecommerce\\ecommerce\\vendor\\laravel\\framework\\src\\Illuminate\\Foundation\\Application.php(1220): Illuminate\\Foundation\\Http\\Kernel->handle(Object(Illuminate\\Http\\Request))
#48 C:\\Users\\62812\\Documents\\LARAVEL FUNDAMENTAL\\laravel vue ecommerce\\ecommerce\\public\\index.php(17): Illuminate\\Foundation\\Application->handleRequest(Object(Illuminate\\Http\\Request))
#49 C:\\Users\\62812\\Documents\\LARAVEL FUNDAMENTAL\\laravel vue ecommerce\\ecommerce\\vendor\\laravel\\framework\\src\\Illuminate\\Foundation\\resources\\server.php(23): require_once('C:\\\\Users\\\\62812\\\\...')
#50 {main}

[previous exception] [object] (PDOException(code: 42S02): SQLSTATE[42S02]: Base table or view not found: 1146 Table 'laravel.personal_access_tokens' doesn't exist at C:\\Users\\62812\\Documents\\LARAVEL FUNDAMENTAL\\laravel vue ecommerce\\ecommerce\\vendor\\laravel\\framework\\src\\Illuminate\\Database\\Connection.php:407)
[stacktrace]
#0 C:\\Users\\62812\\Documents\\LARAVEL FUNDAMENTAL\\laravel vue ecommerce\\ecommerce\\vendor\\laravel\\framework\\src\\Illuminate\\Database\\Connection.php(407): PDO->prepare('select * from `...')
#1 C:\\Users\\62812\\Documents\\LARAVEL FUNDAMENTAL\\laravel vue ecommerce\\ecommerce\\vendor\\laravel\\framework\\src\\Illuminate\\Database\\Connection.php(812): Illuminate\\Database\\Connection->Illuminate\\Database\\{closure}('select * from `...', Array)
#2 C:\\Users\\62812\\Documents\\LARAVEL FUNDAMENTAL\\laravel vue ecommerce\\ecommerce\\vendor\\laravel\\framework\\src\\Illuminate\\Database\\Connection.php(779): Illuminate\\Database\\Connection->runQueryCallback('select * from `...', Array, Object(Closure))
#3 C:\\Users\\62812\\Documents\\LARAVEL FUNDAMENTAL\\laravel vue ecommerce\\ecommerce\\vendor\\laravel\\framework\\src\\Illuminate\\Database\\Connection.php(398): Illuminate\\Database\\Connection->run('select * from `...', Array, Object(Closure))
#4 C:\\Users\\62812\\Documents\\LARAVEL FUNDAMENTAL\\laravel vue ecommerce\\ecommerce\\vendor\\laravel\\framework\\src\\Illuminate\\Database\\Query\\Builder.php(3106): Illuminate\\Database\\Connection->select('select * from `...', Array, true)
#5 C:\\Users\\62812\\Documents\\LARAVEL FUNDAMENTAL\\laravel vue ecommerce\\ecommerce\\vendor\\laravel\\framework\\src\\Illuminate\\Database\\Query\\Builder.php(3091): Illuminate\\Database\\Query\\Builder->runSelect()
#6 C:\\Users\\62812\\Documents\\LARAVEL FUNDAMENTAL\\laravel vue ecommerce\\ecommerce\\vendor\\laravel\\framework\\src\\Illuminate\\Database\\Query\\Builder.php(3676): Illuminate\\Database\\Query\\Builder->Illuminate\\Database\\Query\\{closure}()
#7 C:\\Users\\62812\\Documents\\LARAVEL FUNDAMENTAL\\laravel vue ecommerce\\ecommerce\\vendor\\laravel\\framework\\src\\Illuminate\\Database\\Query\\Builder.php(3090): Illuminate\\Database\\Query\\Builder->onceWithColumns(Array, Object(Closure))
#8 C:\\Users\\62812\\Documents\\LARAVEL FUNDAMENTAL\\laravel vue ecommerce\\ecommerce\\vendor\\laravel\\framework\\src\\Illuminate\\Database\\Eloquent\\Builder.php(811): Illuminate\\Database\\Query\\Builder->get(Array)
#9 C:\\Users\\62812\\Documents\\LARAVEL FUNDAMENTAL\\laravel vue ecommerce\\ecommerce\\vendor\\laravel\\framework\\src\\Illuminate\\Database\\Eloquent\\Builder.php(793): Illuminate\\Database\\Eloquent\\Builder->getModels(Array)
#10 C:\\Users\\62812\\Documents\\LARAVEL FUNDAMENTAL\\laravel vue ecommerce\\ecommerce\\vendor\\laravel\\framework\\src\\Illuminate\\Database\\Concerns\\BuildsQueries.php(343): Illuminate\\Database\\Eloquent\\Builder->get(Array)
#11 C:\\Users\\62812\\Documents\\LARAVEL FUNDAMENTAL\\laravel vue ecommerce\\ecommerce\\vendor\\laravel\\framework\\src\\Illuminate\\Database\\Eloquent\\Builder.php(477): Illuminate\\Database\\Eloquent\\Builder->first(Array)
#12 C:\\Users\\62812\\Documents\\LARAVEL FUNDAMENTAL\\laravel vue ecommerce\\ecommerce\\vendor\\laravel\\framework\\src\\Illuminate\\Support\\Traits\\ForwardsCalls.php(23): Illuminate\\Database\\Eloquent\\Builder->find('4')
#13 C:\\Users\\62812\\Documents\\LARAVEL FUNDAMENTAL\\laravel vue ecommerce\\ecommerce\\vendor\\laravel\\framework\\src\\Illuminate\\Database\\Eloquent\\Model.php(2372): Illuminate\\Database\\Eloquent\\Model->forwardCallTo(Object(Illuminate\\Database\\Eloquent\\Builder), 'find', Array)
#14 C:\\Users\\62812\\Documents\\LARAVEL FUNDAMENTAL\\laravel vue ecommerce\\ecommerce\\vendor\\laravel\\framework\\src\\Illuminate\\Database\\Eloquent\\Model.php(2384): Illuminate\\Database\\Eloquent\\Model->__call('find', Array)
#15 C:\\Users\\62812\\Documents\\LARAVEL FUNDAMENTAL\\laravel vue ecommerce\\ecommerce\\vendor\\laravel\\sanctum\\src\\PersonalAccessToken.php(66): Illuminate\\Database\\Eloquent\\Model::__callStatic('find', Array)
#16 C:\\Users\\62812\\Documents\\LARAVEL FUNDAMENTAL\\laravel vue ecommerce\\ecommerce\\vendor\\laravel\\sanctum\\src\\Guard.php(67): Laravel\\Sanctum\\PersonalAccessToken::findToken('AMpNbVoj6kggQ7Z...')
#17 [internal function]: Laravel\\Sanctum\\Guard->__invoke(Object(Illuminate\\Http\\Request), NULL)
#18 C:\\Users\\62812\\Documents\\LARAVEL FUNDAMENTAL\\laravel vue ecommerce\\ecommerce\\vendor\\laravel\\framework\\src\\Illuminate\\Auth\\RequestGuard.php(57): call_user_func(Object(Laravel\\Sanctum\\Guard), Object(Illuminate\\Http\\Request), NULL)
#19 C:\\Users\\62812\\Documents\\LARAVEL FUNDAMENTAL\\laravel vue ecommerce\\ecommerce\\vendor\\laravel\\framework\\src\\Illuminate\\Auth\\GuardHelpers.php(56): Illuminate\\Auth\\RequestGuard->user()
#20 C:\\Users\\62812\\Documents\\LARAVEL FUNDAMENTAL\\laravel vue ecommerce\\ecommerce\\vendor\\laravel\\framework\\src\\Illuminate\\Auth\\Middleware\\Authenticate.php(83): Illuminate\\Auth\\RequestGuard->check()
#21 C:\\Users\\62812\\Documents\\LARAVEL FUNDAMENTAL\\laravel vue ecommerce\\ecommerce\\vendor\\laravel\\framework\\src\\Illuminate\\Auth\\Middleware\\Authenticate.php(62): Illuminate\\Auth\\Middleware\\Authenticate->authenticate(Object(Illuminate\\Http\\Request), Array)
#22 C:\\Users\\62812\\Documents\\LARAVEL FUNDAMENTAL\\laravel vue ecommerce\\ecommerce\\vendor\\laravel\\framework\\src\\Illuminate\\Pipeline\\Pipeline.php(209): Illuminate\\Auth\\Middleware\\Authenticate->handle(Object(Illuminate\\Http\\Request), Object(Closure), 'sanctum')
#23 C:\\Users\\62812\\Documents\\LARAVEL FUNDAMENTAL\\laravel vue ecommerce\\ecommerce\\vendor\\laravel\\framework\\src\\Illuminate\\Pipeline\\Pipeline.php(127): Illuminate\\Pipeline\\Pipeline->Illuminate\\Pipeline\\{closure}(Object(Illuminate\\Http\\Request))
#24 C:\\Users\\62812\\Documents\\LARAVEL FUNDAMENTAL\\laravel vue ecommerce\\ecommerce\\vendor\\laravel\\framework\\src\\Illuminate\\Routing\\Router.php(807): Illuminate\\Pipeline\\Pipeline->then(Object(Closure))
#25 C:\\Users\\62812\\Documents\\LARAVEL FUNDAMENTAL\\laravel vue ecommerce\\ecommerce\\vendor\\laravel\\framework\\src\\Illuminate\\Routing\\Router.php(786): Illuminate\\Routing\\Router->runRouteWithinStack(Object(Illuminate\\Routing\\Route), Object(Illuminate\\Http\\Request))
#26 C:\\Users\\62812\\Documents\\LARAVEL FUNDAMENTAL\\laravel vue ecommerce\\ecommerce\\vendor\\laravel\\framework\\src\\Illuminate\\Routing\\Router.php(750): Illuminate\\Routing\\Router->runRoute(Object(Illuminate\\Http\\Request), Object(Illuminate\\Routing\\Route))
#27 C:\\Users\\62812\\Documents\\LARAVEL FUNDAMENTAL\\laravel vue ecommerce\\ecommerce\\vendor\\laravel\\framework\\src\\Illuminate\\Routing\\Router.php(739): Illuminate\\Routing\\Router->dispatchToRoute(Object(Illuminate\\Http\\Request))
#28 C:\\Users\\62812\\Documents\\LARAVEL FUNDAMENTAL\\laravel vue ecommerce\\ecommerce\\vendor\\laravel\\framework\\src\\Illuminate\\Foundation\\Http\\Kernel.php(201): Illuminate\\Routing\\Router->dispatch(Object(Illuminate\\Http\\Request))
#29 C:\\Users\\62812\\Documents\\LARAVEL FUNDAMENTAL\\laravel vue ecommerce\\ecommerce\\vendor\\laravel\\framework\\src\\Illuminate\\Pipeline\\Pipeline.php(170): Illuminate\\Foundation\\Http\\Kernel->Illuminate\\Foundation\\Http\\{closure}(Object(Illuminate\\Http\\Request))
#30 C:\\Users\\62812\\Documents\\LARAVEL FUNDAMENTAL\\laravel vue ecommerce\\ecommerce\\vendor\\laravel\\framework\\src\\Illuminate\\Foundation\\Http\\Middleware\\TransformsRequest.php(21): Illuminate\\Pipeline\\Pipeline->Illuminate\\Pipeline\\{closure}(Object(Illuminate\\Http\\Request))
#31 C:\\Users\\62812\\Documents\\LARAVEL FUNDAMENTAL\\laravel vue ecommerce\\ecommerce\\vendor\\laravel\\framework\\src\\Illuminate\\Foundation\\Http\\Middleware\\ConvertEmptyStringsToNull.php(31): Illuminate\\Foundation\\Http\\Middleware\\TransformsRequest->handle(Object(Illuminate\\Http\\Request), Object(Closure))
#32 C:\\Users\\62812\\Documents\\LARAVEL FUNDAMENTAL\\laravel vue ecommerce\\ecommerce\\vendor\\laravel\\framework\\src\\Illuminate\\Pipeline\\Pipeline.php(209): Illuminate\\Foundation\\Http\\Middleware\\ConvertEmptyStringsToNull->handle(Object(Illuminate\\Http\\Request), Object(Closure))
#33 C:\\Users\\62812\\Documents\\LARAVEL FUNDAMENTAL\\laravel vue ecommerce\\ecommerce\\vendor\\laravel\\framework\\src\\Illuminate\\Foundation\\Http\\Middleware\\TransformsRequest.php(21): Illuminate\\Pipeline\\Pipeline->Illuminate\\Pipeline\\{closure}(Object(Illuminate\\Http\\Request))
#34 C:\\Users\\62812\\Documents\\LARAVEL FUNDAMENTAL\\laravel vue ecommerce\\ecommerce\\vendor\\laravel\\framework\\src\\Illuminate\\Foundation\\Http\\Middleware\\TrimStrings.php(51): Illuminate\\Foundation\\Http\\Middleware\\TransformsRequest->handle(Object(Illuminate\\Http\\Request), Object(Closure))
#35 C:\\Users\\62812\\Documents\\LARAVEL FUNDAMENTAL\\laravel vue ecommerce\\ecommerce\\vendor\\laravel\\framework\\src\\Illuminate\\Pipeline\\Pipeline.php(209): Illuminate\\Foundation\\Http\\Middleware\\TrimStrings->handle(Object(Illuminate\\Http\\Request), Object(Closure))
#36 C:\\Users\\62812\\Documents\\LARAVEL FUNDAMENTAL\\laravel vue ecommerce\\ecommerce\\vendor\\laravel\\framework\\src\\Illuminate\\Http\\Middleware\\ValidatePostSize.php(27): Illuminate\\Pipeline\\Pipeline->Illuminate\\Pipeline\\{closure}(Object(Illuminate\\Http\\Request))
#37 C:\\Users\\62812\\Documents\\LARAVEL FUNDAMENTAL\\laravel vue ecommerce\\ecommerce\\vendor\\laravel\\framework\\src\\Illuminate\\Pipeline\\Pipeline.php(209): Illuminate\\Http\\Middleware\\ValidatePostSize->handle(Object(Illuminate\\Http\\Request), Object(Closure))
#38 C:\\Users\\62812\\Documents\\LARAVEL FUNDAMENTAL\\laravel vue ecommerce\\ecommerce\\vendor\\laravel\\framework\\src\\Illuminate\\Foundation\\Http\\Middleware\\PreventRequestsDuringMaintenance.php(110): Illuminate\\Pipeline\\Pipeline->Illuminate\\Pipeline\\{closure}(Object(Illuminate\\Http\\Request))
#39 C:\\Users\\62812\\Documents\\LARAVEL FUNDAMENTAL\\laravel vue ecommerce\\ecommerce\\vendor\\laravel\\framework\\src\\Illuminate\\Pipeline\\Pipeline.php(209): Illuminate\\Foundation\\Http\\Middleware\\PreventRequestsDuringMaintenance->handle(Object(Illuminate\\Http\\Request), Object(Closure))
#40 C:\\Users\\62812\\Documents\\LARAVEL FUNDAMENTAL\\laravel vue ecommerce\\ecommerce\\vendor\\laravel\\framework\\src\\Illuminate\\Http\\Middleware\\HandleCors.php(62): Illuminate\\Pipeline\\Pipeline->Illuminate\\Pipeline\\{closure}(Object(Illuminate\\Http\\Request))
#41 C:\\Users\\62812\\Documents\\LARAVEL FUNDAMENTAL\\laravel vue ecommerce\\ecommerce\\vendor\\laravel\\framework\\src\\Illuminate\\Pipeline\\Pipeline.php(209): Illuminate\\Http\\Middleware\\HandleCors->handle(Object(Illuminate\\Http\\Request), Object(Closure))
#42 C:\\Users\\62812\\Documents\\LARAVEL FUNDAMENTAL\\laravel vue ecommerce\\ecommerce\\vendor\\laravel\\framework\\src\\Illuminate\\Http\\Middleware\\TrustProxies.php(58): Illuminate\\Pipeline\\Pipeline->Illuminate\\Pipeline\\{closure}(Object(Illuminate\\Http\\Request))
#43 C:\\Users\\62812\\Documents\\LARAVEL FUNDAMENTAL\\laravel vue ecommerce\\ecommerce\\vendor\\laravel\\framework\\src\\Illuminate\\Pipeline\\Pipeline.php(209): Illuminate\\Http\\Middleware\\TrustProxies->handle(Object(Illuminate\\Http\\Request), Object(Closure))
#44 C:\\Users\\62812\\Documents\\LARAVEL FUNDAMENTAL\\laravel vue ecommerce\\ecommerce\\vendor\\laravel\\framework\\src\\Illuminate\\Foundation\\Http\\Middleware\\InvokeDeferredCallbacks.php(22): Illuminate\\Pipeline\\Pipeline->Illuminate\\Pipeline\\{closure}(Object(Illuminate\\Http\\Request))
#45 C:\\Users\\62812\\Documents\\LARAVEL FUNDAMENTAL\\laravel vue ecommerce\\ecommerce\\vendor\\laravel\\framework\\src\\Illuminate\\Pipeline\\Pipeline.php(209): Illuminate\\Foundation\\Http\\Middleware\\InvokeDeferredCallbacks->handle(Object(Illuminate\\Http\\Request), Object(Closure))
#46 C:\\Users\\62812\\Documents\\LARAVEL FUNDAMENTAL\\laravel vue ecommerce\\ecommerce\\vendor\\laravel\\framework\\src\\Illuminate\\Pipeline\\Pipeline.php(127): Illuminate\\Pipeline\\Pipeline->Illuminate\\Pipeline\\{closure}(Object(Illuminate\\Http\\Request))
#47 C:\\Users\\62812\\Documents\\LARAVEL FUNDAMENTAL\\laravel vue ecommerce\\ecommerce\\vendor\\laravel\\framework\\src\\Illuminate\\Foundation\\Http\\Kernel.php(176): Illuminate\\Pipeline\\Pipeline->then(Object(Closure))
#48 C:\\Users\\62812\\Documents\\LARAVEL FUNDAMENTAL\\laravel vue ecommerce\\ecommerce\\vendor\\laravel\\framework\\src\\Illuminate\\Foundation\\Http\\Kernel.php(145): Illuminate\\Foundation\\Http\\Kernel->sendRequestThroughRouter(Object(Illuminate\\Http\\Request))
#49 C:\\Users\\62812\\Documents\\LARAVEL FUNDAMENTAL\\laravel vue ecommerce\\ecommerce\\vendor\\laravel\\framework\\src\\Illuminate\\Foundation\\Application.php(1220): Illuminate\\Foundation\\Http\\Kernel->handle(Object(Illuminate\\Http\\Request))
#50 C:\\Users\\62812\\Documents\\LARAVEL FUNDAMENTAL\\laravel vue ecommerce\\ecommerce\\public\\index.php(17): Illuminate\\Foundation\\Application->handleRequest(Object(Illuminate\\Http\\Request))
#51 C:\\Users\\62812\\Documents\\LARAVEL FUNDAMENTAL\\laravel vue ecommerce\\ecommerce\\vendor\\laravel\\framework\\src\\Illuminate\\Foundation\\resources\\server.php(23): require_once('C:\\\\Users\\\\62812\\\\...')
#52 {main}
"} 
[2025-09-24 10:57:35] local.ERROR: SQLSTATE[42S02]: Base table or view not found: 1146 Table 'laravel.personal_access_tokens' doesn't exist (Connection: mysql, SQL: select * from `personal_access_tokens` where `personal_access_tokens`.`id` = 4 limit 1) {"exception":"[object] (Illuminate\\Database\\QueryException(code: 42S02): SQLSTATE[42S02]: Base table or view not found: 1146 Table 'laravel.personal_access_tokens' doesn't exist (Connection: mysql, SQL: select * from `personal_access_tokens` where `personal_access_tokens`.`id` = 4 limit 1) at C:\\Users\\62812\\Documents\\LARAVEL FUNDAMENTAL\\laravel vue ecommerce\\ecommerce\\vendor\\laravel\\framework\\src\\Illuminate\\Database\\Connection.php:825)
[stacktrace]
#0 C:\\Users\\62812\\Documents\\LARAVEL FUNDAMENTAL\\laravel vue ecommerce\\ecommerce\\vendor\\laravel\\framework\\src\\Illuminate\\Database\\Connection.php(779): Illuminate\\Database\\Connection->runQueryCallback('select * from `...', Array, Object(Closure))
#1 C:\\Users\\62812\\Documents\\LARAVEL FUNDAMENTAL\\laravel vue ecommerce\\ecommerce\\vendor\\laravel\\framework\\src\\Illuminate\\Database\\Connection.php(398): Illuminate\\Database\\Connection->run('select * from `...', Array, Object(Closure))
#2 C:\\Users\\62812\\Documents\\LARAVEL FUNDAMENTAL\\laravel vue ecommerce\\ecommerce\\vendor\\laravel\\framework\\src\\Illuminate\\Database\\Query\\Builder.php(3106): Illuminate\\Database\\Connection->select('select * from `...', Array, true)
#3 C:\\Users\\62812\\Documents\\LARAVEL FUNDAMENTAL\\laravel vue ecommerce\\ecommerce\\vendor\\laravel\\framework\\src\\Illuminate\\Database\\Query\\Builder.php(3091): Illuminate\\Database\\Query\\Builder->runSelect()
#4 C:\\Users\\62812\\Documents\\LARAVEL FUNDAMENTAL\\laravel vue ecommerce\\ecommerce\\vendor\\laravel\\framework\\src\\Illuminate\\Database\\Query\\Builder.php(3676): Illuminate\\Database\\Query\\Builder->Illuminate\\Database\\Query\\{closure}()
#5 C:\\Users\\62812\\Documents\\LARAVEL FUNDAMENTAL\\laravel vue ecommerce\\ecommerce\\vendor\\laravel\\framework\\src\\Illuminate\\Database\\Query\\Builder.php(3090): Illuminate\\Database\\Query\\Builder->onceWithColumns(Array, Object(Closure))
#6 C:\\Users\\62812\\Documents\\LARAVEL FUNDAMENTAL\\laravel vue ecommerce\\ecommerce\\vendor\\laravel\\framework\\src\\Illuminate\\Database\\Eloquent\\Builder.php(811): Illuminate\\Database\\Query\\Builder->get(Array)
#7 C:\\Users\\62812\\Documents\\LARAVEL FUNDAMENTAL\\laravel vue ecommerce\\ecommerce\\vendor\\laravel\\framework\\src\\Illuminate\\Database\\Eloquent\\Builder.php(793): Illuminate\\Database\\Eloquent\\Builder->getModels(Array)
#8 C:\\Users\\62812\\Documents\\LARAVEL FUNDAMENTAL\\laravel vue ecommerce\\ecommerce\\vendor\\laravel\\framework\\src\\Illuminate\\Database\\Concerns\\BuildsQueries.php(343): Illuminate\\Database\\Eloquent\\Builder->get(Array)
#9 C:\\Users\\62812\\Documents\\LARAVEL FUNDAMENTAL\\laravel vue ecommerce\\ecommerce\\vendor\\laravel\\framework\\src\\Illuminate\\Database\\Eloquent\\Builder.php(477): Illuminate\\Database\\Eloquent\\Builder->first(Array)
#10 C:\\Users\\62812\\Documents\\LARAVEL FUNDAMENTAL\\laravel vue ecommerce\\ecommerce\\vendor\\laravel\\framework\\src\\Illuminate\\Support\\Traits\\ForwardsCalls.php(23): Illuminate\\Database\\Eloquent\\Builder->find('4')
#11 C:\\Users\\62812\\Documents\\LARAVEL FUNDAMENTAL\\laravel vue ecommerce\\ecommerce\\vendor\\laravel\\framework\\src\\Illuminate\\Database\\Eloquent\\Model.php(2372): Illuminate\\Database\\Eloquent\\Model->forwardCallTo(Object(Illuminate\\Database\\Eloquent\\Builder), 'find', Array)
#12 C:\\Users\\62812\\Documents\\LARAVEL FUNDAMENTAL\\laravel vue ecommerce\\ecommerce\\vendor\\laravel\\framework\\src\\Illuminate\\Database\\Eloquent\\Model.php(2384): Illuminate\\Database\\Eloquent\\Model->__call('find', Array)
#13 C:\\Users\\62812\\Documents\\LARAVEL FUNDAMENTAL\\laravel vue ecommerce\\ecommerce\\vendor\\laravel\\sanctum\\src\\PersonalAccessToken.php(66): Illuminate\\Database\\Eloquent\\Model::__callStatic('find', Array)
#14 C:\\Users\\62812\\Documents\\LARAVEL FUNDAMENTAL\\laravel vue ecommerce\\ecommerce\\vendor\\laravel\\sanctum\\src\\Guard.php(67): Laravel\\Sanctum\\PersonalAccessToken::findToken('AMpNbVoj6kggQ7Z...')
#15 [internal function]: Laravel\\Sanctum\\Guard->__invoke(Object(Illuminate\\Http\\Request), NULL)
#16 C:\\Users\\62812\\Documents\\LARAVEL FUNDAMENTAL\\laravel vue ecommerce\\ecommerce\\vendor\\laravel\\framework\\src\\Illuminate\\Auth\\RequestGuard.php(57): call_user_func(Object(Laravel\\Sanctum\\Guard), Object(Illuminate\\Http\\Request), NULL)
#17 C:\\Users\\62812\\Documents\\LARAVEL FUNDAMENTAL\\laravel vue ecommerce\\ecommerce\\vendor\\laravel\\framework\\src\\Illuminate\\Auth\\GuardHelpers.php(56): Illuminate\\Auth\\RequestGuard->user()
#18 C:\\Users\\62812\\Documents\\LARAVEL FUNDAMENTAL\\laravel vue ecommerce\\ecommerce\\vendor\\laravel\\framework\\src\\Illuminate\\Auth\\Middleware\\Authenticate.php(83): Illuminate\\Auth\\RequestGuard->check()
#19 C:\\Users\\62812\\Documents\\LARAVEL FUNDAMENTAL\\laravel vue ecommerce\\ecommerce\\vendor\\laravel\\framework\\src\\Illuminate\\Auth\\Middleware\\Authenticate.php(62): Illuminate\\Auth\\Middleware\\Authenticate->authenticate(Object(Illuminate\\Http\\Request), Array)
#20 C:\\Users\\62812\\Documents\\LARAVEL FUNDAMENTAL\\laravel vue ecommerce\\ecommerce\\vendor\\laravel\\framework\\src\\Illuminate\\Pipeline\\Pipeline.php(209): Illuminate\\Auth\\Middleware\\Authenticate->handle(Object(Illuminate\\Http\\Request), Object(Closure), 'sanctum')
#21 C:\\Users\\62812\\Documents\\LARAVEL FUNDAMENTAL\\laravel vue ecommerce\\ecommerce\\vendor\\laravel\\framework\\src\\Illuminate\\Pipeline\\Pipeline.php(127): Illuminate\\Pipeline\\Pipeline->Illuminate\\Pipeline\\{closure}(Object(Illuminate\\Http\\Request))
#22 C:\\Users\\62812\\Documents\\LARAVEL FUNDAMENTAL\\laravel vue ecommerce\\ecommerce\\vendor\\laravel\\framework\\src\\Illuminate\\Routing\\Router.php(807): Illuminate\\Pipeline\\Pipeline->then(Object(Closure))
#23 C:\\Users\\62812\\Documents\\LARAVEL FUNDAMENTAL\\laravel vue ecommerce\\ecommerce\\vendor\\laravel\\framework\\src\\Illuminate\\Routing\\Router.php(786): Illuminate\\Routing\\Router->runRouteWithinStack(Object(Illuminate\\Routing\\Route), Object(Illuminate\\Http\\Request))
#24 C:\\Users\\62812\\Documents\\LARAVEL FUNDAMENTAL\\laravel vue ecommerce\\ecommerce\\vendor\\laravel\\framework\\src\\Illuminate\\Routing\\Router.php(750): Illuminate\\Routing\\Router->runRoute(Object(Illuminate\\Http\\Request), Object(Illuminate\\Routing\\Route))
#25 C:\\Users\\62812\\Documents\\LARAVEL FUNDAMENTAL\\laravel vue ecommerce\\ecommerce\\vendor\\laravel\\framework\\src\\Illuminate\\Routing\\Router.php(739): Illuminate\\Routing\\Router->dispatchToRoute(Object(Illuminate\\Http\\Request))
#26 C:\\Users\\62812\\Documents\\LARAVEL FUNDAMENTAL\\laravel vue ecommerce\\ecommerce\\vendor\\laravel\\framework\\src\\Illuminate\\Foundation\\Http\\Kernel.php(201): Illuminate\\Routing\\Router->dispatch(Object(Illuminate\\Http\\Request))
#27 C:\\Users\\62812\\Documents\\LARAVEL FUNDAMENTAL\\laravel vue ecommerce\\ecommerce\\vendor\\laravel\\framework\\src\\Illuminate\\Pipeline\\Pipeline.php(170): Illuminate\\Foundation\\Http\\Kernel->Illuminate\\Foundation\\Http\\{closure}(Object(Illuminate\\Http\\Request))
#28 C:\\Users\\62812\\Documents\\LARAVEL FUNDAMENTAL\\laravel vue ecommerce\\ecommerce\\vendor\\laravel\\framework\\src\\Illuminate\\Foundation\\Http\\Middleware\\TransformsRequest.php(21): Illuminate\\Pipeline\\Pipeline->Illuminate\\Pipeline\\{closure}(Object(Illuminate\\Http\\Request))
#29 C:\\Users\\62812\\Documents\\LARAVEL FUNDAMENTAL\\laravel vue ecommerce\\ecommerce\\vendor\\laravel\\framework\\src\\Illuminate\\Foundation\\Http\\Middleware\\ConvertEmptyStringsToNull.php(31): Illuminate\\Foundation\\Http\\Middleware\\TransformsRequest->handle(Object(Illuminate\\Http\\Request), Object(Closure))
#30 C:\\Users\\62812\\Documents\\LARAVEL FUNDAMENTAL\\laravel vue ecommerce\\ecommerce\\vendor\\laravel\\framework\\src\\Illuminate\\Pipeline\\Pipeline.php(209): Illuminate\\Foundation\\Http\\Middleware\\ConvertEmptyStringsToNull->handle(Object(Illuminate\\Http\\Request), Object(Closure))
#31 C:\\Users\\62812\\Documents\\LARAVEL FUNDAMENTAL\\laravel vue ecommerce\\ecommerce\\vendor\\laravel\\framework\\src\\Illuminate\\Foundation\\Http\\Middleware\\TransformsRequest.php(21): Illuminate\\Pipeline\\Pipeline->Illuminate\\Pipeline\\{closure}(Object(Illuminate\\Http\\Request))
#32 C:\\Users\\62812\\Documents\\LARAVEL FUNDAMENTAL\\laravel vue ecommerce\\ecommerce\\vendor\\laravel\\framework\\src\\Illuminate\\Foundation\\Http\\Middleware\\TrimStrings.php(51): Illuminate\\Foundation\\Http\\Middleware\\TransformsRequest->handle(Object(Illuminate\\Http\\Request), Object(Closure))
#33 C:\\Users\\62812\\Documents\\LARAVEL FUNDAMENTAL\\laravel vue ecommerce\\ecommerce\\vendor\\laravel\\framework\\src\\Illuminate\\Pipeline\\Pipeline.php(209): Illuminate\\Foundation\\Http\\Middleware\\TrimStrings->handle(Object(Illuminate\\Http\\Request), Object(Closure))
#34 C:\\Users\\62812\\Documents\\LARAVEL FUNDAMENTAL\\laravel vue ecommerce\\ecommerce\\vendor\\laravel\\framework\\src\\Illuminate\\Http\\Middleware\\ValidatePostSize.php(27): Illuminate\\Pipeline\\Pipeline->Illuminate\\Pipeline\\{closure}(Object(Illuminate\\Http\\Request))
#35 C:\\Users\\62812\\Documents\\LARAVEL FUNDAMENTAL\\laravel vue ecommerce\\ecommerce\\vendor\\laravel\\framework\\src\\Illuminate\\Pipeline\\Pipeline.php(209): Illuminate\\Http\\Middleware\\ValidatePostSize->handle(Object(Illuminate\\Http\\Request), Object(Closure))
#36 C:\\Users\\62812\\Documents\\LARAVEL FUNDAMENTAL\\laravel vue ecommerce\\ecommerce\\vendor\\laravel\\framework\\src\\Illuminate\\Foundation\\Http\\Middleware\\PreventRequestsDuringMaintenance.php(110): Illuminate\\Pipeline\\Pipeline->Illuminate\\Pipeline\\{closure}(Object(Illuminate\\Http\\Request))
#37 C:\\Users\\62812\\Documents\\LARAVEL FUNDAMENTAL\\laravel vue ecommerce\\ecommerce\\vendor\\laravel\\framework\\src\\Illuminate\\Pipeline\\Pipeline.php(209): Illuminate\\Foundation\\Http\\Middleware\\PreventRequestsDuringMaintenance->handle(Object(Illuminate\\Http\\Request), Object(Closure))
#38 C:\\Users\\62812\\Documents\\LARAVEL FUNDAMENTAL\\laravel vue ecommerce\\ecommerce\\vendor\\laravel\\framework\\src\\Illuminate\\Http\\Middleware\\HandleCors.php(62): Illuminate\\Pipeline\\Pipeline->Illuminate\\Pipeline\\{closure}(Object(Illuminate\\Http\\Request))
#39 C:\\Users\\62812\\Documents\\LARAVEL FUNDAMENTAL\\laravel vue ecommerce\\ecommerce\\vendor\\laravel\\framework\\src\\Illuminate\\Pipeline\\Pipeline.php(209): Illuminate\\Http\\Middleware\\HandleCors->handle(Object(Illuminate\\Http\\Request), Object(Closure))
#40 C:\\Users\\62812\\Documents\\LARAVEL FUNDAMENTAL\\laravel vue ecommerce\\ecommerce\\vendor\\laravel\\framework\\src\\Illuminate\\Http\\Middleware\\TrustProxies.php(58): Illuminate\\Pipeline\\Pipeline->Illuminate\\Pipeline\\{closure}(Object(Illuminate\\Http\\Request))
#41 C:\\Users\\62812\\Documents\\LARAVEL FUNDAMENTAL\\laravel vue ecommerce\\ecommerce\\vendor\\laravel\\framework\\src\\Illuminate\\Pipeline\\Pipeline.php(209): Illuminate\\Http\\Middleware\\TrustProxies->handle(Object(Illuminate\\Http\\Request), Object(Closure))
#42 C:\\Users\\62812\\Documents\\LARAVEL FUNDAMENTAL\\laravel vue ecommerce\\ecommerce\\vendor\\laravel\\framework\\src\\Illuminate\\Foundation\\Http\\Middleware\\InvokeDeferredCallbacks.php(22): Illuminate\\Pipeline\\Pipeline->Illuminate\\Pipeline\\{closure}(Object(Illuminate\\Http\\Request))
#43 C:\\Users\\62812\\Documents\\LARAVEL FUNDAMENTAL\\laravel vue ecommerce\\ecommerce\\vendor\\laravel\\framework\\src\\Illuminate\\Pipeline\\Pipeline.php(209): Illuminate\\Foundation\\Http\\Middleware\\InvokeDeferredCallbacks->handle(Object(Illuminate\\Http\\Request), Object(Closure))
#44 C:\\Users\\62812\\Documents\\LARAVEL FUNDAMENTAL\\laravel vue ecommerce\\ecommerce\\vendor\\laravel\\framework\\src\\Illuminate\\Pipeline\\Pipeline.php(127): Illuminate\\Pipeline\\Pipeline->Illuminate\\Pipeline\\{closure}(Object(Illuminate\\Http\\Request))
#45 C:\\Users\\62812\\Documents\\LARAVEL FUNDAMENTAL\\laravel vue ecommerce\\ecommerce\\vendor\\laravel\\framework\\src\\Illuminate\\Foundation\\Http\\Kernel.php(176): Illuminate\\Pipeline\\Pipeline->then(Object(Closure))
#46 C:\\Users\\62812\\Documents\\LARAVEL FUNDAMENTAL\\laravel vue ecommerce\\ecommerce\\vendor\\laravel\\framework\\src\\Illuminate\\Foundation\\Http\\Kernel.php(145): Illuminate\\Foundation\\Http\\Kernel->sendRequestThroughRouter(Object(Illuminate\\Http\\Request))
#47 C:\\Users\\62812\\Documents\\LARAVEL FUNDAMENTAL\\laravel vue ecommerce\\ecommerce\\vendor\\laravel\\framework\\src\\Illuminate\\Foundation\\Application.php(1220): Illuminate\\Foundation\\Http\\Kernel->handle(Object(Illuminate\\Http\\Request))
#48 C:\\Users\\62812\\Documents\\LARAVEL FUNDAMENTAL\\laravel vue ecommerce\\ecommerce\\public\\index.php(17): Illuminate\\Foundation\\Application->handleRequest(Object(Illuminate\\Http\\Request))
#49 C:\\Users\\62812\\Documents\\LARAVEL FUNDAMENTAL\\laravel vue ecommerce\\ecommerce\\vendor\\laravel\\framework\\src\\Illuminate\\Foundation\\resources\\server.php(23): require_once('C:\\\\Users\\\\62812\\\\...')
#50 {main}

[previous exception] [object] (PDOException(code: 42S02): SQLSTATE[42S02]: Base table or view not found: 1146 Table 'laravel.personal_access_tokens' doesn't exist at C:\\Users\\62812\\Documents\\LARAVEL FUNDAMENTAL\\laravel vue ecommerce\\ecommerce\\vendor\\laravel\\framework\\src\\Illuminate\\Database\\Connection.php:407)
[stacktrace]
#0 C:\\Users\\62812\\Documents\\LARAVEL FUNDAMENTAL\\laravel vue ecommerce\\ecommerce\\vendor\\laravel\\framework\\src\\Illuminate\\Database\\Connection.php(407): PDO->prepare('select * from `...')
#1 C:\\Users\\62812\\Documents\\LARAVEL FUNDAMENTAL\\laravel vue ecommerce\\ecommerce\\vendor\\laravel\\framework\\src\\Illuminate\\Database\\Connection.php(812): Illuminate\\Database\\Connection->Illuminate\\Database\\{closure}('select * from `...', Array)
#2 C:\\Users\\62812\\Documents\\LARAVEL FUNDAMENTAL\\laravel vue ecommerce\\ecommerce\\vendor\\laravel\\framework\\src\\Illuminate\\Database\\Connection.php(779): Illuminate\\Database\\Connection->runQueryCallback('select * from `...', Array, Object(Closure))
#3 C:\\Users\\62812\\Documents\\LARAVEL FUNDAMENTAL\\laravel vue ecommerce\\ecommerce\\vendor\\laravel\\framework\\src\\Illuminate\\Database\\Connection.php(398): Illuminate\\Database\\Connection->run('select * from `...', Array, Object(Closure))
#4 C:\\Users\\62812\\Documents\\LARAVEL FUNDAMENTAL\\laravel vue ecommerce\\ecommerce\\vendor\\laravel\\framework\\src\\Illuminate\\Database\\Query\\Builder.php(3106): Illuminate\\Database\\Connection->select('select * from `...', Array, true)
#5 C:\\Users\\62812\\Documents\\LARAVEL FUNDAMENTAL\\laravel vue ecommerce\\ecommerce\\vendor\\laravel\\framework\\src\\Illuminate\\Database\\Query\\Builder.php(3091): Illuminate\\Database\\Query\\Builder->runSelect()
#6 C:\\Users\\62812\\Documents\\LARAVEL FUNDAMENTAL\\laravel vue ecommerce\\ecommerce\\vendor\\laravel\\framework\\src\\Illuminate\\Database\\Query\\Builder.php(3676): Illuminate\\Database\\Query\\Builder->Illuminate\\Database\\Query\\{closure}()
#7 C:\\Users\\62812\\Documents\\LARAVEL FUNDAMENTAL\\laravel vue ecommerce\\ecommerce\\vendor\\laravel\\framework\\src\\Illuminate\\Database\\Query\\Builder.php(3090): Illuminate\\Database\\Query\\Builder->onceWithColumns(Array, Object(Closure))
#8 C:\\Users\\62812\\Documents\\LARAVEL FUNDAMENTAL\\laravel vue ecommerce\\ecommerce\\vendor\\laravel\\framework\\src\\Illuminate\\Database\\Eloquent\\Builder.php(811): Illuminate\\Database\\Query\\Builder->get(Array)
#9 C:\\Users\\62812\\Documents\\LARAVEL FUNDAMENTAL\\laravel vue ecommerce\\ecommerce\\vendor\\laravel\\framework\\src\\Illuminate\\Database\\Eloquent\\Builder.php(793): Illuminate\\Database\\Eloquent\\Builder->getModels(Array)
#10 C:\\Users\\62812\\Documents\\LARAVEL FUNDAMENTAL\\laravel vue ecommerce\\ecommerce\\vendor\\laravel\\framework\\src\\Illuminate\\Database\\Concerns\\BuildsQueries.php(343): Illuminate\\Database\\Eloquent\\Builder->get(Array)
#11 C:\\Users\\62812\\Documents\\LARAVEL FUNDAMENTAL\\laravel vue ecommerce\\ecommerce\\vendor\\laravel\\framework\\src\\Illuminate\\Database\\Eloquent\\Builder.php(477): Illuminate\\Database\\Eloquent\\Builder->first(Array)
#12 C:\\Users\\62812\\Documents\\LARAVEL FUNDAMENTAL\\laravel vue ecommerce\\ecommerce\\vendor\\laravel\\framework\\src\\Illuminate\\Support\\Traits\\ForwardsCalls.php(23): Illuminate\\Database\\Eloquent\\Builder->find('4')
#13 C:\\Users\\62812\\Documents\\LARAVEL FUNDAMENTAL\\laravel vue ecommerce\\ecommerce\\vendor\\laravel\\framework\\src\\Illuminate\\Database\\Eloquent\\Model.php(2372): Illuminate\\Database\\Eloquent\\Model->forwardCallTo(Object(Illuminate\\Database\\Eloquent\\Builder), 'find', Array)
#14 C:\\Users\\62812\\Documents\\LARAVEL FUNDAMENTAL\\laravel vue ecommerce\\ecommerce\\vendor\\laravel\\framework\\src\\Illuminate\\Database\\Eloquent\\Model.php(2384): Illuminate\\Database\\Eloquent\\Model->__call('find', Array)
#15 C:\\Users\\62812\\Documents\\LARAVEL FUNDAMENTAL\\laravel vue ecommerce\\ecommerce\\vendor\\laravel\\sanctum\\src\\PersonalAccessToken.php(66): Illuminate\\Database\\Eloquent\\Model::__callStatic('find', Array)
#16 C:\\Users\\62812\\Documents\\LARAVEL FUNDAMENTAL\\laravel vue ecommerce\\ecommerce\\vendor\\laravel\\sanctum\\src\\Guard.php(67): Laravel\\Sanctum\\PersonalAccessToken::findToken('AMpNbVoj6kggQ7Z...')
#17 [internal function]: Laravel\\Sanctum\\Guard->__invoke(Object(Illuminate\\Http\\Request), NULL)
#18 C:\\Users\\62812\\Documents\\LARAVEL FUNDAMENTAL\\laravel vue ecommerce\\ecommerce\\vendor\\laravel\\framework\\src\\Illuminate\\Auth\\RequestGuard.php(57): call_user_func(Object(Laravel\\Sanctum\\Guard), Object(Illuminate\\Http\\Request), NULL)
#19 C:\\Users\\62812\\Documents\\LARAVEL FUNDAMENTAL\\laravel vue ecommerce\\ecommerce\\vendor\\laravel\\framework\\src\\Illuminate\\Auth\\GuardHelpers.php(56): Illuminate\\Auth\\RequestGuard->user()
#20 C:\\Users\\62812\\Documents\\LARAVEL FUNDAMENTAL\\laravel vue ecommerce\\ecommerce\\vendor\\laravel\\framework\\src\\Illuminate\\Auth\\Middleware\\Authenticate.php(83): Illuminate\\Auth\\RequestGuard->check()
#21 C:\\Users\\62812\\Documents\\LARAVEL FUNDAMENTAL\\laravel vue ecommerce\\ecommerce\\vendor\\laravel\\framework\\src\\Illuminate\\Auth\\Middleware\\Authenticate.php(62): Illuminate\\Auth\\Middleware\\Authenticate->authenticate(Object(Illuminate\\Http\\Request), Array)
#22 C:\\Users\\62812\\Documents\\LARAVEL FUNDAMENTAL\\laravel vue ecommerce\\ecommerce\\vendor\\laravel\\framework\\src\\Illuminate\\Pipeline\\Pipeline.php(209): Illuminate\\Auth\\Middleware\\Authenticate->handle(Object(Illuminate\\Http\\Request), Object(Closure), 'sanctum')
#23 C:\\Users\\62812\\Documents\\LARAVEL FUNDAMENTAL\\laravel vue ecommerce\\ecommerce\\vendor\\laravel\\framework\\src\\Illuminate\\Pipeline\\Pipeline.php(127): Illuminate\\Pipeline\\Pipeline->Illuminate\\Pipeline\\{closure}(Object(Illuminate\\Http\\Request))
#24 C:\\Users\\62812\\Documents\\LARAVEL FUNDAMENTAL\\laravel vue ecommerce\\ecommerce\\vendor\\laravel\\framework\\src\\Illuminate\\Routing\\Router.php(807): Illuminate\\Pipeline\\Pipeline->then(Object(Closure))
#25 C:\\Users\\62812\\Documents\\LARAVEL FUNDAMENTAL\\laravel vue ecommerce\\ecommerce\\vendor\\laravel\\framework\\src\\Illuminate\\Routing\\Router.php(786): Illuminate\\Routing\\Router->runRouteWithinStack(Object(Illuminate\\Routing\\Route), Object(Illuminate\\Http\\Request))
#26 C:\\Users\\62812\\Documents\\LARAVEL FUNDAMENTAL\\laravel vue ecommerce\\ecommerce\\vendor\\laravel\\framework\\src\\Illuminate\\Routing\\Router.php(750): Illuminate\\Routing\\Router->runRoute(Object(Illuminate\\Http\\Request), Object(Illuminate\\Routing\\Route))
#27 C:\\Users\\62812\\Documents\\LARAVEL FUNDAMENTAL\\laravel vue ecommerce\\ecommerce\\vendor\\laravel\\framework\\src\\Illuminate\\Routing\\Router.php(739): Illuminate\\Routing\\Router->dispatchToRoute(Object(Illuminate\\Http\\Request))
#28 C:\\Users\\62812\\Documents\\LARAVEL FUNDAMENTAL\\laravel vue ecommerce\\ecommerce\\vendor\\laravel\\framework\\src\\Illuminate\\Foundation\\Http\\Kernel.php(201): Illuminate\\Routing\\Router->dispatch(Object(Illuminate\\Http\\Request))
#29 C:\\Users\\62812\\Documents\\LARAVEL FUNDAMENTAL\\laravel vue ecommerce\\ecommerce\\vendor\\laravel\\framework\\src\\Illuminate\\Pipeline\\Pipeline.php(170): Illuminate\\Foundation\\Http\\Kernel->Illuminate\\Foundation\\Http\\{closure}(Object(Illuminate\\Http\\Request))
#30 C:\\Users\\62812\\Documents\\LARAVEL FUNDAMENTAL\\laravel vue ecommerce\\ecommerce\\vendor\\laravel\\framework\\src\\Illuminate\\Foundation\\Http\\Middleware\\TransformsRequest.php(21): Illuminate\\Pipeline\\Pipeline->Illuminate\\Pipeline\\{closure}(Object(Illuminate\\Http\\Request))
#31 C:\\Users\\62812\\Documents\\LARAVEL FUNDAMENTAL\\laravel vue ecommerce\\ecommerce\\vendor\\laravel\\framework\\src\\Illuminate\\Foundation\\Http\\Middleware\\ConvertEmptyStringsToNull.php(31): Illuminate\\Foundation\\Http\\Middleware\\TransformsRequest->handle(Object(Illuminate\\Http\\Request), Object(Closure))
#32 C:\\Users\\62812\\Documents\\LARAVEL FUNDAMENTAL\\laravel vue ecommerce\\ecommerce\\vendor\\laravel\\framework\\src\\Illuminate\\Pipeline\\Pipeline.php(209): Illuminate\\Foundation\\Http\\Middleware\\ConvertEmptyStringsToNull->handle(Object(Illuminate\\Http\\Request), Object(Closure))
#33 C:\\Users\\62812\\Documents\\LARAVEL FUNDAMENTAL\\laravel vue ecommerce\\ecommerce\\vendor\\laravel\\framework\\src\\Illuminate\\Foundation\\Http\\Middleware\\TransformsRequest.php(21): Illuminate\\Pipeline\\Pipeline->Illuminate\\Pipeline\\{closure}(Object(Illuminate\\Http\\Request))
#34 C:\\Users\\62812\\Documents\\LARAVEL FUNDAMENTAL\\laravel vue ecommerce\\ecommerce\\vendor\\laravel\\framework\\src\\Illuminate\\Foundation\\Http\\Middleware\\TrimStrings.php(51): Illuminate\\Foundation\\Http\\Middleware\\TransformsRequest->handle(Object(Illuminate\\Http\\Request), Object(Closure))
#35 C:\\Users\\62812\\Documents\\LARAVEL FUNDAMENTAL\\laravel vue ecommerce\\ecommerce\\vendor\\laravel\\framework\\src\\Illuminate\\Pipeline\\Pipeline.php(209): Illuminate\\Foundation\\Http\\Middleware\\TrimStrings->handle(Object(Illuminate\\Http\\Request), Object(Closure))
#36 C:\\Users\\62812\\Documents\\LARAVEL FUNDAMENTAL\\laravel vue ecommerce\\ecommerce\\vendor\\laravel\\framework\\src\\Illuminate\\Http\\Middleware\\ValidatePostSize.php(27): Illuminate\\Pipeline\\Pipeline->Illuminate\\Pipeline\\{closure}(Object(Illuminate\\Http\\Request))
#37 C:\\Users\\62812\\Documents\\LARAVEL FUNDAMENTAL\\laravel vue ecommerce\\ecommerce\\vendor\\laravel\\framework\\src\\Illuminate\\Pipeline\\Pipeline.php(209): Illuminate\\Http\\Middleware\\ValidatePostSize->handle(Object(Illuminate\\Http\\Request), Object(Closure))
#38 C:\\Users\\62812\\Documents\\LARAVEL FUNDAMENTAL\\laravel vue ecommerce\\ecommerce\\vendor\\laravel\\framework\\src\\Illuminate\\Foundation\\Http\\Middleware\\PreventRequestsDuringMaintenance.php(110): Illuminate\\Pipeline\\Pipeline->Illuminate\\Pipeline\\{closure}(Object(Illuminate\\Http\\Request))
#39 C:\\Users\\62812\\Documents\\LARAVEL FUNDAMENTAL\\laravel vue ecommerce\\ecommerce\\vendor\\laravel\\framework\\src\\Illuminate\\Pipeline\\Pipeline.php(209): Illuminate\\Foundation\\Http\\Middleware\\PreventRequestsDuringMaintenance->handle(Object(Illuminate\\Http\\Request), Object(Closure))
#40 C:\\Users\\62812\\Documents\\LARAVEL FUNDAMENTAL\\laravel vue ecommerce\\ecommerce\\vendor\\laravel\\framework\\src\\Illuminate\\Http\\Middleware\\HandleCors.php(62): Illuminate\\Pipeline\\Pipeline->Illuminate\\Pipeline\\{closure}(Object(Illuminate\\Http\\Request))
#41 C:\\Users\\62812\\Documents\\LARAVEL FUNDAMENTAL\\laravel vue ecommerce\\ecommerce\\vendor\\laravel\\framework\\src\\Illuminate\\Pipeline\\Pipeline.php(209): Illuminate\\Http\\Middleware\\HandleCors->handle(Object(Illuminate\\Http\\Request), Object(Closure))
#42 C:\\Users\\62812\\Documents\\LARAVEL FUNDAMENTAL\\laravel vue ecommerce\\ecommerce\\vendor\\laravel\\framework\\src\\Illuminate\\Http\\Middleware\\TrustProxies.php(58): Illuminate\\Pipeline\\Pipeline->Illuminate\\Pipeline\\{closure}(Object(Illuminate\\Http\\Request))
#43 C:\\Users\\62812\\Documents\\LARAVEL FUNDAMENTAL\\laravel vue ecommerce\\ecommerce\\vendor\\laravel\\framework\\src\\Illuminate\\Pipeline\\Pipeline.php(209): Illuminate\\Http\\Middleware\\TrustProxies->handle(Object(Illuminate\\Http\\Request), Object(Closure))
#44 C:\\Users\\62812\\Documents\\LARAVEL FUNDAMENTAL\\laravel vue ecommerce\\ecommerce\\vendor\\laravel\\framework\\src\\Illuminate\\Foundation\\Http\\Middleware\\InvokeDeferredCallbacks.php(22): Illuminate\\Pipeline\\Pipeline->Illuminate\\Pipeline\\{closure}(Object(Illuminate\\Http\\Request))
#45 C:\\Users\\62812\\Documents\\LARAVEL FUNDAMENTAL\\laravel vue ecommerce\\ecommerce\\vendor\\laravel\\framework\\src\\Illuminate\\Pipeline\\Pipeline.php(209): Illuminate\\Foundation\\Http\\Middleware\\InvokeDeferredCallbacks->handle(Object(Illuminate\\Http\\Request), Object(Closure))
#46 C:\\Users\\62812\\Documents\\LARAVEL FUNDAMENTAL\\laravel vue ecommerce\\ecommerce\\vendor\\laravel\\framework\\src\\Illuminate\\Pipeline\\Pipeline.php(127): Illuminate\\Pipeline\\Pipeline->Illuminate\\Pipeline\\{closure}(Object(Illuminate\\Http\\Request))
#47 C:\\Users\\62812\\Documents\\LARAVEL FUNDAMENTAL\\laravel vue ecommerce\\ecommerce\\vendor\\laravel\\framework\\src\\Illuminate\\Foundation\\Http\\Kernel.php(176): Illuminate\\Pipeline\\Pipeline->then(Object(Closure))
#48 C:\\Users\\62812\\Documents\\LARAVEL FUNDAMENTAL\\laravel vue ecommerce\\ecommerce\\vendor\\laravel\\framework\\src\\Illuminate\\Foundation\\Http\\Kernel.php(145): Illuminate\\Foundation\\Http\\Kernel->sendRequestThroughRouter(Object(Illuminate\\Http\\Request))
#49 C:\\Users\\62812\\Documents\\LARAVEL FUNDAMENTAL\\laravel vue ecommerce\\ecommerce\\vendor\\laravel\\framework\\src\\Illuminate\\Foundation\\Application.php(1220): Illuminate\\Foundation\\Http\\Kernel->handle(Object(Illuminate\\Http\\Request))
#50 C:\\Users\\62812\\Documents\\LARAVEL FUNDAMENTAL\\laravel vue ecommerce\\ecommerce\\public\\index.php(17): Illuminate\\Foundation\\Application->handleRequest(Object(Illuminate\\Http\\Request))
#51 C:\\Users\\62812\\Documents\\LARAVEL FUNDAMENTAL\\laravel vue ecommerce\\ecommerce\\vendor\\laravel\\framework\\src\\Illuminate\\Foundation\\resources\\server.php(23): require_once('C:\\\\Users\\\\62812\\\\...')
#52 {main}
"} 
[2025-09-24 10:58:09] local.ERROR: SQLSTATE[42S02]: Base table or view not found: 1146 Table 'laravel.personal_access_tokens' doesn't exist (Connection: mysql, SQL: select * from `personal_access_tokens` where `personal_access_tokens`.`id` = 4 limit 1) {"exception":"[object] (Illuminate\\Database\\QueryException(code: 42S02): SQLSTATE[42S02]: Base table or view not found: 1146 Table 'laravel.personal_access_tokens' doesn't exist (Connection: mysql, SQL: select * from `personal_access_tokens` where `personal_access_tokens`.`id` = 4 limit 1) at C:\\Users\\62812\\Documents\\LARAVEL FUNDAMENTAL\\laravel vue ecommerce\\ecommerce\\vendor\\laravel\\framework\\src\\Illuminate\\Database\\Connection.php:825)
[stacktrace]
#0 C:\\Users\\62812\\Documents\\LARAVEL FUNDAMENTAL\\laravel vue ecommerce\\ecommerce\\vendor\\laravel\\framework\\src\\Illuminate\\Database\\Connection.php(779): Illuminate\\Database\\Connection->runQueryCallback('select * from `...', Array, Object(Closure))
#1 C:\\Users\\62812\\Documents\\LARAVEL FUNDAMENTAL\\laravel vue ecommerce\\ecommerce\\vendor\\laravel\\framework\\src\\Illuminate\\Database\\Connection.php(398): Illuminate\\Database\\Connection->run('select * from `...', Array, Object(Closure))
#2 C:\\Users\\62812\\Documents\\LARAVEL FUNDAMENTAL\\laravel vue ecommerce\\ecommerce\\vendor\\laravel\\framework\\src\\Illuminate\\Database\\Query\\Builder.php(3106): Illuminate\\Database\\Connection->select('select * from `...', Array, true)
#3 C:\\Users\\62812\\Documents\\LARAVEL FUNDAMENTAL\\laravel vue ecommerce\\ecommerce\\vendor\\laravel\\framework\\src\\Illuminate\\Database\\Query\\Builder.php(3091): Illuminate\\Database\\Query\\Builder->runSelect()
#4 C:\\Users\\62812\\Documents\\LARAVEL FUNDAMENTAL\\laravel vue ecommerce\\ecommerce\\vendor\\laravel\\framework\\src\\Illuminate\\Database\\Query\\Builder.php(3676): Illuminate\\Database\\Query\\Builder->Illuminate\\Database\\Query\\{closure}()
#5 C:\\Users\\62812\\Documents\\LARAVEL FUNDAMENTAL\\laravel vue ecommerce\\ecommerce\\vendor\\laravel\\framework\\src\\Illuminate\\Database\\Query\\Builder.php(3090): Illuminate\\Database\\Query\\Builder->onceWithColumns(Array, Object(Closure))
#6 C:\\Users\\62812\\Documents\\LARAVEL FUNDAMENTAL\\laravel vue ecommerce\\ecommerce\\vendor\\laravel\\framework\\src\\Illuminate\\Database\\Eloquent\\Builder.php(811): Illuminate\\Database\\Query\\Builder->get(Array)
#7 C:\\Users\\62812\\Documents\\LARAVEL FUNDAMENTAL\\laravel vue ecommerce\\ecommerce\\vendor\\laravel\\framework\\src\\Illuminate\\Database\\Eloquent\\Builder.php(793): Illuminate\\Database\\Eloquent\\Builder->getModels(Array)
#8 C:\\Users\\62812\\Documents\\LARAVEL FUNDAMENTAL\\laravel vue ecommerce\\ecommerce\\vendor\\laravel\\framework\\src\\Illuminate\\Database\\Concerns\\BuildsQueries.php(343): Illuminate\\Database\\Eloquent\\Builder->get(Array)
#9 C:\\Users\\62812\\Documents\\LARAVEL FUNDAMENTAL\\laravel vue ecommerce\\ecommerce\\vendor\\laravel\\framework\\src\\Illuminate\\Database\\Eloquent\\Builder.php(477): Illuminate\\Database\\Eloquent\\Builder->first(Array)
#10 C:\\Users\\62812\\Documents\\LARAVEL FUNDAMENTAL\\laravel vue ecommerce\\ecommerce\\vendor\\laravel\\framework\\src\\Illuminate\\Support\\Traits\\ForwardsCalls.php(23): Illuminate\\Database\\Eloquent\\Builder->find('4')
#11 C:\\Users\\62812\\Documents\\LARAVEL FUNDAMENTAL\\laravel vue ecommerce\\ecommerce\\vendor\\laravel\\framework\\src\\Illuminate\\Database\\Eloquent\\Model.php(2372): Illuminate\\Database\\Eloquent\\Model->forwardCallTo(Object(Illuminate\\Database\\Eloquent\\Builder), 'find', Array)
#12 C:\\Users\\62812\\Documents\\LARAVEL FUNDAMENTAL\\laravel vue ecommerce\\ecommerce\\vendor\\laravel\\framework\\src\\Illuminate\\Database\\Eloquent\\Model.php(2384): Illuminate\\Database\\Eloquent\\Model->__call('find', Array)
#13 C:\\Users\\62812\\Documents\\LARAVEL FUNDAMENTAL\\laravel vue ecommerce\\ecommerce\\vendor\\laravel\\sanctum\\src\\PersonalAccessToken.php(66): Illuminate\\Database\\Eloquent\\Model::__callStatic('find', Array)
#14 C:\\Users\\62812\\Documents\\LARAVEL FUNDAMENTAL\\laravel vue ecommerce\\ecommerce\\vendor\\laravel\\sanctum\\src\\Guard.php(67): Laravel\\Sanctum\\PersonalAccessToken::findToken('AMpNbVoj6kggQ7Z...')
#15 [internal function]: Laravel\\Sanctum\\Guard->__invoke(Object(Illuminate\\Http\\Request), NULL)
#16 C:\\Users\\62812\\Documents\\LARAVEL FUNDAMENTAL\\laravel vue ecommerce\\ecommerce\\vendor\\laravel\\framework\\src\\Illuminate\\Auth\\RequestGuard.php(57): call_user_func(Object(Laravel\\Sanctum\\Guard), Object(Illuminate\\Http\\Request), NULL)
#17 C:\\Users\\62812\\Documents\\LARAVEL FUNDAMENTAL\\laravel vue ecommerce\\ecommerce\\vendor\\laravel\\framework\\src\\Illuminate\\Auth\\GuardHelpers.php(56): Illuminate\\Auth\\RequestGuard->user()
#18 C:\\Users\\62812\\Documents\\LARAVEL FUNDAMENTAL\\laravel vue ecommerce\\ecommerce\\vendor\\laravel\\framework\\src\\Illuminate\\Auth\\Middleware\\Authenticate.php(83): Illuminate\\Auth\\RequestGuard->check()
#19 C:\\Users\\62812\\Documents\\LARAVEL FUNDAMENTAL\\laravel vue ecommerce\\ecommerce\\vendor\\laravel\\framework\\src\\Illuminate\\Auth\\Middleware\\Authenticate.php(62): Illuminate\\Auth\\Middleware\\Authenticate->authenticate(Object(Illuminate\\Http\\Request), Array)
#20 C:\\Users\\62812\\Documents\\LARAVEL FUNDAMENTAL\\laravel vue ecommerce\\ecommerce\\vendor\\laravel\\framework\\src\\Illuminate\\Pipeline\\Pipeline.php(209): Illuminate\\Auth\\Middleware\\Authenticate->handle(Object(Illuminate\\Http\\Request), Object(Closure), 'sanctum')
#21 C:\\Users\\62812\\Documents\\LARAVEL FUNDAMENTAL\\laravel vue ecommerce\\ecommerce\\vendor\\laravel\\framework\\src\\Illuminate\\Pipeline\\Pipeline.php(127): Illuminate\\Pipeline\\Pipeline->Illuminate\\Pipeline\\{closure}(Object(Illuminate\\Http\\Request))
#22 C:\\Users\\62812\\Documents\\LARAVEL FUNDAMENTAL\\laravel vue ecommerce\\ecommerce\\vendor\\laravel\\framework\\src\\Illuminate\\Routing\\Router.php(807): Illuminate\\Pipeline\\Pipeline->then(Object(Closure))
#23 C:\\Users\\62812\\Documents\\LARAVEL FUNDAMENTAL\\laravel vue ecommerce\\ecommerce\\vendor\\laravel\\framework\\src\\Illuminate\\Routing\\Router.php(786): Illuminate\\Routing\\Router->runRouteWithinStack(Object(Illuminate\\Routing\\Route), Object(Illuminate\\Http\\Request))
#24 C:\\Users\\62812\\Documents\\LARAVEL FUNDAMENTAL\\laravel vue ecommerce\\ecommerce\\vendor\\laravel\\framework\\src\\Illuminate\\Routing\\Router.php(750): Illuminate\\Routing\\Router->runRoute(Object(Illuminate\\Http\\Request), Object(Illuminate\\Routing\\Route))
#25 C:\\Users\\62812\\Documents\\LARAVEL FUNDAMENTAL\\laravel vue ecommerce\\ecommerce\\vendor\\laravel\\framework\\src\\Illuminate\\Routing\\Router.php(739): Illuminate\\Routing\\Router->dispatchToRoute(Object(Illuminate\\Http\\Request))
#26 C:\\Users\\62812\\Documents\\LARAVEL FUNDAMENTAL\\laravel vue ecommerce\\ecommerce\\vendor\\laravel\\framework\\src\\Illuminate\\Foundation\\Http\\Kernel.php(201): Illuminate\\Routing\\Router->dispatch(Object(Illuminate\\Http\\Request))
#27 C:\\Users\\62812\\Documents\\LARAVEL FUNDAMENTAL\\laravel vue ecommerce\\ecommerce\\vendor\\laravel\\framework\\src\\Illuminate\\Pipeline\\Pipeline.php(170): Illuminate\\Foundation\\Http\\Kernel->Illuminate\\Foundation\\Http\\{closure}(Object(Illuminate\\Http\\Request))
#28 C:\\Users\\62812\\Documents\\LARAVEL FUNDAMENTAL\\laravel vue ecommerce\\ecommerce\\vendor\\laravel\\framework\\src\\Illuminate\\Foundation\\Http\\Middleware\\TransformsRequest.php(21): Illuminate\\Pipeline\\Pipeline->Illuminate\\Pipeline\\{closure}(Object(Illuminate\\Http\\Request))
#29 C:\\Users\\62812\\Documents\\LARAVEL FUNDAMENTAL\\laravel vue ecommerce\\ecommerce\\vendor\\laravel\\framework\\src\\Illuminate\\Foundation\\Http\\Middleware\\ConvertEmptyStringsToNull.php(31): Illuminate\\Foundation\\Http\\Middleware\\TransformsRequest->handle(Object(Illuminate\\Http\\Request), Object(Closure))
#30 C:\\Users\\62812\\Documents\\LARAVEL FUNDAMENTAL\\laravel vue ecommerce\\ecommerce\\vendor\\laravel\\framework\\src\\Illuminate\\Pipeline\\Pipeline.php(209): Illuminate\\Foundation\\Http\\Middleware\\ConvertEmptyStringsToNull->handle(Object(Illuminate\\Http\\Request), Object(Closure))
#31 C:\\Users\\62812\\Documents\\LARAVEL FUNDAMENTAL\\laravel vue ecommerce\\ecommerce\\vendor\\laravel\\framework\\src\\Illuminate\\Foundation\\Http\\Middleware\\TransformsRequest.php(21): Illuminate\\Pipeline\\Pipeline->Illuminate\\Pipeline\\{closure}(Object(Illuminate\\Http\\Request))
#32 C:\\Users\\62812\\Documents\\LARAVEL FUNDAMENTAL\\laravel vue ecommerce\\ecommerce\\vendor\\laravel\\framework\\src\\Illuminate\\Foundation\\Http\\Middleware\\TrimStrings.php(51): Illuminate\\Foundation\\Http\\Middleware\\TransformsRequest->handle(Object(Illuminate\\Http\\Request), Object(Closure))
#33 C:\\Users\\62812\\Documents\\LARAVEL FUNDAMENTAL\\laravel vue ecommerce\\ecommerce\\vendor\\laravel\\framework\\src\\Illuminate\\Pipeline\\Pipeline.php(209): Illuminate\\Foundation\\Http\\Middleware\\TrimStrings->handle(Object(Illuminate\\Http\\Request), Object(Closure))
#34 C:\\Users\\62812\\Documents\\LARAVEL FUNDAMENTAL\\laravel vue ecommerce\\ecommerce\\vendor\\laravel\\framework\\src\\Illuminate\\Http\\Middleware\\ValidatePostSize.php(27): Illuminate\\Pipeline\\Pipeline->Illuminate\\Pipeline\\{closure}(Object(Illuminate\\Http\\Request))
#35 C:\\Users\\62812\\Documents\\LARAVEL FUNDAMENTAL\\laravel vue ecommerce\\ecommerce\\vendor\\laravel\\framework\\src\\Illuminate\\Pipeline\\Pipeline.php(209): Illuminate\\Http\\Middleware\\ValidatePostSize->handle(Object(Illuminate\\Http\\Request), Object(Closure))
#36 C:\\Users\\62812\\Documents\\LARAVEL FUNDAMENTAL\\laravel vue ecommerce\\ecommerce\\vendor\\laravel\\framework\\src\\Illuminate\\Foundation\\Http\\Middleware\\PreventRequestsDuringMaintenance.php(110): Illuminate\\Pipeline\\Pipeline->Illuminate\\Pipeline\\{closure}(Object(Illuminate\\Http\\Request))
#37 C:\\Users\\62812\\Documents\\LARAVEL FUNDAMENTAL\\laravel vue ecommerce\\ecommerce\\vendor\\laravel\\framework\\src\\Illuminate\\Pipeline\\Pipeline.php(209): Illuminate\\Foundation\\Http\\Middleware\\PreventRequestsDuringMaintenance->handle(Object(Illuminate\\Http\\Request), Object(Closure))
#38 C:\\Users\\62812\\Documents\\LARAVEL FUNDAMENTAL\\laravel vue ecommerce\\ecommerce\\vendor\\laravel\\framework\\src\\Illuminate\\Http\\Middleware\\HandleCors.php(62): Illuminate\\Pipeline\\Pipeline->Illuminate\\Pipeline\\{closure}(Object(Illuminate\\Http\\Request))
#39 C:\\Users\\62812\\Documents\\LARAVEL FUNDAMENTAL\\laravel vue ecommerce\\ecommerce\\vendor\\laravel\\framework\\src\\Illuminate\\Pipeline\\Pipeline.php(209): Illuminate\\Http\\Middleware\\HandleCors->handle(Object(Illuminate\\Http\\Request), Object(Closure))
#40 C:\\Users\\62812\\Documents\\LARAVEL FUNDAMENTAL\\laravel vue ecommerce\\ecommerce\\vendor\\laravel\\framework\\src\\Illuminate\\Http\\Middleware\\TrustProxies.php(58): Illuminate\\Pipeline\\Pipeline->Illuminate\\Pipeline\\{closure}(Object(Illuminate\\Http\\Request))
#41 C:\\Users\\62812\\Documents\\LARAVEL FUNDAMENTAL\\laravel vue ecommerce\\ecommerce\\vendor\\laravel\\framework\\src\\Illuminate\\Pipeline\\Pipeline.php(209): Illuminate\\Http\\Middleware\\TrustProxies->handle(Object(Illuminate\\Http\\Request), Object(Closure))
#42 C:\\Users\\62812\\Documents\\LARAVEL FUNDAMENTAL\\laravel vue ecommerce\\ecommerce\\vendor\\laravel\\framework\\src\\Illuminate\\Foundation\\Http\\Middleware\\InvokeDeferredCallbacks.php(22): Illuminate\\Pipeline\\Pipeline->Illuminate\\Pipeline\\{closure}(Object(Illuminate\\Http\\Request))
#43 C:\\Users\\62812\\Documents\\LARAVEL FUNDAMENTAL\\laravel vue ecommerce\\ecommerce\\vendor\\laravel\\framework\\src\\Illuminate\\Pipeline\\Pipeline.php(209): Illuminate\\Foundation\\Http\\Middleware\\InvokeDeferredCallbacks->handle(Object(Illuminate\\Http\\Request), Object(Closure))
#44 C:\\Users\\62812\\Documents\\LARAVEL FUNDAMENTAL\\laravel vue ecommerce\\ecommerce\\vendor\\laravel\\framework\\src\\Illuminate\\Pipeline\\Pipeline.php(127): Illuminate\\Pipeline\\Pipeline->Illuminate\\Pipeline\\{closure}(Object(Illuminate\\Http\\Request))
#45 C:\\Users\\62812\\Documents\\LARAVEL FUNDAMENTAL\\laravel vue ecommerce\\ecommerce\\vendor\\laravel\\framework\\src\\Illuminate\\Foundation\\Http\\Kernel.php(176): Illuminate\\Pipeline\\Pipeline->then(Object(Closure))
#46 C:\\Users\\62812\\Documents\\LARAVEL FUNDAMENTAL\\laravel vue ecommerce\\ecommerce\\vendor\\laravel\\framework\\src\\Illuminate\\Foundation\\Http\\Kernel.php(145): Illuminate\\Foundation\\Http\\Kernel->sendRequestThroughRouter(Object(Illuminate\\Http\\Request))
#47 C:\\Users\\62812\\Documents\\LARAVEL FUNDAMENTAL\\laravel vue ecommerce\\ecommerce\\vendor\\laravel\\framework\\src\\Illuminate\\Foundation\\Application.php(1220): Illuminate\\Foundation\\Http\\Kernel->handle(Object(Illuminate\\Http\\Request))
#48 C:\\Users\\62812\\Documents\\LARAVEL FUNDAMENTAL\\laravel vue ecommerce\\ecommerce\\public\\index.php(17): Illuminate\\Foundation\\Application->handleRequest(Object(Illuminate\\Http\\Request))
#49 C:\\Users\\62812\\Documents\\LARAVEL FUNDAMENTAL\\laravel vue ecommerce\\ecommerce\\vendor\\laravel\\framework\\src\\Illuminate\\Foundation\\resources\\server.php(23): require_once('C:\\\\Users\\\\62812\\\\...')
#50 {main}

[previous exception] [object] (PDOException(code: 42S02): SQLSTATE[42S02]: Base table or view not found: 1146 Table 'laravel.personal_access_tokens' doesn't exist at C:\\Users\\62812\\Documents\\LARAVEL FUNDAMENTAL\\laravel vue ecommerce\\ecommerce\\vendor\\laravel\\framework\\src\\Illuminate\\Database\\Connection.php:407)
[stacktrace]
#0 C:\\Users\\62812\\Documents\\LARAVEL FUNDAMENTAL\\laravel vue ecommerce\\ecommerce\\vendor\\laravel\\framework\\src\\Illuminate\\Database\\Connection.php(407): PDO->prepare('select * from `...')
#1 C:\\Users\\62812\\Documents\\LARAVEL FUNDAMENTAL\\laravel vue ecommerce\\ecommerce\\vendor\\laravel\\framework\\src\\Illuminate\\Database\\Connection.php(812): Illuminate\\Database\\Connection->Illuminate\\Database\\{closure}('select * from `...', Array)
#2 C:\\Users\\62812\\Documents\\LARAVEL FUNDAMENTAL\\laravel vue ecommerce\\ecommerce\\vendor\\laravel\\framework\\src\\Illuminate\\Database\\Connection.php(779): Illuminate\\Database\\Connection->runQueryCallback('select * from `...', Array, Object(Closure))
#3 C:\\Users\\62812\\Documents\\LARAVEL FUNDAMENTAL\\laravel vue ecommerce\\ecommerce\\vendor\\laravel\\framework\\src\\Illuminate\\Database\\Connection.php(398): Illuminate\\Database\\Connection->run('select * from `...', Array, Object(Closure))
#4 C:\\Users\\62812\\Documents\\LARAVEL FUNDAMENTAL\\laravel vue ecommerce\\ecommerce\\vendor\\laravel\\framework\\src\\Illuminate\\Database\\Query\\Builder.php(3106): Illuminate\\Database\\Connection->select('select * from `...', Array, true)
#5 C:\\Users\\62812\\Documents\\LARAVEL FUNDAMENTAL\\laravel vue ecommerce\\ecommerce\\vendor\\laravel\\framework\\src\\Illuminate\\Database\\Query\\Builder.php(3091): Illuminate\\Database\\Query\\Builder->runSelect()
#6 C:\\Users\\62812\\Documents\\LARAVEL FUNDAMENTAL\\laravel vue ecommerce\\ecommerce\\vendor\\laravel\\framework\\src\\Illuminate\\Database\\Query\\Builder.php(3676): Illuminate\\Database\\Query\\Builder->Illuminate\\Database\\Query\\{closure}()
#7 C:\\Users\\62812\\Documents\\LARAVEL FUNDAMENTAL\\laravel vue ecommerce\\ecommerce\\vendor\\laravel\\framework\\src\\Illuminate\\Database\\Query\\Builder.php(3090): Illuminate\\Database\\Query\\Builder->onceWithColumns(Array, Object(Closure))
#8 C:\\Users\\62812\\Documents\\LARAVEL FUNDAMENTAL\\laravel vue ecommerce\\ecommerce\\vendor\\laravel\\framework\\src\\Illuminate\\Database\\Eloquent\\Builder.php(811): Illuminate\\Database\\Query\\Builder->get(Array)
#9 C:\\Users\\62812\\Documents\\LARAVEL FUNDAMENTAL\\laravel vue ecommerce\\ecommerce\\vendor\\laravel\\framework\\src\\Illuminate\\Database\\Eloquent\\Builder.php(793): Illuminate\\Database\\Eloquent\\Builder->getModels(Array)
#10 C:\\Users\\62812\\Documents\\LARAVEL FUNDAMENTAL\\laravel vue ecommerce\\ecommerce\\vendor\\laravel\\framework\\src\\Illuminate\\Database\\Concerns\\BuildsQueries.php(343): Illuminate\\Database\\Eloquent\\Builder->get(Array)
#11 C:\\Users\\62812\\Documents\\LARAVEL FUNDAMENTAL\\laravel vue ecommerce\\ecommerce\\vendor\\laravel\\framework\\src\\Illuminate\\Database\\Eloquent\\Builder.php(477): Illuminate\\Database\\Eloquent\\Builder->first(Array)
#12 C:\\Users\\62812\\Documents\\LARAVEL FUNDAMENTAL\\laravel vue ecommerce\\ecommerce\\vendor\\laravel\\framework\\src\\Illuminate\\Support\\Traits\\ForwardsCalls.php(23): Illuminate\\Database\\Eloquent\\Builder->find('4')
#13 C:\\Users\\62812\\Documents\\LARAVEL FUNDAMENTAL\\laravel vue ecommerce\\ecommerce\\vendor\\laravel\\framework\\src\\Illuminate\\Database\\Eloquent\\Model.php(2372): Illuminate\\Database\\Eloquent\\Model->forwardCallTo(Object(Illuminate\\Database\\Eloquent\\Builder), 'find', Array)
#14 C:\\Users\\62812\\Documents\\LARAVEL FUNDAMENTAL\\laravel vue ecommerce\\ecommerce\\vendor\\laravel\\framework\\src\\Illuminate\\Database\\Eloquent\\Model.php(2384): Illuminate\\Database\\Eloquent\\Model->__call('find', Array)
#15 C:\\Users\\62812\\Documents\\LARAVEL FUNDAMENTAL\\laravel vue ecommerce\\ecommerce\\vendor\\laravel\\sanctum\\src\\PersonalAccessToken.php(66): Illuminate\\Database\\Eloquent\\Model::__callStatic('find', Array)
#16 C:\\Users\\62812\\Documents\\LARAVEL FUNDAMENTAL\\laravel vue ecommerce\\ecommerce\\vendor\\laravel\\sanctum\\src\\Guard.php(67): Laravel\\Sanctum\\PersonalAccessToken::findToken('AMpNbVoj6kggQ7Z...')
#17 [internal function]: Laravel\\Sanctum\\Guard->__invoke(Object(Illuminate\\Http\\Request), NULL)
#18 C:\\Users\\62812\\Documents\\LARAVEL FUNDAMENTAL\\laravel vue ecommerce\\ecommerce\\vendor\\laravel\\framework\\src\\Illuminate\\Auth\\RequestGuard.php(57): call_user_func(Object(Laravel\\Sanctum\\Guard), Object(Illuminate\\Http\\Request), NULL)
#19 C:\\Users\\62812\\Documents\\LARAVEL FUNDAMENTAL\\laravel vue ecommerce\\ecommerce\\vendor\\laravel\\framework\\src\\Illuminate\\Auth\\GuardHelpers.php(56): Illuminate\\Auth\\RequestGuard->user()
#20 C:\\Users\\62812\\Documents\\LARAVEL FUNDAMENTAL\\laravel vue ecommerce\\ecommerce\\vendor\\laravel\\framework\\src\\Illuminate\\Auth\\Middleware\\Authenticate.php(83): Illuminate\\Auth\\RequestGuard->check()
#21 C:\\Users\\62812\\Documents\\LARAVEL FUNDAMENTAL\\laravel vue ecommerce\\ecommerce\\vendor\\laravel\\framework\\src\\Illuminate\\Auth\\Middleware\\Authenticate.php(62): Illuminate\\Auth\\Middleware\\Authenticate->authenticate(Object(Illuminate\\Http\\Request), Array)
#22 C:\\Users\\62812\\Documents\\LARAVEL FUNDAMENTAL\\laravel vue ecommerce\\ecommerce\\vendor\\laravel\\framework\\src\\Illuminate\\Pipeline\\Pipeline.php(209): Illuminate\\Auth\\Middleware\\Authenticate->handle(Object(Illuminate\\Http\\Request), Object(Closure), 'sanctum')
#23 C:\\Users\\62812\\Documents\\LARAVEL FUNDAMENTAL\\laravel vue ecommerce\\ecommerce\\vendor\\laravel\\framework\\src\\Illuminate\\Pipeline\\Pipeline.php(127): Illuminate\\Pipeline\\Pipeline->Illuminate\\Pipeline\\{closure}(Object(Illuminate\\Http\\Request))
#24 C:\\Users\\62812\\Documents\\LARAVEL FUNDAMENTAL\\laravel vue ecommerce\\ecommerce\\vendor\\laravel\\framework\\src\\Illuminate\\Routing\\Router.php(807): Illuminate\\Pipeline\\Pipeline->then(Object(Closure))
#25 C:\\Users\\62812\\Documents\\LARAVEL FUNDAMENTAL\\laravel vue ecommerce\\ecommerce\\vendor\\laravel\\framework\\src\\Illuminate\\Routing\\Router.php(786): Illuminate\\Routing\\Router->runRouteWithinStack(Object(Illuminate\\Routing\\Route), Object(Illuminate\\Http\\Request))
#26 C:\\Users\\62812\\Documents\\LARAVEL FUNDAMENTAL\\laravel vue ecommerce\\ecommerce\\vendor\\laravel\\framework\\src\\Illuminate\\Routing\\Router.php(750): Illuminate\\Routing\\Router->runRoute(Object(Illuminate\\Http\\Request), Object(Illuminate\\Routing\\Route))
#27 C:\\Users\\62812\\Documents\\LARAVEL FUNDAMENTAL\\laravel vue ecommerce\\ecommerce\\vendor\\laravel\\framework\\src\\Illuminate\\Routing\\Router.php(739): Illuminate\\Routing\\Router->dispatchToRoute(Object(Illuminate\\Http\\Request))
#28 C:\\Users\\62812\\Documents\\LARAVEL FUNDAMENTAL\\laravel vue ecommerce\\ecommerce\\vendor\\laravel\\framework\\src\\Illuminate\\Foundation\\Http\\Kernel.php(201): Illuminate\\Routing\\Router->dispatch(Object(Illuminate\\Http\\Request))
#29 C:\\Users\\62812\\Documents\\LARAVEL FUNDAMENTAL\\laravel vue ecommerce\\ecommerce\\vendor\\laravel\\framework\\src\\Illuminate\\Pipeline\\Pipeline.php(170): Illuminate\\Foundation\\Http\\Kernel->Illuminate\\Foundation\\Http\\{closure}(Object(Illuminate\\Http\\Request))
#30 C:\\Users\\62812\\Documents\\LARAVEL FUNDAMENTAL\\laravel vue ecommerce\\ecommerce\\vendor\\laravel\\framework\\src\\Illuminate\\Foundation\\Http\\Middleware\\TransformsRequest.php(21): Illuminate\\Pipeline\\Pipeline->Illuminate\\Pipeline\\{closure}(Object(Illuminate\\Http\\Request))
#31 C:\\Users\\62812\\Documents\\LARAVEL FUNDAMENTAL\\laravel vue ecommerce\\ecommerce\\vendor\\laravel\\framework\\src\\Illuminate\\Foundation\\Http\\Middleware\\ConvertEmptyStringsToNull.php(31): Illuminate\\Foundation\\Http\\Middleware\\TransformsRequest->handle(Object(Illuminate\\Http\\Request), Object(Closure))
#32 C:\\Users\\62812\\Documents\\LARAVEL FUNDAMENTAL\\laravel vue ecommerce\\ecommerce\\vendor\\laravel\\framework\\src\\Illuminate\\Pipeline\\Pipeline.php(209): Illuminate\\Foundation\\Http\\Middleware\\ConvertEmptyStringsToNull->handle(Object(Illuminate\\Http\\Request), Object(Closure))
#33 C:\\Users\\62812\\Documents\\LARAVEL FUNDAMENTAL\\laravel vue ecommerce\\ecommerce\\vendor\\laravel\\framework\\src\\Illuminate\\Foundation\\Http\\Middleware\\TransformsRequest.php(21): Illuminate\\Pipeline\\Pipeline->Illuminate\\Pipeline\\{closure}(Object(Illuminate\\Http\\Request))
#34 C:\\Users\\62812\\Documents\\LARAVEL FUNDAMENTAL\\laravel vue ecommerce\\ecommerce\\vendor\\laravel\\framework\\src\\Illuminate\\Foundation\\Http\\Middleware\\TrimStrings.php(51): Illuminate\\Foundation\\Http\\Middleware\\TransformsRequest->handle(Object(Illuminate\\Http\\Request), Object(Closure))
#35 C:\\Users\\62812\\Documents\\LARAVEL FUNDAMENTAL\\laravel vue ecommerce\\ecommerce\\vendor\\laravel\\framework\\src\\Illuminate\\Pipeline\\Pipeline.php(209): Illuminate\\Foundation\\Http\\Middleware\\TrimStrings->handle(Object(Illuminate\\Http\\Request), Object(Closure))
#36 C:\\Users\\62812\\Documents\\LARAVEL FUNDAMENTAL\\laravel vue ecommerce\\ecommerce\\vendor\\laravel\\framework\\src\\Illuminate\\Http\\Middleware\\ValidatePostSize.php(27): Illuminate\\Pipeline\\Pipeline->Illuminate\\Pipeline\\{closure}(Object(Illuminate\\Http\\Request))
#37 C:\\Users\\62812\\Documents\\LARAVEL FUNDAMENTAL\\laravel vue ecommerce\\ecommerce\\vendor\\laravel\\framework\\src\\Illuminate\\Pipeline\\Pipeline.php(209): Illuminate\\Http\\Middleware\\ValidatePostSize->handle(Object(Illuminate\\Http\\Request), Object(Closure))
#38 C:\\Users\\62812\\Documents\\LARAVEL FUNDAMENTAL\\laravel vue ecommerce\\ecommerce\\vendor\\laravel\\framework\\src\\Illuminate\\Foundation\\Http\\Middleware\\PreventRequestsDuringMaintenance.php(110): Illuminate\\Pipeline\\Pipeline->Illuminate\\Pipeline\\{closure}(Object(Illuminate\\Http\\Request))
#39 C:\\Users\\62812\\Documents\\LARAVEL FUNDAMENTAL\\laravel vue ecommerce\\ecommerce\\vendor\\laravel\\framework\\src\\Illuminate\\Pipeline\\Pipeline.php(209): Illuminate\\Foundation\\Http\\Middleware\\PreventRequestsDuringMaintenance->handle(Object(Illuminate\\Http\\Request), Object(Closure))
#40 C:\\Users\\62812\\Documents\\LARAVEL FUNDAMENTAL\\laravel vue ecommerce\\ecommerce\\vendor\\laravel\\framework\\src\\Illuminate\\Http\\Middleware\\HandleCors.php(62): Illuminate\\Pipeline\\Pipeline->Illuminate\\Pipeline\\{closure}(Object(Illuminate\\Http\\Request))
#41 C:\\Users\\62812\\Documents\\LARAVEL FUNDAMENTAL\\laravel vue ecommerce\\ecommerce\\vendor\\laravel\\framework\\src\\Illuminate\\Pipeline\\Pipeline.php(209): Illuminate\\Http\\Middleware\\HandleCors->handle(Object(Illuminate\\Http\\Request), Object(Closure))
#42 C:\\Users\\62812\\Documents\\LARAVEL FUNDAMENTAL\\laravel vue ecommerce\\ecommerce\\vendor\\laravel\\framework\\src\\Illuminate\\Http\\Middleware\\TrustProxies.php(58): Illuminate\\Pipeline\\Pipeline->Illuminate\\Pipeline\\{closure}(Object(Illuminate\\Http\\Request))
#43 C:\\Users\\62812\\Documents\\LARAVEL FUNDAMENTAL\\laravel vue ecommerce\\ecommerce\\vendor\\laravel\\framework\\src\\Illuminate\\Pipeline\\Pipeline.php(209): Illuminate\\Http\\Middleware\\TrustProxies->handle(Object(Illuminate\\Http\\Request), Object(Closure))
#44 C:\\Users\\62812\\Documents\\LARAVEL FUNDAMENTAL\\laravel vue ecommerce\\ecommerce\\vendor\\laravel\\framework\\src\\Illuminate\\Foundation\\Http\\Middleware\\InvokeDeferredCallbacks.php(22): Illuminate\\Pipeline\\Pipeline->Illuminate\\Pipeline\\{closure}(Object(Illuminate\\Http\\Request))
#45 C:\\Users\\62812\\Documents\\LARAVEL FUNDAMENTAL\\laravel vue ecommerce\\ecommerce\\vendor\\laravel\\framework\\src\\Illuminate\\Pipeline\\Pipeline.php(209): Illuminate\\Foundation\\Http\\Middleware\\InvokeDeferredCallbacks->handle(Object(Illuminate\\Http\\Request), Object(Closure))
#46 C:\\Users\\62812\\Documents\\LARAVEL FUNDAMENTAL\\laravel vue ecommerce\\ecommerce\\vendor\\laravel\\framework\\src\\Illuminate\\Pipeline\\Pipeline.php(127): Illuminate\\Pipeline\\Pipeline->Illuminate\\Pipeline\\{closure}(Object(Illuminate\\Http\\Request))
#47 C:\\Users\\62812\\Documents\\LARAVEL FUNDAMENTAL\\laravel vue ecommerce\\ecommerce\\vendor\\laravel\\framework\\src\\Illuminate\\Foundation\\Http\\Kernel.php(176): Illuminate\\Pipeline\\Pipeline->then(Object(Closure))
#48 C:\\Users\\62812\\Documents\\LARAVEL FUNDAMENTAL\\laravel vue ecommerce\\ecommerce\\vendor\\laravel\\framework\\src\\Illuminate\\Foundation\\Http\\Kernel.php(145): Illuminate\\Foundation\\Http\\Kernel->sendRequestThroughRouter(Object(Illuminate\\Http\\Request))
#49 C:\\Users\\62812\\Documents\\LARAVEL FUNDAMENTAL\\laravel vue ecommerce\\ecommerce\\vendor\\laravel\\framework\\src\\Illuminate\\Foundation\\Application.php(1220): Illuminate\\Foundation\\Http\\Kernel->handle(Object(Illuminate\\Http\\Request))
#50 C:\\Users\\62812\\Documents\\LARAVEL FUNDAMENTAL\\laravel vue ecommerce\\ecommerce\\public\\index.php(17): Illuminate\\Foundation\\Application->handleRequest(Object(Illuminate\\Http\\Request))
#51 C:\\Users\\62812\\Documents\\LARAVEL FUNDAMENTAL\\laravel vue ecommerce\\ecommerce\\vendor\\laravel\\framework\\src\\Illuminate\\Foundation\\resources\\server.php(23): require_once('C:\\\\Users\\\\62812\\\\...')
#52 {main}
"} 
[2025-09-25 03:34:37] local.ERROR: syntax error, unexpected end of file, expecting "elseif" or "else" or "endif" {"view":{"view":"C:\\Users\\62812\\Documents\\LARAVEL FUNDAMENTAL\\laravel vue ecommerce\\ecommerce\\resources\\views\\layouts\\navigation.blade.php","data":{"errors":"<pre class=sf-dump id=sf-dump-1190663235 data-indent-pad=\"  \"><span class=sf-dump-note>Illuminate\\Support\\ViewErrorBag</span> {<a class=sf-dump-ref>#1286</a><samp data-depth=1 class=sf-dump-expanded>
  #<span class=sf-dump-protected title=\"Protected property\">bags</span>: []
</samp>}
</pre><script>Sfdump(\"sf-dump-1190663235\", {\"maxDepth\":3,\"maxStringLength\":160})</script>
","componentName":"<pre class=sf-dump id=sf-dump-10879848 data-indent-pad=\"  \">\"<span class=sf-dump-str title=\"10 characters\">app-layout</span>\"
</pre><script>Sfdump(\"sf-dump-10879848\", {\"maxDepth\":3,\"maxStringLength\":160})</script>
","attributes":"<pre class=sf-dump id=sf-dump-1629222882 data-indent-pad=\"  \"><span class=sf-dump-note>Illuminate\\View\\ComponentAttributeBag</span> {<a class=sf-dump-ref>#1308</a><samp data-depth=1 class=sf-dump-expanded>
  #<span class=sf-dump-protected title=\"Protected property\">attributes</span>: []
</samp>}
</pre><script>Sfdump(\"sf-dump-1629222882\", {\"maxDepth\":3,\"maxStringLength\":160})</script>
","ignoredParameterNames":"<pre class=sf-dump id=sf-dump-2088512430 data-indent-pad=\"  \"><span class=sf-dump-note>Illuminate\\View\\InvokableComponentVariable</span> {<a class=sf-dump-ref>#1322</a><samp data-depth=1 class=sf-dump-expanded>
  #<span class=sf-dump-protected title=\"Protected property\">callable</span>: <span class=sf-dump-note>Closure()</span> {<a class=sf-dump-ref>#1321</a><samp data-depth=2 class=sf-dump-compact>
    <span class=sf-dump-meta>class</span>: \"<span class=\"sf-dump-str sf-dump-ellipsization\" title=\"App\\View\\Components\\AppLayout
29 characters\"><span class=\"sf-dump-ellipsis sf-dump-ellipsis-class\">App\\View\\Components</span><span class=\"sf-dump-ellipsis sf-dump-ellipsis-class\">\\</span><span class=\"sf-dump-ellipsis-tail\">AppLayout</span></span>\"
    <span class=sf-dump-meta>this</span>: <span class=\"sf-dump-note sf-dump-ellipsization\" title=\"App\\View\\Components\\AppLayout
\"><span class=\"sf-dump-ellipsis sf-dump-ellipsis-note\">App\\View\\Components</span><span class=\"sf-dump-ellipsis sf-dump-ellipsis-note\">\\</span><span class=\"sf-dump-ellipsis-tail\">AppLayout</span></span> {<a class=sf-dump-ref>#1306</a> &#8230;}
    <span class=sf-dump-meta>use</span>: {<samp data-depth=3 class=sf-dump-compact>
      <span class=sf-dump-meta>$method</span>: \"<span class=sf-dump-str title=\"21 characters\">ignoredParameterNames</span>\"
    </samp>}
    <span class=sf-dump-meta>file</span>: \"<span class=\"sf-dump-str sf-dump-ellipsization\" title=\"C:\\Users\\62812\\Documents\\LARAVEL FUNDAMENTAL\\laravel vue ecommerce\\ecommerce\\vendor\\laravel\\framework\\src\\Illuminate\\View\\Component.php
135 characters\"><span class=\"sf-dump-ellipsis sf-dump-ellipsis-path\">C:\\Users\\62812\\Documents\\LARAVEL FUNDAMENTAL\\laravel vue ecommerce\\ecommerce\\vendor</span><span class=\"sf-dump-ellipsis sf-dump-ellipsis-path\">\\laravel\\framework\\</span><span class=\"sf-dump-ellipsis-tail\">src\\Illuminate\\View\\Component.php</span></span>\"
    <span class=sf-dump-meta>line</span>: \"<span class=sf-dump-str title=\"10 characters\">303 to 305</span>\"
  </samp>}
</samp>}
</pre><script>Sfdump(\"sf-dump-2088512430\", {\"maxDepth\":3,\"maxStringLength\":160})</script>
","slot":"<pre class=sf-dump id=sf-dump-806716553 data-indent-pad=\"  \"><span class=sf-dump-note>Illuminate\\View\\ComponentSlot</span> {<a class=sf-dump-ref>#1309</a><samp data-depth=1 class=sf-dump-expanded>
  +<span class=sf-dump-public title=\"Public property\">attributes</span>: <span class=\"sf-dump-note sf-dump-ellipsization\" title=\"Illuminate\\View\\ComponentAttributeBag
\"><span class=\"sf-dump-ellipsis sf-dump-ellipsis-note\">Illuminate\\View</span><span class=\"sf-dump-ellipsis sf-dump-ellipsis-note\">\\</span><span class=\"sf-dump-ellipsis-tail\">ComponentAttributeBag</span></span> {<a class=sf-dump-ref>#1319</a><samp data-depth=2 class=sf-dump-compact>
    #<span class=sf-dump-protected title=\"Protected property\">attributes</span>: []
  </samp>}
  #<span class=sf-dump-protected title=\"Protected property\">contents</span>: \"<span class=sf-dump-str title=\"7 characters\">welcome</span>\"
</samp>}
</pre><script>Sfdump(\"sf-dump-806716553\", {\"maxDepth\":3,\"maxStringLength\":160})</script>
","__laravel_slots":"<pre class=sf-dump id=sf-dump-1813462067 data-indent-pad=\"  \"><span class=sf-dump-note>array:1</span> [<samp data-depth=1 class=sf-dump-expanded>
  \"<span class=sf-dump-key>__default</span>\" => <span class=\"sf-dump-note sf-dump-ellipsization\" title=\"Illuminate\\View\\ComponentSlot
\"><span class=\"sf-dump-ellipsis sf-dump-ellipsis-note\">Illuminate\\View</span><span class=\"sf-dump-ellipsis sf-dump-ellipsis-note\">\\</span><span class=\"sf-dump-ellipsis-tail\">ComponentSlot</span></span> {<a class=sf-dump-ref>#1309</a><samp data-depth=2 class=sf-dump-compact>
    +<span class=sf-dump-public title=\"Public property\">attributes</span>: <span class=\"sf-dump-note sf-dump-ellipsization\" title=\"Illuminate\\View\\ComponentAttributeBag
\"><span class=\"sf-dump-ellipsis sf-dump-ellipsis-note\">Illuminate\\View</span><span class=\"sf-dump-ellipsis sf-dump-ellipsis-note\">\\</span><span class=\"sf-dump-ellipsis-tail\">ComponentAttributeBag</span></span> {<a class=sf-dump-ref>#1319</a><samp data-depth=3 class=sf-dump-compact>
      #<span class=sf-dump-protected title=\"Protected property\">attributes</span>: []
    </samp>}
    #<span class=sf-dump-protected title=\"Protected property\">contents</span>: \"<span class=sf-dump-str title=\"7 characters\">welcome</span>\"
  </samp>}
</samp>]
</pre><script>Sfdump(\"sf-dump-1813462067\", {\"maxDepth\":3,\"maxStringLength\":160})</script>
"}},"exception":"[object] (Spatie\\LaravelIgnition\\Exceptions\\ViewException(code: 0): syntax error, unexpected end of file, expecting \"elseif\" or \"else\" or \"endif\" at C:\\Users\\62812\\Documents\\LARAVEL FUNDAMENTAL\\laravel vue ecommerce\\ecommerce\\resources\\views\\layouts\\navigation.blade.php:217)
[stacktrace]
#0 C:\\Users\\62812\\Documents\\LARAVEL FUNDAMENTAL\\laravel vue ecommerce\\ecommerce\\vendor\\laravel\\framework\\src\\Illuminate\\Filesystem\\Filesystem.php(123): require('C:\\\\Users\\\\62812\\\\...')
#1 C:\\Users\\62812\\Documents\\LARAVEL FUNDAMENTAL\\laravel vue ecommerce\\ecommerce\\vendor\\laravel\\framework\\src\\Illuminate\\Filesystem\\Filesystem.php(124): Illuminate\\Filesystem\\Filesystem::Illuminate\\Filesystem\\{closure}()
#2 C:\\Users\\62812\\Documents\\LARAVEL FUNDAMENTAL\\laravel vue ecommerce\\ecommerce\\vendor\\laravel\\framework\\src\\Illuminate\\View\\Engines\\PhpEngine.php(58): Illuminate\\Filesystem\\Filesystem->getRequire('C:\\\\Users\\\\62812\\\\...', Array)
#3 C:\\Users\\62812\\Documents\\LARAVEL FUNDAMENTAL\\laravel vue ecommerce\\ecommerce\\vendor\\laravel\\framework\\src\\Illuminate\\View\\Engines\\CompilerEngine.php(75): Illuminate\\View\\Engines\\PhpEngine->evaluatePath('C:\\\\Users\\\\62812\\\\...', Array)
#4 C:\\Users\\62812\\Documents\\LARAVEL FUNDAMENTAL\\laravel vue ecommerce\\ecommerce\\vendor\\laravel\\framework\\src\\Illuminate\\View\\View.php(209): Illuminate\\View\\Engines\\CompilerEngine->get('C:\\\\Users\\\\62812\\\\...', Array)
#5 C:\\Users\\62812\\Documents\\LARAVEL FUNDAMENTAL\\laravel vue ecommerce\\ecommerce\\vendor\\laravel\\framework\\src\\Illuminate\\View\\View.php(192): Illuminate\\View\\View->getContents()
#6 C:\\Users\\62812\\Documents\\LARAVEL FUNDAMENTAL\\laravel vue ecommerce\\ecommerce\\vendor\\laravel\\framework\\src\\Illuminate\\View\\View.php(161): Illuminate\\View\\View->renderContents()
#7 C:\\Users\\62812\\Documents\\LARAVEL FUNDAMENTAL\\laravel vue ecommerce\\ecommerce\\vendor\\laravel\\framework\\src\\Illuminate\\View\\Concerns\\ManagesComponents.php(99): Illuminate\\View\\View->render()
#8 C:\\Users\\62812\\Documents\\LARAVEL FUNDAMENTAL\\laravel vue ecommerce\\ecommerce\\resources\\views\\welcome.blade.php(1): Illuminate\\View\\Factory->renderComponent()
#9 C:\\Users\\62812\\Documents\\LARAVEL FUNDAMENTAL\\laravel vue ecommerce\\ecommerce\\vendor\\laravel\\framework\\src\\Illuminate\\Filesystem\\Filesystem.php(123): require('C:\\\\Users\\\\62812\\\\...')
#10 C:\\Users\\62812\\Documents\\LARAVEL FUNDAMENTAL\\laravel vue ecommerce\\ecommerce\\vendor\\laravel\\framework\\src\\Illuminate\\Filesystem\\Filesystem.php(124): Illuminate\\Filesystem\\Filesystem::Illuminate\\Filesystem\\{closure}()
#11 C:\\Users\\62812\\Documents\\LARAVEL FUNDAMENTAL\\laravel vue ecommerce\\ecommerce\\vendor\\laravel\\framework\\src\\Illuminate\\View\\Engines\\PhpEngine.php(58): Illuminate\\Filesystem\\Filesystem->getRequire('C:\\\\Users\\\\62812\\\\...', Array)
#12 C:\\Users\\62812\\Documents\\LARAVEL FUNDAMENTAL\\laravel vue ecommerce\\ecommerce\\vendor\\laravel\\framework\\src\\Illuminate\\View\\Engines\\CompilerEngine.php(75): Illuminate\\View\\Engines\\PhpEngine->evaluatePath('C:\\\\Users\\\\62812\\\\...', Array)
#13 C:\\Users\\62812\\Documents\\LARAVEL FUNDAMENTAL\\laravel vue ecommerce\\ecommerce\\vendor\\laravel\\framework\\src\\Illuminate\\View\\View.php(209): Illuminate\\View\\Engines\\CompilerEngine->get('C:\\\\Users\\\\62812\\\\...', Array)
#14 C:\\Users\\62812\\Documents\\LARAVEL FUNDAMENTAL\\laravel vue ecommerce\\ecommerce\\vendor\\laravel\\framework\\src\\Illuminate\\View\\View.php(192): Illuminate\\View\\View->getContents()
#15 C:\\Users\\62812\\Documents\\LARAVEL FUNDAMENTAL\\laravel vue ecommerce\\ecommerce\\vendor\\laravel\\framework\\src\\Illuminate\\View\\View.php(161): Illuminate\\View\\View->renderContents()
#16 C:\\Users\\62812\\Documents\\LARAVEL FUNDAMENTAL\\laravel vue ecommerce\\ecommerce\\vendor\\laravel\\framework\\src\\Illuminate\\Http\\Response.php(79): Illuminate\\View\\View->render()
#17 C:\\Users\\62812\\Documents\\LARAVEL FUNDAMENTAL\\laravel vue ecommerce\\ecommerce\\vendor\\laravel\\framework\\src\\Illuminate\\Http\\Response.php(35): Illuminate\\Http\\Response->setContent(Object(Illuminate\\View\\View))
#18 C:\\Users\\62812\\Documents\\LARAVEL FUNDAMENTAL\\laravel vue ecommerce\\ecommerce\\vendor\\laravel\\framework\\src\\Illuminate\\Routing\\Router.php(920): Illuminate\\Http\\Response->__construct(Object(Illuminate\\View\\View), 200, Array)
#19 C:\\Users\\62812\\Documents\\LARAVEL FUNDAMENTAL\\laravel vue ecommerce\\ecommerce\\vendor\\laravel\\framework\\src\\Illuminate\\Routing\\Router.php(887): Illuminate\\Routing\\Router::toResponse(Object(Illuminate\\Http\\Request), Object(Illuminate\\View\\View))
#20 C:\\Users\\62812\\Documents\\LARAVEL FUNDAMENTAL\\laravel vue ecommerce\\ecommerce\\vendor\\laravel\\framework\\src\\Illuminate\\Routing\\Router.php(807): Illuminate\\Routing\\Router->prepareResponse(Object(Illuminate\\Http\\Request), Object(Illuminate\\View\\View))
#21 C:\\Users\\62812\\Documents\\LARAVEL FUNDAMENTAL\\laravel vue ecommerce\\ecommerce\\vendor\\laravel\\framework\\src\\Illuminate\\Pipeline\\Pipeline.php(170): Illuminate\\Routing\\Router->Illuminate\\Routing\\{closure}(Object(Illuminate\\Http\\Request))
#22 C:\\Users\\62812\\Documents\\LARAVEL FUNDAMENTAL\\laravel vue ecommerce\\ecommerce\\vendor\\laravel\\framework\\src\\Illuminate\\Routing\\Middleware\\SubstituteBindings.php(51): Illuminate\\Pipeline\\Pipeline->Illuminate\\Pipeline\\{closure}(Object(Illuminate\\Http\\Request))
#23 C:\\Users\\62812\\Documents\\LARAVEL FUNDAMENTAL\\laravel vue ecommerce\\ecommerce\\vendor\\laravel\\framework\\src\\Illuminate\\Pipeline\\Pipeline.php(209): Illuminate\\Routing\\Middleware\\SubstituteBindings->handle(Object(Illuminate\\Http\\Request), Object(Closure))
#24 C:\\Users\\62812\\Documents\\LARAVEL FUNDAMENTAL\\laravel vue ecommerce\\ecommerce\\vendor\\laravel\\framework\\src\\Illuminate\\Foundation\\Http\\Middleware\\VerifyCsrfToken.php(88): Illuminate\\Pipeline\\Pipeline->Illuminate\\Pipeline\\{closure}(Object(Illuminate\\Http\\Request))
#25 C:\\Users\\62812\\Documents\\LARAVEL FUNDAMENTAL\\laravel vue ecommerce\\ecommerce\\vendor\\laravel\\framework\\src\\Illuminate\\Pipeline\\Pipeline.php(209): Illuminate\\Foundation\\Http\\Middleware\\VerifyCsrfToken->handle(Object(Illuminate\\Http\\Request), Object(Closure))
#26 C:\\Users\\62812\\Documents\\LARAVEL FUNDAMENTAL\\laravel vue ecommerce\\ecommerce\\vendor\\laravel\\framework\\src\\Illuminate\\View\\Middleware\\ShareErrorsFromSession.php(49): Illuminate\\Pipeline\\Pipeline->Illuminate\\Pipeline\\{closure}(Object(Illuminate\\Http\\Request))
#27 C:\\Users\\62812\\Documents\\LARAVEL FUNDAMENTAL\\laravel vue ecommerce\\ecommerce\\vendor\\laravel\\framework\\src\\Illuminate\\Pipeline\\Pipeline.php(209): Illuminate\\View\\Middleware\\ShareErrorsFromSession->handle(Object(Illuminate\\Http\\Request), Object(Closure))
#28 C:\\Users\\62812\\Documents\\LARAVEL FUNDAMENTAL\\laravel vue ecommerce\\ecommerce\\vendor\\laravel\\framework\\src\\Illuminate\\Session\\Middleware\\StartSession.php(121): Illuminate\\Pipeline\\Pipeline->Illuminate\\Pipeline\\{closure}(Object(Illuminate\\Http\\Request))
#29 C:\\Users\\62812\\Documents\\LARAVEL FUNDAMENTAL\\laravel vue ecommerce\\ecommerce\\vendor\\laravel\\framework\\src\\Illuminate\\Session\\Middleware\\StartSession.php(64): Illuminate\\Session\\Middleware\\StartSession->handleStatefulRequest(Object(Illuminate\\Http\\Request), Object(Illuminate\\Session\\Store), Object(Closure))
#30 C:\\Users\\62812\\Documents\\LARAVEL FUNDAMENTAL\\laravel vue ecommerce\\ecommerce\\vendor\\laravel\\framework\\src\\Illuminate\\Pipeline\\Pipeline.php(209): Illuminate\\Session\\Middleware\\StartSession->handle(Object(Illuminate\\Http\\Request), Object(Closure))
#31 C:\\Users\\62812\\Documents\\LARAVEL FUNDAMENTAL\\laravel vue ecommerce\\ecommerce\\vendor\\laravel\\framework\\src\\Illuminate\\Cookie\\Middleware\\AddQueuedCookiesToResponse.php(37): Illuminate\\Pipeline\\Pipeline->Illuminate\\Pipeline\\{closure}(Object(Illuminate\\Http\\Request))
#32 C:\\Users\\62812\\Documents\\LARAVEL FUNDAMENTAL\\laravel vue ecommerce\\ecommerce\\vendor\\laravel\\framework\\src\\Illuminate\\Pipeline\\Pipeline.php(209): Illuminate\\Cookie\\Middleware\\AddQueuedCookiesToResponse->handle(Object(Illuminate\\Http\\Request), Object(Closure))
#33 C:\\Users\\62812\\Documents\\LARAVEL FUNDAMENTAL\\laravel vue ecommerce\\ecommerce\\vendor\\laravel\\framework\\src\\Illuminate\\Cookie\\Middleware\\EncryptCookies.php(75): Illuminate\\Pipeline\\Pipeline->Illuminate\\Pipeline\\{closure}(Object(Illuminate\\Http\\Request))
#34 C:\\Users\\62812\\Documents\\LARAVEL FUNDAMENTAL\\laravel vue ecommerce\\ecommerce\\vendor\\laravel\\framework\\src\\Illuminate\\Pipeline\\Pipeline.php(209): Illuminate\\Cookie\\Middleware\\EncryptCookies->handle(Object(Illuminate\\Http\\Request), Object(Closure))
#35 C:\\Users\\62812\\Documents\\LARAVEL FUNDAMENTAL\\laravel vue ecommerce\\ecommerce\\vendor\\laravel\\framework\\src\\Illuminate\\Pipeline\\Pipeline.php(127): Illuminate\\Pipeline\\Pipeline->Illuminate\\Pipeline\\{closure}(Object(Illuminate\\Http\\Request))
#36 C:\\Users\\62812\\Documents\\LARAVEL FUNDAMENTAL\\laravel vue ecommerce\\ecommerce\\vendor\\laravel\\framework\\src\\Illuminate\\Routing\\Router.php(807): Illuminate\\Pipeline\\Pipeline->then(Object(Closure))
#37 C:\\Users\\62812\\Documents\\LARAVEL FUNDAMENTAL\\laravel vue ecommerce\\ecommerce\\vendor\\laravel\\framework\\src\\Illuminate\\Routing\\Router.php(786): Illuminate\\Routing\\Router->runRouteWithinStack(Object(Illuminate\\Routing\\Route), Object(Illuminate\\Http\\Request))
#38 C:\\Users\\62812\\Documents\\LARAVEL FUNDAMENTAL\\laravel vue ecommerce\\ecommerce\\vendor\\laravel\\framework\\src\\Illuminate\\Routing\\Router.php(750): Illuminate\\Routing\\Router->runRoute(Object(Illuminate\\Http\\Request), Object(Illuminate\\Routing\\Route))
#39 C:\\Users\\62812\\Documents\\LARAVEL FUNDAMENTAL\\laravel vue ecommerce\\ecommerce\\vendor\\laravel\\framework\\src\\Illuminate\\Routing\\Router.php(739): Illuminate\\Routing\\Router->dispatchToRoute(Object(Illuminate\\Http\\Request))
#40 C:\\Users\\62812\\Documents\\LARAVEL FUNDAMENTAL\\laravel vue ecommerce\\ecommerce\\vendor\\laravel\\framework\\src\\Illuminate\\Foundation\\Http\\Kernel.php(201): Illuminate\\Routing\\Router->dispatch(Object(Illuminate\\Http\\Request))
#41 C:\\Users\\62812\\Documents\\LARAVEL FUNDAMENTAL\\laravel vue ecommerce\\ecommerce\\vendor\\laravel\\framework\\src\\Illuminate\\Pipeline\\Pipeline.php(170): Illuminate\\Foundation\\Http\\Kernel->Illuminate\\Foundation\\Http\\{closure}(Object(Illuminate\\Http\\Request))
#42 C:\\Users\\62812\\Documents\\LARAVEL FUNDAMENTAL\\laravel vue ecommerce\\ecommerce\\vendor\\laravel\\framework\\src\\Illuminate\\Foundation\\Http\\Middleware\\TransformsRequest.php(21): Illuminate\\Pipeline\\Pipeline->Illuminate\\Pipeline\\{closure}(Object(Illuminate\\Http\\Request))
#43 C:\\Users\\62812\\Documents\\LARAVEL FUNDAMENTAL\\laravel vue ecommerce\\ecommerce\\vendor\\laravel\\framework\\src\\Illuminate\\Foundation\\Http\\Middleware\\ConvertEmptyStringsToNull.php(31): Illuminate\\Foundation\\Http\\Middleware\\TransformsRequest->handle(Object(Illuminate\\Http\\Request), Object(Closure))
#44 C:\\Users\\62812\\Documents\\LARAVEL FUNDAMENTAL\\laravel vue ecommerce\\ecommerce\\vendor\\laravel\\framework\\src\\Illuminate\\Pipeline\\Pipeline.php(209): Illuminate\\Foundation\\Http\\Middleware\\ConvertEmptyStringsToNull->handle(Object(Illuminate\\Http\\Request), Object(Closure))
#45 C:\\Users\\62812\\Documents\\LARAVEL FUNDAMENTAL\\laravel vue ecommerce\\ecommerce\\vendor\\laravel\\framework\\src\\Illuminate\\Foundation\\Http\\Middleware\\TransformsRequest.php(21): Illuminate\\Pipeline\\Pipeline->Illuminate\\Pipeline\\{closure}(Object(Illuminate\\Http\\Request))
#46 C:\\Users\\62812\\Documents\\LARAVEL FUNDAMENTAL\\laravel vue ecommerce\\ecommerce\\vendor\\laravel\\framework\\src\\Illuminate\\Foundation\\Http\\Middleware\\TrimStrings.php(51): Illuminate\\Foundation\\Http\\Middleware\\TransformsRequest->handle(Object(Illuminate\\Http\\Request), Object(Closure))
#47 C:\\Users\\62812\\Documents\\LARAVEL FUNDAMENTAL\\laravel vue ecommerce\\ecommerce\\vendor\\laravel\\framework\\src\\Illuminate\\Pipeline\\Pipeline.php(209): Illuminate\\Foundation\\Http\\Middleware\\TrimStrings->handle(Object(Illuminate\\Http\\Request), Object(Closure))
#48 C:\\Users\\62812\\Documents\\LARAVEL FUNDAMENTAL\\laravel vue ecommerce\\ecommerce\\vendor\\laravel\\framework\\src\\Illuminate\\Http\\Middleware\\ValidatePostSize.php(27): Illuminate\\Pipeline\\Pipeline->Illuminate\\Pipeline\\{closure}(Object(Illuminate\\Http\\Request))
#49 C:\\Users\\62812\\Documents\\LARAVEL FUNDAMENTAL\\laravel vue ecommerce\\ecommerce\\vendor\\laravel\\framework\\src\\Illuminate\\Pipeline\\Pipeline.php(209): Illuminate\\Http\\Middleware\\ValidatePostSize->handle(Object(Illuminate\\Http\\Request), Object(Closure))
#50 C:\\Users\\62812\\Documents\\LARAVEL FUNDAMENTAL\\laravel vue ecommerce\\ecommerce\\vendor\\laravel\\framework\\src\\Illuminate\\Foundation\\Http\\Middleware\\PreventRequestsDuringMaintenance.php(110): Illuminate\\Pipeline\\Pipeline->Illuminate\\Pipeline\\{closure}(Object(Illuminate\\Http\\Request))
#51 C:\\Users\\62812\\Documents\\LARAVEL FUNDAMENTAL\\laravel vue ecommerce\\ecommerce\\vendor\\laravel\\framework\\src\\Illuminate\\Pipeline\\Pipeline.php(209): Illuminate\\Foundation\\Http\\Middleware\\PreventRequestsDuringMaintenance->handle(Object(Illuminate\\Http\\Request), Object(Closure))
#52 C:\\Users\\62812\\Documents\\LARAVEL FUNDAMENTAL\\laravel vue ecommerce\\ecommerce\\vendor\\laravel\\framework\\src\\Illuminate\\Http\\Middleware\\HandleCors.php(49): Illuminate\\Pipeline\\Pipeline->Illuminate\\Pipeline\\{closure}(Object(Illuminate\\Http\\Request))
#53 C:\\Users\\62812\\Documents\\LARAVEL FUNDAMENTAL\\laravel vue ecommerce\\ecommerce\\vendor\\laravel\\framework\\src\\Illuminate\\Pipeline\\Pipeline.php(209): Illuminate\\Http\\Middleware\\HandleCors->handle(Object(Illuminate\\Http\\Request), Object(Closure))
#54 C:\\Users\\62812\\Documents\\LARAVEL FUNDAMENTAL\\laravel vue ecommerce\\ecommerce\\vendor\\laravel\\framework\\src\\Illuminate\\Http\\Middleware\\TrustProxies.php(58): Illuminate\\Pipeline\\Pipeline->Illuminate\\Pipeline\\{closure}(Object(Illuminate\\Http\\Request))
#55 C:\\Users\\62812\\Documents\\LARAVEL FUNDAMENTAL\\laravel vue ecommerce\\ecommerce\\vendor\\laravel\\framework\\src\\Illuminate\\Pipeline\\Pipeline.php(209): Illuminate\\Http\\Middleware\\TrustProxies->handle(Object(Illuminate\\Http\\Request), Object(Closure))
#56 C:\\Users\\62812\\Documents\\LARAVEL FUNDAMENTAL\\laravel vue ecommerce\\ecommerce\\vendor\\laravel\\framework\\src\\Illuminate\\Foundation\\Http\\Middleware\\InvokeDeferredCallbacks.php(22): Illuminate\\Pipeline\\Pipeline->Illuminate\\Pipeline\\{closure}(Object(Illuminate\\Http\\Request))
#57 C:\\Users\\62812\\Documents\\LARAVEL FUNDAMENTAL\\laravel vue ecommerce\\ecommerce\\vendor\\laravel\\framework\\src\\Illuminate\\Pipeline\\Pipeline.php(209): Illuminate\\Foundation\\Http\\Middleware\\InvokeDeferredCallbacks->handle(Object(Illuminate\\Http\\Request), Object(Closure))
#58 C:\\Users\\62812\\Documents\\LARAVEL FUNDAMENTAL\\laravel vue ecommerce\\ecommerce\\vendor\\laravel\\framework\\src\\Illuminate\\Pipeline\\Pipeline.php(127): Illuminate\\Pipeline\\Pipeline->Illuminate\\Pipeline\\{closure}(Object(Illuminate\\Http\\Request))
#59 C:\\Users\\62812\\Documents\\LARAVEL FUNDAMENTAL\\laravel vue ecommerce\\ecommerce\\vendor\\laravel\\framework\\src\\Illuminate\\Foundation\\Http\\Kernel.php(176): Illuminate\\Pipeline\\Pipeline->then(Object(Closure))
#60 C:\\Users\\62812\\Documents\\LARAVEL FUNDAMENTAL\\laravel vue ecommerce\\ecommerce\\vendor\\laravel\\framework\\src\\Illuminate\\Foundation\\Http\\Kernel.php(145): Illuminate\\Foundation\\Http\\Kernel->sendRequestThroughRouter(Object(Illuminate\\Http\\Request))
#61 C:\\Users\\62812\\Documents\\LARAVEL FUNDAMENTAL\\laravel vue ecommerce\\ecommerce\\vendor\\laravel\\framework\\src\\Illuminate\\Foundation\\Application.php(1220): Illuminate\\Foundation\\Http\\Kernel->handle(Object(Illuminate\\Http\\Request))
#62 C:\\Users\\62812\\Documents\\LARAVEL FUNDAMENTAL\\laravel vue ecommerce\\ecommerce\\public\\index.php(17): Illuminate\\Foundation\\Application->handleRequest(Object(Illuminate\\Http\\Request))
#63 C:\\Users\\62812\\Documents\\LARAVEL FUNDAMENTAL\\laravel vue ecommerce\\ecommerce\\vendor\\laravel\\framework\\src\\Illuminate\\Foundation\\resources\\server.php(23): require_once('C:\\\\Users\\\\62812\\\\...')
#64 {main}

[previous exception] [object] (ParseError(code: 0): syntax error, unexpected end of file, expecting \"elseif\" or \"else\" or \"endif\" at C:\\Users\\62812\\Documents\\LARAVEL FUNDAMENTAL\\laravel vue ecommerce\\ecommerce\\storage\\framework\\views\\6ab588b43760987b97a79ebf9f80de33.php:223)
[stacktrace]
#0 C:\\Users\\62812\\Documents\\LARAVEL FUNDAMENTAL\\laravel vue ecommerce\\ecommerce\\vendor\\laravel\\framework\\src\\Illuminate\\Filesystem\\Filesystem.php(124): Illuminate\\Filesystem\\Filesystem::Illuminate\\Filesystem\\{closure}()
#1 C:\\Users\\62812\\Documents\\LARAVEL FUNDAMENTAL\\laravel vue ecommerce\\ecommerce\\vendor\\laravel\\framework\\src\\Illuminate\\View\\Engines\\PhpEngine.php(58): Illuminate\\Filesystem\\Filesystem->getRequire('C:\\\\Users\\\\62812\\\\...', Array)
#2 C:\\Users\\62812\\Documents\\LARAVEL FUNDAMENTAL\\laravel vue ecommerce\\ecommerce\\vendor\\laravel\\framework\\src\\Illuminate\\View\\Engines\\CompilerEngine.php(75): Illuminate\\View\\Engines\\PhpEngine->evaluatePath('C:\\\\Users\\\\62812\\\\...', Array)
#3 C:\\Users\\62812\\Documents\\LARAVEL FUNDAMENTAL\\laravel vue ecommerce\\ecommerce\\vendor\\laravel\\framework\\src\\Illuminate\\View\\View.php(209): Illuminate\\View\\Engines\\CompilerEngine->get('C:\\\\Users\\\\62812\\\\...', Array)
#4 C:\\Users\\62812\\Documents\\LARAVEL FUNDAMENTAL\\laravel vue ecommerce\\ecommerce\\vendor\\laravel\\framework\\src\\Illuminate\\View\\View.php(192): Illuminate\\View\\View->getContents()
#5 C:\\Users\\62812\\Documents\\LARAVEL FUNDAMENTAL\\laravel vue ecommerce\\ecommerce\\vendor\\laravel\\framework\\src\\Illuminate\\View\\View.php(161): Illuminate\\View\\View->renderContents()
#6 C:\\Users\\62812\\Documents\\LARAVEL FUNDAMENTAL\\laravel vue ecommerce\\ecommerce\\storage\\framework\\views\\abf812e0c61f495834822098d3a19595.php(21): Illuminate\\View\\View->render()
#7 C:\\Users\\62812\\Documents\\LARAVEL FUNDAMENTAL\\laravel vue ecommerce\\ecommerce\\vendor\\laravel\\framework\\src\\Illuminate\\Filesystem\\Filesystem.php(123): require('C:\\\\Users\\\\62812\\\\...')
#8 C:\\Users\\62812\\Documents\\LARAVEL FUNDAMENTAL\\laravel vue ecommerce\\ecommerce\\vendor\\laravel\\framework\\src\\Illuminate\\Filesystem\\Filesystem.php(124): Illuminate\\Filesystem\\Filesystem::Illuminate\\Filesystem\\{closure}()
#9 C:\\Users\\62812\\Documents\\LARAVEL FUNDAMENTAL\\laravel vue ecommerce\\ecommerce\\vendor\\laravel\\framework\\src\\Illuminate\\View\\Engines\\PhpEngine.php(58): Illuminate\\Filesystem\\Filesystem->getRequire('C:\\\\Users\\\\62812\\\\...', Array)
#10 C:\\Users\\62812\\Documents\\LARAVEL FUNDAMENTAL\\laravel vue ecommerce\\ecommerce\\vendor\\laravel\\framework\\src\\Illuminate\\View\\Engines\\CompilerEngine.php(75): Illuminate\\View\\Engines\\PhpEngine->evaluatePath('C:\\\\Users\\\\62812\\\\...', Array)
#11 C:\\Users\\62812\\Documents\\LARAVEL FUNDAMENTAL\\laravel vue ecommerce\\ecommerce\\vendor\\laravel\\framework\\src\\Illuminate\\View\\View.php(209): Illuminate\\View\\Engines\\CompilerEngine->get('C:\\\\Users\\\\62812\\\\...', Array)
#12 C:\\Users\\62812\\Documents\\LARAVEL FUNDAMENTAL\\laravel vue ecommerce\\ecommerce\\vendor\\laravel\\framework\\src\\Illuminate\\View\\View.php(192): Illuminate\\View\\View->getContents()
#13 C:\\Users\\62812\\Documents\\LARAVEL FUNDAMENTAL\\laravel vue ecommerce\\ecommerce\\vendor\\laravel\\framework\\src\\Illuminate\\View\\View.php(161): Illuminate\\View\\View->renderContents()
#14 C:\\Users\\62812\\Documents\\LARAVEL FUNDAMENTAL\\laravel vue ecommerce\\ecommerce\\vendor\\laravel\\framework\\src\\Illuminate\\View\\Concerns\\ManagesComponents.php(99): Illuminate\\View\\View->render()
#15 C:\\Users\\62812\\Documents\\LARAVEL FUNDAMENTAL\\laravel vue ecommerce\\ecommerce\\storage\\framework\\views\\81f2304a786e2dfc849130d6323387df.php(12): Illuminate\\View\\Factory->renderComponent()
#16 C:\\Users\\62812\\Documents\\LARAVEL FUNDAMENTAL\\laravel vue ecommerce\\ecommerce\\vendor\\laravel\\framework\\src\\Illuminate\\Filesystem\\Filesystem.php(123): require('C:\\\\Users\\\\62812\\\\...')
#17 C:\\Users\\62812\\Documents\\LARAVEL FUNDAMENTAL\\laravel vue ecommerce\\ecommerce\\vendor\\laravel\\framework\\src\\Illuminate\\Filesystem\\Filesystem.php(124): Illuminate\\Filesystem\\Filesystem::Illuminate\\Filesystem\\{closure}()
#18 C:\\Users\\62812\\Documents\\LARAVEL FUNDAMENTAL\\laravel vue ecommerce\\ecommerce\\vendor\\laravel\\framework\\src\\Illuminate\\View\\Engines\\PhpEngine.php(58): Illuminate\\Filesystem\\Filesystem->getRequire('C:\\\\Users\\\\62812\\\\...', Array)
#19 C:\\Users\\62812\\Documents\\LARAVEL FUNDAMENTAL\\laravel vue ecommerce\\ecommerce\\vendor\\laravel\\framework\\src\\Illuminate\\View\\Engines\\CompilerEngine.php(75): Illuminate\\View\\Engines\\PhpEngine->evaluatePath('C:\\\\Users\\\\62812\\\\...', Array)
#20 C:\\Users\\62812\\Documents\\LARAVEL FUNDAMENTAL\\laravel vue ecommerce\\ecommerce\\vendor\\laravel\\framework\\src\\Illuminate\\View\\View.php(209): Illuminate\\View\\Engines\\CompilerEngine->get('C:\\\\Users\\\\62812\\\\...', Array)
#21 C:\\Users\\62812\\Documents\\LARAVEL FUNDAMENTAL\\laravel vue ecommerce\\ecommerce\\vendor\\laravel\\framework\\src\\Illuminate\\View\\View.php(192): Illuminate\\View\\View->getContents()
#22 C:\\Users\\62812\\Documents\\LARAVEL FUNDAMENTAL\\laravel vue ecommerce\\ecommerce\\vendor\\laravel\\framework\\src\\Illuminate\\View\\View.php(161): Illuminate\\View\\View->renderContents()
#23 C:\\Users\\62812\\Documents\\LARAVEL FUNDAMENTAL\\laravel vue ecommerce\\ecommerce\\vendor\\laravel\\framework\\src\\Illuminate\\Http\\Response.php(79): Illuminate\\View\\View->render()
#24 C:\\Users\\62812\\Documents\\LARAVEL FUNDAMENTAL\\laravel vue ecommerce\\ecommerce\\vendor\\laravel\\framework\\src\\Illuminate\\Http\\Response.php(35): Illuminate\\Http\\Response->setContent(Object(Illuminate\\View\\View))
#25 C:\\Users\\62812\\Documents\\LARAVEL FUNDAMENTAL\\laravel vue ecommerce\\ecommerce\\vendor\\laravel\\framework\\src\\Illuminate\\Routing\\Router.php(920): Illuminate\\Http\\Response->__construct(Object(Illuminate\\View\\View), 200, Array)
#26 C:\\Users\\62812\\Documents\\LARAVEL FUNDAMENTAL\\laravel vue ecommerce\\ecommerce\\vendor\\laravel\\framework\\src\\Illuminate\\Routing\\Router.php(887): Illuminate\\Routing\\Router::toResponse(Object(Illuminate\\Http\\Request), Object(Illuminate\\View\\View))
#27 C:\\Users\\62812\\Documents\\LARAVEL FUNDAMENTAL\\laravel vue ecommerce\\ecommerce\\vendor\\laravel\\framework\\src\\Illuminate\\Routing\\Router.php(807): Illuminate\\Routing\\Router->prepareResponse(Object(Illuminate\\Http\\Request), Object(Illuminate\\View\\View))
#28 C:\\Users\\62812\\Documents\\LARAVEL FUNDAMENTAL\\laravel vue ecommerce\\ecommerce\\vendor\\laravel\\framework\\src\\Illuminate\\Pipeline\\Pipeline.php(170): Illuminate\\Routing\\Router->Illuminate\\Routing\\{closure}(Object(Illuminate\\Http\\Request))
#29 C:\\Users\\62812\\Documents\\LARAVEL FUNDAMENTAL\\laravel vue ecommerce\\ecommerce\\vendor\\laravel\\framework\\src\\Illuminate\\Routing\\Middleware\\SubstituteBindings.php(51): Illuminate\\Pipeline\\Pipeline->Illuminate\\Pipeline\\{closure}(Object(Illuminate\\Http\\Request))
#30 C:\\Users\\62812\\Documents\\LARAVEL FUNDAMENTAL\\laravel vue ecommerce\\ecommerce\\vendor\\laravel\\framework\\src\\Illuminate\\Pipeline\\Pipeline.php(209): Illuminate\\Routing\\Middleware\\SubstituteBindings->handle(Object(Illuminate\\Http\\Request), Object(Closure))
#31 C:\\Users\\62812\\Documents\\LARAVEL FUNDAMENTAL\\laravel vue ecommerce\\ecommerce\\vendor\\laravel\\framework\\src\\Illuminate\\Foundation\\Http\\Middleware\\VerifyCsrfToken.php(88): Illuminate\\Pipeline\\Pipeline->Illuminate\\Pipeline\\{closure}(Object(Illuminate\\Http\\Request))
#32 C:\\Users\\62812\\Documents\\LARAVEL FUNDAMENTAL\\laravel vue ecommerce\\ecommerce\\vendor\\laravel\\framework\\src\\Illuminate\\Pipeline\\Pipeline.php(209): Illuminate\\Foundation\\Http\\Middleware\\VerifyCsrfToken->handle(Object(Illuminate\\Http\\Request), Object(Closure))
#33 C:\\Users\\62812\\Documents\\LARAVEL FUNDAMENTAL\\laravel vue ecommerce\\ecommerce\\vendor\\laravel\\framework\\src\\Illuminate\\View\\Middleware\\ShareErrorsFromSession.php(49): Illuminate\\Pipeline\\Pipeline->Illuminate\\Pipeline\\{closure}(Object(Illuminate\\Http\\Request))
#34 C:\\Users\\62812\\Documents\\LARAVEL FUNDAMENTAL\\laravel vue ecommerce\\ecommerce\\vendor\\laravel\\framework\\src\\Illuminate\\Pipeline\\Pipeline.php(209): Illuminate\\View\\Middleware\\ShareErrorsFromSession->handle(Object(Illuminate\\Http\\Request), Object(Closure))
#35 C:\\Users\\62812\\Documents\\LARAVEL FUNDAMENTAL\\laravel vue ecommerce\\ecommerce\\vendor\\laravel\\framework\\src\\Illuminate\\Session\\Middleware\\StartSession.php(121): Illuminate\\Pipeline\\Pipeline->Illuminate\\Pipeline\\{closure}(Object(Illuminate\\Http\\Request))
#36 C:\\Users\\62812\\Documents\\LARAVEL FUNDAMENTAL\\laravel vue ecommerce\\ecommerce\\vendor\\laravel\\framework\\src\\Illuminate\\Session\\Middleware\\StartSession.php(64): Illuminate\\Session\\Middleware\\StartSession->handleStatefulRequest(Object(Illuminate\\Http\\Request), Object(Illuminate\\Session\\Store), Object(Closure))
#37 C:\\Users\\62812\\Documents\\LARAVEL FUNDAMENTAL\\laravel vue ecommerce\\ecommerce\\vendor\\laravel\\framework\\src\\Illuminate\\Pipeline\\Pipeline.php(209): Illuminate\\Session\\Middleware\\StartSession->handle(Object(Illuminate\\Http\\Request), Object(Closure))
#38 C:\\Users\\62812\\Documents\\LARAVEL FUNDAMENTAL\\laravel vue ecommerce\\ecommerce\\vendor\\laravel\\framework\\src\\Illuminate\\Cookie\\Middleware\\AddQueuedCookiesToResponse.php(37): Illuminate\\Pipeline\\Pipeline->Illuminate\\Pipeline\\{closure}(Object(Illuminate\\Http\\Request))
#39 C:\\Users\\62812\\Documents\\LARAVEL FUNDAMENTAL\\laravel vue ecommerce\\ecommerce\\vendor\\laravel\\framework\\src\\Illuminate\\Pipeline\\Pipeline.php(209): Illuminate\\Cookie\\Middleware\\AddQueuedCookiesToResponse->handle(Object(Illuminate\\Http\\Request), Object(Closure))
#40 C:\\Users\\62812\\Documents\\LARAVEL FUNDAMENTAL\\laravel vue ecommerce\\ecommerce\\vendor\\laravel\\framework\\src\\Illuminate\\Cookie\\Middleware\\EncryptCookies.php(75): Illuminate\\Pipeline\\Pipeline->Illuminate\\Pipeline\\{closure}(Object(Illuminate\\Http\\Request))
#41 C:\\Users\\62812\\Documents\\LARAVEL FUNDAMENTAL\\laravel vue ecommerce\\ecommerce\\vendor\\laravel\\framework\\src\\Illuminate\\Pipeline\\Pipeline.php(209): Illuminate\\Cookie\\Middleware\\EncryptCookies->handle(Object(Illuminate\\Http\\Request), Object(Closure))
#42 C:\\Users\\62812\\Documents\\LARAVEL FUNDAMENTAL\\laravel vue ecommerce\\ecommerce\\vendor\\laravel\\framework\\src\\Illuminate\\Pipeline\\Pipeline.php(127): Illuminate\\Pipeline\\Pipeline->Illuminate\\Pipeline\\{closure}(Object(Illuminate\\Http\\Request))
#43 C:\\Users\\62812\\Documents\\LARAVEL FUNDAMENTAL\\laravel vue ecommerce\\ecommerce\\vendor\\laravel\\framework\\src\\Illuminate\\Routing\\Router.php(807): Illuminate\\Pipeline\\Pipeline->then(Object(Closure))
#44 C:\\Users\\62812\\Documents\\LARAVEL FUNDAMENTAL\\laravel vue ecommerce\\ecommerce\\vendor\\laravel\\framework\\src\\Illuminate\\Routing\\Router.php(786): Illuminate\\Routing\\Router->runRouteWithinStack(Object(Illuminate\\Routing\\Route), Object(Illuminate\\Http\\Request))
#45 C:\\Users\\62812\\Documents\\LARAVEL FUNDAMENTAL\\laravel vue ecommerce\\ecommerce\\vendor\\laravel\\framework\\src\\Illuminate\\Routing\\Router.php(750): Illuminate\\Routing\\Router->runRoute(Object(Illuminate\\Http\\Request), Object(Illuminate\\Routing\\Route))
#46 C:\\Users\\62812\\Documents\\LARAVEL FUNDAMENTAL\\laravel vue ecommerce\\ecommerce\\vendor\\laravel\\framework\\src\\Illuminate\\Routing\\Router.php(739): Illuminate\\Routing\\Router->dispatchToRoute(Object(Illuminate\\Http\\Request))
#47 C:\\Users\\62812\\Documents\\LARAVEL FUNDAMENTAL\\laravel vue ecommerce\\ecommerce\\vendor\\laravel\\framework\\src\\Illuminate\\Foundation\\Http\\Kernel.php(201): Illuminate\\Routing\\Router->dispatch(Object(Illuminate\\Http\\Request))
#48 C:\\Users\\62812\\Documents\\LARAVEL FUNDAMENTAL\\laravel vue ecommerce\\ecommerce\\vendor\\laravel\\framework\\src\\Illuminate\\Pipeline\\Pipeline.php(170): Illuminate\\Foundation\\Http\\Kernel->Illuminate\\Foundation\\Http\\{closure}(Object(Illuminate\\Http\\Request))
#49 C:\\Users\\62812\\Documents\\LARAVEL FUNDAMENTAL\\laravel vue ecommerce\\ecommerce\\vendor\\laravel\\framework\\src\\Illuminate\\Foundation\\Http\\Middleware\\TransformsRequest.php(21): Illuminate\\Pipeline\\Pipeline->Illuminate\\Pipeline\\{closure}(Object(Illuminate\\Http\\Request))
#50 C:\\Users\\62812\\Documents\\LARAVEL FUNDAMENTAL\\laravel vue ecommerce\\ecommerce\\vendor\\laravel\\framework\\src\\Illuminate\\Foundation\\Http\\Middleware\\ConvertEmptyStringsToNull.php(31): Illuminate\\Foundation\\Http\\Middleware\\TransformsRequest->handle(Object(Illuminate\\Http\\Request), Object(Closure))
#51 C:\\Users\\62812\\Documents\\LARAVEL FUNDAMENTAL\\laravel vue ecommerce\\ecommerce\\vendor\\laravel\\framework\\src\\Illuminate\\Pipeline\\Pipeline.php(209): Illuminate\\Foundation\\Http\\Middleware\\ConvertEmptyStringsToNull->handle(Object(Illuminate\\Http\\Request), Object(Closure))
#52 C:\\Users\\62812\\Documents\\LARAVEL FUNDAMENTAL\\laravel vue ecommerce\\ecommerce\\vendor\\laravel\\framework\\src\\Illuminate\\Foundation\\Http\\Middleware\\TransformsRequest.php(21): Illuminate\\Pipeline\\Pipeline->Illuminate\\Pipeline\\{closure}(Object(Illuminate\\Http\\Request))
#53 C:\\Users\\62812\\Documents\\LARAVEL FUNDAMENTAL\\laravel vue ecommerce\\ecommerce\\vendor\\laravel\\framework\\src\\Illuminate\\Foundation\\Http\\Middleware\\TrimStrings.php(51): Illuminate\\Foundation\\Http\\Middleware\\TransformsRequest->handle(Object(Illuminate\\Http\\Request), Object(Closure))
#54 C:\\Users\\62812\\Documents\\LARAVEL FUNDAMENTAL\\laravel vue ecommerce\\ecommerce\\vendor\\laravel\\framework\\src\\Illuminate\\Pipeline\\Pipeline.php(209): Illuminate\\Foundation\\Http\\Middleware\\TrimStrings->handle(Object(Illuminate\\Http\\Request), Object(Closure))
#55 C:\\Users\\62812\\Documents\\LARAVEL FUNDAMENTAL\\laravel vue ecommerce\\ecommerce\\vendor\\laravel\\framework\\src\\Illuminate\\Http\\Middleware\\ValidatePostSize.php(27): Illuminate\\Pipeline\\Pipeline->Illuminate\\Pipeline\\{closure}(Object(Illuminate\\Http\\Request))
#56 C:\\Users\\62812\\Documents\\LARAVEL FUNDAMENTAL\\laravel vue ecommerce\\ecommerce\\vendor\\laravel\\framework\\src\\Illuminate\\Pipeline\\Pipeline.php(209): Illuminate\\Http\\Middleware\\ValidatePostSize->handle(Object(Illuminate\\Http\\Request), Object(Closure))
#57 C:\\Users\\62812\\Documents\\LARAVEL FUNDAMENTAL\\laravel vue ecommerce\\ecommerce\\vendor\\laravel\\framework\\src\\Illuminate\\Foundation\\Http\\Middleware\\PreventRequestsDuringMaintenance.php(110): Illuminate\\Pipeline\\Pipeline->Illuminate\\Pipeline\\{closure}(Object(Illuminate\\Http\\Request))
#58 C:\\Users\\62812\\Documents\\LARAVEL FUNDAMENTAL\\laravel vue ecommerce\\ecommerce\\vendor\\laravel\\framework\\src\\Illuminate\\Pipeline\\Pipeline.php(209): Illuminate\\Foundation\\Http\\Middleware\\PreventRequestsDuringMaintenance->handle(Object(Illuminate\\Http\\Request), Object(Closure))
#59 C:\\Users\\62812\\Documents\\LARAVEL FUNDAMENTAL\\laravel vue ecommerce\\ecommerce\\vendor\\laravel\\framework\\src\\Illuminate\\Http\\Middleware\\HandleCors.php(49): Illuminate\\Pipeline\\Pipeline->Illuminate\\Pipeline\\{closure}(Object(Illuminate\\Http\\Request))
#60 C:\\Users\\62812\\Documents\\LARAVEL FUNDAMENTAL\\laravel vue ecommerce\\ecommerce\\vendor\\laravel\\framework\\src\\Illuminate\\Pipeline\\Pipeline.php(209): Illuminate\\Http\\Middleware\\HandleCors->handle(Object(Illuminate\\Http\\Request), Object(Closure))
#61 C:\\Users\\62812\\Documents\\LARAVEL FUNDAMENTAL\\laravel vue ecommerce\\ecommerce\\vendor\\laravel\\framework\\src\\Illuminate\\Http\\Middleware\\TrustProxies.php(58): Illuminate\\Pipeline\\Pipeline->Illuminate\\Pipeline\\{closure}(Object(Illuminate\\Http\\Request))
#62 C:\\Users\\62812\\Documents\\LARAVEL FUNDAMENTAL\\laravel vue ecommerce\\ecommerce\\vendor\\laravel\\framework\\src\\Illuminate\\Pipeline\\Pipeline.php(209): Illuminate\\Http\\Middleware\\TrustProxies->handle(Object(Illuminate\\Http\\Request), Object(Closure))
#63 C:\\Users\\62812\\Documents\\LARAVEL FUNDAMENTAL\\laravel vue ecommerce\\ecommerce\\vendor\\laravel\\framework\\src\\Illuminate\\Foundation\\Http\\Middleware\\InvokeDeferredCallbacks.php(22): Illuminate\\Pipeline\\Pipeline->Illuminate\\Pipeline\\{closure}(Object(Illuminate\\Http\\Request))
#64 C:\\Users\\62812\\Documents\\LARAVEL FUNDAMENTAL\\laravel vue ecommerce\\ecommerce\\vendor\\laravel\\framework\\src\\Illuminate\\Pipeline\\Pipeline.php(209): Illuminate\\Foundation\\Http\\Middleware\\InvokeDeferredCallbacks->handle(Object(Illuminate\\Http\\Request), Object(Closure))
#65 C:\\Users\\62812\\Documents\\LARAVEL FUNDAMENTAL\\laravel vue ecommerce\\ecommerce\\vendor\\laravel\\framework\\src\\Illuminate\\Pipeline\\Pipeline.php(127): Illuminate\\Pipeline\\Pipeline->Illuminate\\Pipeline\\{closure}(Object(Illuminate\\Http\\Request))
#66 C:\\Users\\62812\\Documents\\LARAVEL FUNDAMENTAL\\laravel vue ecommerce\\ecommerce\\vendor\\laravel\\framework\\src\\Illuminate\\Foundation\\Http\\Kernel.php(176): Illuminate\\Pipeline\\Pipeline->then(Object(Closure))
#67 C:\\Users\\62812\\Documents\\LARAVEL FUNDAMENTAL\\laravel vue ecommerce\\ecommerce\\vendor\\laravel\\framework\\src\\Illuminate\\Foundation\\Http\\Kernel.php(145): Illuminate\\Foundation\\Http\\Kernel->sendRequestThroughRouter(Object(Illuminate\\Http\\Request))
#68 C:\\Users\\62812\\Documents\\LARAVEL FUNDAMENTAL\\laravel vue ecommerce\\ecommerce\\vendor\\laravel\\framework\\src\\Illuminate\\Foundation\\Application.php(1220): Illuminate\\Foundation\\Http\\Kernel->handle(Object(Illuminate\\Http\\Request))
#69 C:\\Users\\62812\\Documents\\LARAVEL FUNDAMENTAL\\laravel vue ecommerce\\ecommerce\\public\\index.php(17): Illuminate\\Foundation\\Application->handleRequest(Object(Illuminate\\Http\\Request))
#70 C:\\Users\\62812\\Documents\\LARAVEL FUNDAMENTAL\\laravel vue ecommerce\\ecommerce\\vendor\\laravel\\framework\\src\\Illuminate\\Foundation\\resources\\server.php(23): require_once('C:\\\\Users\\\\62812\\\\...')
#71 {main}
"} 
[2025-09-25 03:34:38] local.ERROR: syntax error, unexpected end of file, expecting "elseif" or "else" or "endif" {"view":{"view":"C:\\Users\\62812\\Documents\\LARAVEL FUNDAMENTAL\\laravel vue ecommerce\\ecommerce\\resources\\views\\layouts\\navigation.blade.php","data":{"errors":"<pre class=sf-dump id=sf-dump-1468768949 data-indent-pad=\"  \"><span class=sf-dump-note>Illuminate\\Support\\ViewErrorBag</span> {<a class=sf-dump-ref>#1286</a><samp data-depth=1 class=sf-dump-expanded>
  #<span class=sf-dump-protected title=\"Protected property\">bags</span>: []
</samp>}
</pre><script>Sfdump(\"sf-dump-1468768949\", {\"maxDepth\":3,\"maxStringLength\":160})</script>
","componentName":"<pre class=sf-dump id=sf-dump-1255359242 data-indent-pad=\"  \">\"<span class=sf-dump-str title=\"10 characters\">app-layout</span>\"
</pre><script>Sfdump(\"sf-dump-1255359242\", {\"maxDepth\":3,\"maxStringLength\":160})</script>
","attributes":"<pre class=sf-dump id=sf-dump-1120056915 data-indent-pad=\"  \"><span class=sf-dump-note>Illuminate\\View\\ComponentAttributeBag</span> {<a class=sf-dump-ref>#1308</a><samp data-depth=1 class=sf-dump-expanded>
  #<span class=sf-dump-protected title=\"Protected property\">attributes</span>: []
</samp>}
</pre><script>Sfdump(\"sf-dump-1120056915\", {\"maxDepth\":3,\"maxStringLength\":160})</script>
","ignoredParameterNames":"<pre class=sf-dump id=sf-dump-1095594322 data-indent-pad=\"  \"><span class=sf-dump-note>Illuminate\\View\\InvokableComponentVariable</span> {<a class=sf-dump-ref>#1322</a><samp data-depth=1 class=sf-dump-expanded>
  #<span class=sf-dump-protected title=\"Protected property\">callable</span>: <span class=sf-dump-note>Closure()</span> {<a class=sf-dump-ref>#1321</a><samp data-depth=2 class=sf-dump-compact>
    <span class=sf-dump-meta>class</span>: \"<span class=\"sf-dump-str sf-dump-ellipsization\" title=\"App\\View\\Components\\AppLayout
29 characters\"><span class=\"sf-dump-ellipsis sf-dump-ellipsis-class\">App\\View\\Components</span><span class=\"sf-dump-ellipsis sf-dump-ellipsis-class\">\\</span><span class=\"sf-dump-ellipsis-tail\">AppLayout</span></span>\"
    <span class=sf-dump-meta>this</span>: <span class=\"sf-dump-note sf-dump-ellipsization\" title=\"App\\View\\Components\\AppLayout
\"><span class=\"sf-dump-ellipsis sf-dump-ellipsis-note\">App\\View\\Components</span><span class=\"sf-dump-ellipsis sf-dump-ellipsis-note\">\\</span><span class=\"sf-dump-ellipsis-tail\">AppLayout</span></span> {<a class=sf-dump-ref>#1306</a> &#8230;}
    <span class=sf-dump-meta>use</span>: {<samp data-depth=3 class=sf-dump-compact>
      <span class=sf-dump-meta>$method</span>: \"<span class=sf-dump-str title=\"21 characters\">ignoredParameterNames</span>\"
    </samp>}
    <span class=sf-dump-meta>file</span>: \"<span class=\"sf-dump-str sf-dump-ellipsization\" title=\"C:\\Users\\62812\\Documents\\LARAVEL FUNDAMENTAL\\laravel vue ecommerce\\ecommerce\\vendor\\laravel\\framework\\src\\Illuminate\\View\\Component.php
135 characters\"><span class=\"sf-dump-ellipsis sf-dump-ellipsis-path\">C:\\Users\\62812\\Documents\\LARAVEL FUNDAMENTAL\\laravel vue ecommerce\\ecommerce\\vendor</span><span class=\"sf-dump-ellipsis sf-dump-ellipsis-path\">\\laravel\\framework\\</span><span class=\"sf-dump-ellipsis-tail\">src\\Illuminate\\View\\Component.php</span></span>\"
    <span class=sf-dump-meta>line</span>: \"<span class=sf-dump-str title=\"10 characters\">303 to 305</span>\"
  </samp>}
</samp>}
</pre><script>Sfdump(\"sf-dump-1095594322\", {\"maxDepth\":3,\"maxStringLength\":160})</script>
","slot":"<pre class=sf-dump id=sf-dump-1298161793 data-indent-pad=\"  \"><span class=sf-dump-note>Illuminate\\View\\ComponentSlot</span> {<a class=sf-dump-ref>#1309</a><samp data-depth=1 class=sf-dump-expanded>
  +<span class=sf-dump-public title=\"Public property\">attributes</span>: <span class=\"sf-dump-note sf-dump-ellipsization\" title=\"Illuminate\\View\\ComponentAttributeBag
\"><span class=\"sf-dump-ellipsis sf-dump-ellipsis-note\">Illuminate\\View</span><span class=\"sf-dump-ellipsis sf-dump-ellipsis-note\">\\</span><span class=\"sf-dump-ellipsis-tail\">ComponentAttributeBag</span></span> {<a class=sf-dump-ref>#1319</a><samp data-depth=2 class=sf-dump-compact>
    #<span class=sf-dump-protected title=\"Protected property\">attributes</span>: []
  </samp>}
  #<span class=sf-dump-protected title=\"Protected property\">contents</span>: \"<span class=sf-dump-str title=\"7 characters\">welcome</span>\"
</samp>}
</pre><script>Sfdump(\"sf-dump-1298161793\", {\"maxDepth\":3,\"maxStringLength\":160})</script>
","__laravel_slots":"<pre class=sf-dump id=sf-dump-400972261 data-indent-pad=\"  \"><span class=sf-dump-note>array:1</span> [<samp data-depth=1 class=sf-dump-expanded>
  \"<span class=sf-dump-key>__default</span>\" => <span class=\"sf-dump-note sf-dump-ellipsization\" title=\"Illuminate\\View\\ComponentSlot
\"><span class=\"sf-dump-ellipsis sf-dump-ellipsis-note\">Illuminate\\View</span><span class=\"sf-dump-ellipsis sf-dump-ellipsis-note\">\\</span><span class=\"sf-dump-ellipsis-tail\">ComponentSlot</span></span> {<a class=sf-dump-ref>#1309</a><samp data-depth=2 class=sf-dump-compact>
    +<span class=sf-dump-public title=\"Public property\">attributes</span>: <span class=\"sf-dump-note sf-dump-ellipsization\" title=\"Illuminate\\View\\ComponentAttributeBag
\"><span class=\"sf-dump-ellipsis sf-dump-ellipsis-note\">Illuminate\\View</span><span class=\"sf-dump-ellipsis sf-dump-ellipsis-note\">\\</span><span class=\"sf-dump-ellipsis-tail\">ComponentAttributeBag</span></span> {<a class=sf-dump-ref>#1319</a><samp data-depth=3 class=sf-dump-compact>
      #<span class=sf-dump-protected title=\"Protected property\">attributes</span>: []
    </samp>}
    #<span class=sf-dump-protected title=\"Protected property\">contents</span>: \"<span class=sf-dump-str title=\"7 characters\">welcome</span>\"
  </samp>}
</samp>]
</pre><script>Sfdump(\"sf-dump-400972261\", {\"maxDepth\":3,\"maxStringLength\":160})</script>
"}},"exception":"[object] (Spatie\\LaravelIgnition\\Exceptions\\ViewException(code: 0): syntax error, unexpected end of file, expecting \"elseif\" or \"else\" or \"endif\" at C:\\Users\\62812\\Documents\\LARAVEL FUNDAMENTAL\\laravel vue ecommerce\\ecommerce\\resources\\views\\layouts\\navigation.blade.php:217)
[stacktrace]
#0 C:\\Users\\62812\\Documents\\LARAVEL FUNDAMENTAL\\laravel vue ecommerce\\ecommerce\\vendor\\laravel\\framework\\src\\Illuminate\\Filesystem\\Filesystem.php(123): require('C:\\\\Users\\\\62812\\\\...')
#1 C:\\Users\\62812\\Documents\\LARAVEL FUNDAMENTAL\\laravel vue ecommerce\\ecommerce\\vendor\\laravel\\framework\\src\\Illuminate\\Filesystem\\Filesystem.php(124): Illuminate\\Filesystem\\Filesystem::Illuminate\\Filesystem\\{closure}()
#2 C:\\Users\\62812\\Documents\\LARAVEL FUNDAMENTAL\\laravel vue ecommerce\\ecommerce\\vendor\\laravel\\framework\\src\\Illuminate\\View\\Engines\\PhpEngine.php(58): Illuminate\\Filesystem\\Filesystem->getRequire('C:\\\\Users\\\\62812\\\\...', Array)
#3 C:\\Users\\62812\\Documents\\LARAVEL FUNDAMENTAL\\laravel vue ecommerce\\ecommerce\\vendor\\laravel\\framework\\src\\Illuminate\\View\\Engines\\CompilerEngine.php(75): Illuminate\\View\\Engines\\PhpEngine->evaluatePath('C:\\\\Users\\\\62812\\\\...', Array)
#4 C:\\Users\\62812\\Documents\\LARAVEL FUNDAMENTAL\\laravel vue ecommerce\\ecommerce\\vendor\\laravel\\framework\\src\\Illuminate\\View\\View.php(209): Illuminate\\View\\Engines\\CompilerEngine->get('C:\\\\Users\\\\62812\\\\...', Array)
#5 C:\\Users\\62812\\Documents\\LARAVEL FUNDAMENTAL\\laravel vue ecommerce\\ecommerce\\vendor\\laravel\\framework\\src\\Illuminate\\View\\View.php(192): Illuminate\\View\\View->getContents()
#6 C:\\Users\\62812\\Documents\\LARAVEL FUNDAMENTAL\\laravel vue ecommerce\\ecommerce\\vendor\\laravel\\framework\\src\\Illuminate\\View\\View.php(161): Illuminate\\View\\View->renderContents()
#7 C:\\Users\\62812\\Documents\\LARAVEL FUNDAMENTAL\\laravel vue ecommerce\\ecommerce\\vendor\\laravel\\framework\\src\\Illuminate\\View\\Concerns\\ManagesComponents.php(99): Illuminate\\View\\View->render()
#8 C:\\Users\\62812\\Documents\\LARAVEL FUNDAMENTAL\\laravel vue ecommerce\\ecommerce\\resources\\views\\welcome.blade.php(1): Illuminate\\View\\Factory->renderComponent()
#9 C:\\Users\\62812\\Documents\\LARAVEL FUNDAMENTAL\\laravel vue ecommerce\\ecommerce\\vendor\\laravel\\framework\\src\\Illuminate\\Filesystem\\Filesystem.php(123): require('C:\\\\Users\\\\62812\\\\...')
#10 C:\\Users\\62812\\Documents\\LARAVEL FUNDAMENTAL\\laravel vue ecommerce\\ecommerce\\vendor\\laravel\\framework\\src\\Illuminate\\Filesystem\\Filesystem.php(124): Illuminate\\Filesystem\\Filesystem::Illuminate\\Filesystem\\{closure}()
#11 C:\\Users\\62812\\Documents\\LARAVEL FUNDAMENTAL\\laravel vue ecommerce\\ecommerce\\vendor\\laravel\\framework\\src\\Illuminate\\View\\Engines\\PhpEngine.php(58): Illuminate\\Filesystem\\Filesystem->getRequire('C:\\\\Users\\\\62812\\\\...', Array)
#12 C:\\Users\\62812\\Documents\\LARAVEL FUNDAMENTAL\\laravel vue ecommerce\\ecommerce\\vendor\\laravel\\framework\\src\\Illuminate\\View\\Engines\\CompilerEngine.php(75): Illuminate\\View\\Engines\\PhpEngine->evaluatePath('C:\\\\Users\\\\62812\\\\...', Array)
#13 C:\\Users\\62812\\Documents\\LARAVEL FUNDAMENTAL\\laravel vue ecommerce\\ecommerce\\vendor\\laravel\\framework\\src\\Illuminate\\View\\View.php(209): Illuminate\\View\\Engines\\CompilerEngine->get('C:\\\\Users\\\\62812\\\\...', Array)
#14 C:\\Users\\62812\\Documents\\LARAVEL FUNDAMENTAL\\laravel vue ecommerce\\ecommerce\\vendor\\laravel\\framework\\src\\Illuminate\\View\\View.php(192): Illuminate\\View\\View->getContents()
#15 C:\\Users\\62812\\Documents\\LARAVEL FUNDAMENTAL\\laravel vue ecommerce\\ecommerce\\vendor\\laravel\\framework\\src\\Illuminate\\View\\View.php(161): Illuminate\\View\\View->renderContents()
#16 C:\\Users\\62812\\Documents\\LARAVEL FUNDAMENTAL\\laravel vue ecommerce\\ecommerce\\vendor\\laravel\\framework\\src\\Illuminate\\Http\\Response.php(79): Illuminate\\View\\View->render()
#17 C:\\Users\\62812\\Documents\\LARAVEL FUNDAMENTAL\\laravel vue ecommerce\\ecommerce\\vendor\\laravel\\framework\\src\\Illuminate\\Http\\Response.php(35): Illuminate\\Http\\Response->setContent(Object(Illuminate\\View\\View))
#18 C:\\Users\\62812\\Documents\\LARAVEL FUNDAMENTAL\\laravel vue ecommerce\\ecommerce\\vendor\\laravel\\framework\\src\\Illuminate\\Routing\\Router.php(920): Illuminate\\Http\\Response->__construct(Object(Illuminate\\View\\View), 200, Array)
#19 C:\\Users\\62812\\Documents\\LARAVEL FUNDAMENTAL\\laravel vue ecommerce\\ecommerce\\vendor\\laravel\\framework\\src\\Illuminate\\Routing\\Router.php(887): Illuminate\\Routing\\Router::toResponse(Object(Illuminate\\Http\\Request), Object(Illuminate\\View\\View))
#20 C:\\Users\\62812\\Documents\\LARAVEL FUNDAMENTAL\\laravel vue ecommerce\\ecommerce\\vendor\\laravel\\framework\\src\\Illuminate\\Routing\\Router.php(807): Illuminate\\Routing\\Router->prepareResponse(Object(Illuminate\\Http\\Request), Object(Illuminate\\View\\View))
#21 C:\\Users\\62812\\Documents\\LARAVEL FUNDAMENTAL\\laravel vue ecommerce\\ecommerce\\vendor\\laravel\\framework\\src\\Illuminate\\Pipeline\\Pipeline.php(170): Illuminate\\Routing\\Router->Illuminate\\Routing\\{closure}(Object(Illuminate\\Http\\Request))
#22 C:\\Users\\62812\\Documents\\LARAVEL FUNDAMENTAL\\laravel vue ecommerce\\ecommerce\\vendor\\laravel\\framework\\src\\Illuminate\\Routing\\Middleware\\SubstituteBindings.php(51): Illuminate\\Pipeline\\Pipeline->Illuminate\\Pipeline\\{closure}(Object(Illuminate\\Http\\Request))
#23 C:\\Users\\62812\\Documents\\LARAVEL FUNDAMENTAL\\laravel vue ecommerce\\ecommerce\\vendor\\laravel\\framework\\src\\Illuminate\\Pipeline\\Pipeline.php(209): Illuminate\\Routing\\Middleware\\SubstituteBindings->handle(Object(Illuminate\\Http\\Request), Object(Closure))
#24 C:\\Users\\62812\\Documents\\LARAVEL FUNDAMENTAL\\laravel vue ecommerce\\ecommerce\\vendor\\laravel\\framework\\src\\Illuminate\\Foundation\\Http\\Middleware\\VerifyCsrfToken.php(88): Illuminate\\Pipeline\\Pipeline->Illuminate\\Pipeline\\{closure}(Object(Illuminate\\Http\\Request))
#25 C:\\Users\\62812\\Documents\\LARAVEL FUNDAMENTAL\\laravel vue ecommerce\\ecommerce\\vendor\\laravel\\framework\\src\\Illuminate\\Pipeline\\Pipeline.php(209): Illuminate\\Foundation\\Http\\Middleware\\VerifyCsrfToken->handle(Object(Illuminate\\Http\\Request), Object(Closure))
#26 C:\\Users\\62812\\Documents\\LARAVEL FUNDAMENTAL\\laravel vue ecommerce\\ecommerce\\vendor\\laravel\\framework\\src\\Illuminate\\View\\Middleware\\ShareErrorsFromSession.php(49): Illuminate\\Pipeline\\Pipeline->Illuminate\\Pipeline\\{closure}(Object(Illuminate\\Http\\Request))
#27 C:\\Users\\62812\\Documents\\LARAVEL FUNDAMENTAL\\laravel vue ecommerce\\ecommerce\\vendor\\laravel\\framework\\src\\Illuminate\\Pipeline\\Pipeline.php(209): Illuminate\\View\\Middleware\\ShareErrorsFromSession->handle(Object(Illuminate\\Http\\Request), Object(Closure))
#28 C:\\Users\\62812\\Documents\\LARAVEL FUNDAMENTAL\\laravel vue ecommerce\\ecommerce\\vendor\\laravel\\framework\\src\\Illuminate\\Session\\Middleware\\StartSession.php(121): Illuminate\\Pipeline\\Pipeline->Illuminate\\Pipeline\\{closure}(Object(Illuminate\\Http\\Request))
#29 C:\\Users\\62812\\Documents\\LARAVEL FUNDAMENTAL\\laravel vue ecommerce\\ecommerce\\vendor\\laravel\\framework\\src\\Illuminate\\Session\\Middleware\\StartSession.php(64): Illuminate\\Session\\Middleware\\StartSession->handleStatefulRequest(Object(Illuminate\\Http\\Request), Object(Illuminate\\Session\\Store), Object(Closure))
#30 C:\\Users\\62812\\Documents\\LARAVEL FUNDAMENTAL\\laravel vue ecommerce\\ecommerce\\vendor\\laravel\\framework\\src\\Illuminate\\Pipeline\\Pipeline.php(209): Illuminate\\Session\\Middleware\\StartSession->handle(Object(Illuminate\\Http\\Request), Object(Closure))
#31 C:\\Users\\62812\\Documents\\LARAVEL FUNDAMENTAL\\laravel vue ecommerce\\ecommerce\\vendor\\laravel\\framework\\src\\Illuminate\\Cookie\\Middleware\\AddQueuedCookiesToResponse.php(37): Illuminate\\Pipeline\\Pipeline->Illuminate\\Pipeline\\{closure}(Object(Illuminate\\Http\\Request))
#32 C:\\Users\\62812\\Documents\\LARAVEL FUNDAMENTAL\\laravel vue ecommerce\\ecommerce\\vendor\\laravel\\framework\\src\\Illuminate\\Pipeline\\Pipeline.php(209): Illuminate\\Cookie\\Middleware\\AddQueuedCookiesToResponse->handle(Object(Illuminate\\Http\\Request), Object(Closure))
#33 C:\\Users\\62812\\Documents\\LARAVEL FUNDAMENTAL\\laravel vue ecommerce\\ecommerce\\vendor\\laravel\\framework\\src\\Illuminate\\Cookie\\Middleware\\EncryptCookies.php(75): Illuminate\\Pipeline\\Pipeline->Illuminate\\Pipeline\\{closure}(Object(Illuminate\\Http\\Request))
#34 C:\\Users\\62812\\Documents\\LARAVEL FUNDAMENTAL\\laravel vue ecommerce\\ecommerce\\vendor\\laravel\\framework\\src\\Illuminate\\Pipeline\\Pipeline.php(209): Illuminate\\Cookie\\Middleware\\EncryptCookies->handle(Object(Illuminate\\Http\\Request), Object(Closure))
#35 C:\\Users\\62812\\Documents\\LARAVEL FUNDAMENTAL\\laravel vue ecommerce\\ecommerce\\vendor\\laravel\\framework\\src\\Illuminate\\Pipeline\\Pipeline.php(127): Illuminate\\Pipeline\\Pipeline->Illuminate\\Pipeline\\{closure}(Object(Illuminate\\Http\\Request))
#36 C:\\Users\\62812\\Documents\\LARAVEL FUNDAMENTAL\\laravel vue ecommerce\\ecommerce\\vendor\\laravel\\framework\\src\\Illuminate\\Routing\\Router.php(807): Illuminate\\Pipeline\\Pipeline->then(Object(Closure))
#37 C:\\Users\\62812\\Documents\\LARAVEL FUNDAMENTAL\\laravel vue ecommerce\\ecommerce\\vendor\\laravel\\framework\\src\\Illuminate\\Routing\\Router.php(786): Illuminate\\Routing\\Router->runRouteWithinStack(Object(Illuminate\\Routing\\Route), Object(Illuminate\\Http\\Request))
#38 C:\\Users\\62812\\Documents\\LARAVEL FUNDAMENTAL\\laravel vue ecommerce\\ecommerce\\vendor\\laravel\\framework\\src\\Illuminate\\Routing\\Router.php(750): Illuminate\\Routing\\Router->runRoute(Object(Illuminate\\Http\\Request), Object(Illuminate\\Routing\\Route))
#39 C:\\Users\\62812\\Documents\\LARAVEL FUNDAMENTAL\\laravel vue ecommerce\\ecommerce\\vendor\\laravel\\framework\\src\\Illuminate\\Routing\\Router.php(739): Illuminate\\Routing\\Router->dispatchToRoute(Object(Illuminate\\Http\\Request))
#40 C:\\Users\\62812\\Documents\\LARAVEL FUNDAMENTAL\\laravel vue ecommerce\\ecommerce\\vendor\\laravel\\framework\\src\\Illuminate\\Foundation\\Http\\Kernel.php(201): Illuminate\\Routing\\Router->dispatch(Object(Illuminate\\Http\\Request))
#41 C:\\Users\\62812\\Documents\\LARAVEL FUNDAMENTAL\\laravel vue ecommerce\\ecommerce\\vendor\\laravel\\framework\\src\\Illuminate\\Pipeline\\Pipeline.php(170): Illuminate\\Foundation\\Http\\Kernel->Illuminate\\Foundation\\Http\\{closure}(Object(Illuminate\\Http\\Request))
#42 C:\\Users\\62812\\Documents\\LARAVEL FUNDAMENTAL\\laravel vue ecommerce\\ecommerce\\vendor\\laravel\\framework\\src\\Illuminate\\Foundation\\Http\\Middleware\\TransformsRequest.php(21): Illuminate\\Pipeline\\Pipeline->Illuminate\\Pipeline\\{closure}(Object(Illuminate\\Http\\Request))
#43 C:\\Users\\62812\\Documents\\LARAVEL FUNDAMENTAL\\laravel vue ecommerce\\ecommerce\\vendor\\laravel\\framework\\src\\Illuminate\\Foundation\\Http\\Middleware\\ConvertEmptyStringsToNull.php(31): Illuminate\\Foundation\\Http\\Middleware\\TransformsRequest->handle(Object(Illuminate\\Http\\Request), Object(Closure))
#44 C:\\Users\\62812\\Documents\\LARAVEL FUNDAMENTAL\\laravel vue ecommerce\\ecommerce\\vendor\\laravel\\framework\\src\\Illuminate\\Pipeline\\Pipeline.php(209): Illuminate\\Foundation\\Http\\Middleware\\ConvertEmptyStringsToNull->handle(Object(Illuminate\\Http\\Request), Object(Closure))
#45 C:\\Users\\62812\\Documents\\LARAVEL FUNDAMENTAL\\laravel vue ecommerce\\ecommerce\\vendor\\laravel\\framework\\src\\Illuminate\\Foundation\\Http\\Middleware\\TransformsRequest.php(21): Illuminate\\Pipeline\\Pipeline->Illuminate\\Pipeline\\{closure}(Object(Illuminate\\Http\\Request))
#46 C:\\Users\\62812\\Documents\\LARAVEL FUNDAMENTAL\\laravel vue ecommerce\\ecommerce\\vendor\\laravel\\framework\\src\\Illuminate\\Foundation\\Http\\Middleware\\TrimStrings.php(51): Illuminate\\Foundation\\Http\\Middleware\\TransformsRequest->handle(Object(Illuminate\\Http\\Request), Object(Closure))
#47 C:\\Users\\62812\\Documents\\LARAVEL FUNDAMENTAL\\laravel vue ecommerce\\ecommerce\\vendor\\laravel\\framework\\src\\Illuminate\\Pipeline\\Pipeline.php(209): Illuminate\\Foundation\\Http\\Middleware\\TrimStrings->handle(Object(Illuminate\\Http\\Request), Object(Closure))
#48 C:\\Users\\62812\\Documents\\LARAVEL FUNDAMENTAL\\laravel vue ecommerce\\ecommerce\\vendor\\laravel\\framework\\src\\Illuminate\\Http\\Middleware\\ValidatePostSize.php(27): Illuminate\\Pipeline\\Pipeline->Illuminate\\Pipeline\\{closure}(Object(Illuminate\\Http\\Request))
#49 C:\\Users\\62812\\Documents\\LARAVEL FUNDAMENTAL\\laravel vue ecommerce\\ecommerce\\vendor\\laravel\\framework\\src\\Illuminate\\Pipeline\\Pipeline.php(209): Illuminate\\Http\\Middleware\\ValidatePostSize->handle(Object(Illuminate\\Http\\Request), Object(Closure))
#50 C:\\Users\\62812\\Documents\\LARAVEL FUNDAMENTAL\\laravel vue ecommerce\\ecommerce\\vendor\\laravel\\framework\\src\\Illuminate\\Foundation\\Http\\Middleware\\PreventRequestsDuringMaintenance.php(110): Illuminate\\Pipeline\\Pipeline->Illuminate\\Pipeline\\{closure}(Object(Illuminate\\Http\\Request))
#51 C:\\Users\\62812\\Documents\\LARAVEL FUNDAMENTAL\\laravel vue ecommerce\\ecommerce\\vendor\\laravel\\framework\\src\\Illuminate\\Pipeline\\Pipeline.php(209): Illuminate\\Foundation\\Http\\Middleware\\PreventRequestsDuringMaintenance->handle(Object(Illuminate\\Http\\Request), Object(Closure))
#52 C:\\Users\\62812\\Documents\\LARAVEL FUNDAMENTAL\\laravel vue ecommerce\\ecommerce\\vendor\\laravel\\framework\\src\\Illuminate\\Http\\Middleware\\HandleCors.php(49): Illuminate\\Pipeline\\Pipeline->Illuminate\\Pipeline\\{closure}(Object(Illuminate\\Http\\Request))
#53 C:\\Users\\62812\\Documents\\LARAVEL FUNDAMENTAL\\laravel vue ecommerce\\ecommerce\\vendor\\laravel\\framework\\src\\Illuminate\\Pipeline\\Pipeline.php(209): Illuminate\\Http\\Middleware\\HandleCors->handle(Object(Illuminate\\Http\\Request), Object(Closure))
#54 C:\\Users\\62812\\Documents\\LARAVEL FUNDAMENTAL\\laravel vue ecommerce\\ecommerce\\vendor\\laravel\\framework\\src\\Illuminate\\Http\\Middleware\\TrustProxies.php(58): Illuminate\\Pipeline\\Pipeline->Illuminate\\Pipeline\\{closure}(Object(Illuminate\\Http\\Request))
#55 C:\\Users\\62812\\Documents\\LARAVEL FUNDAMENTAL\\laravel vue ecommerce\\ecommerce\\vendor\\laravel\\framework\\src\\Illuminate\\Pipeline\\Pipeline.php(209): Illuminate\\Http\\Middleware\\TrustProxies->handle(Object(Illuminate\\Http\\Request), Object(Closure))
#56 C:\\Users\\62812\\Documents\\LARAVEL FUNDAMENTAL\\laravel vue ecommerce\\ecommerce\\vendor\\laravel\\framework\\src\\Illuminate\\Foundation\\Http\\Middleware\\InvokeDeferredCallbacks.php(22): Illuminate\\Pipeline\\Pipeline->Illuminate\\Pipeline\\{closure}(Object(Illuminate\\Http\\Request))
#57 C:\\Users\\62812\\Documents\\LARAVEL FUNDAMENTAL\\laravel vue ecommerce\\ecommerce\\vendor\\laravel\\framework\\src\\Illuminate\\Pipeline\\Pipeline.php(209): Illuminate\\Foundation\\Http\\Middleware\\InvokeDeferredCallbacks->handle(Object(Illuminate\\Http\\Request), Object(Closure))
#58 C:\\Users\\62812\\Documents\\LARAVEL FUNDAMENTAL\\laravel vue ecommerce\\ecommerce\\vendor\\laravel\\framework\\src\\Illuminate\\Pipeline\\Pipeline.php(127): Illuminate\\Pipeline\\Pipeline->Illuminate\\Pipeline\\{closure}(Object(Illuminate\\Http\\Request))
#59 C:\\Users\\62812\\Documents\\LARAVEL FUNDAMENTAL\\laravel vue ecommerce\\ecommerce\\vendor\\laravel\\framework\\src\\Illuminate\\Foundation\\Http\\Kernel.php(176): Illuminate\\Pipeline\\Pipeline->then(Object(Closure))
#60 C:\\Users\\62812\\Documents\\LARAVEL FUNDAMENTAL\\laravel vue ecommerce\\ecommerce\\vendor\\laravel\\framework\\src\\Illuminate\\Foundation\\Http\\Kernel.php(145): Illuminate\\Foundation\\Http\\Kernel->sendRequestThroughRouter(Object(Illuminate\\Http\\Request))
#61 C:\\Users\\62812\\Documents\\LARAVEL FUNDAMENTAL\\laravel vue ecommerce\\ecommerce\\vendor\\laravel\\framework\\src\\Illuminate\\Foundation\\Application.php(1220): Illuminate\\Foundation\\Http\\Kernel->handle(Object(Illuminate\\Http\\Request))
#62 C:\\Users\\62812\\Documents\\LARAVEL FUNDAMENTAL\\laravel vue ecommerce\\ecommerce\\public\\index.php(17): Illuminate\\Foundation\\Application->handleRequest(Object(Illuminate\\Http\\Request))
#63 C:\\Users\\62812\\Documents\\LARAVEL FUNDAMENTAL\\laravel vue ecommerce\\ecommerce\\vendor\\laravel\\framework\\src\\Illuminate\\Foundation\\resources\\server.php(23): require_once('C:\\\\Users\\\\62812\\\\...')
#64 {main}

[previous exception] [object] (ParseError(code: 0): syntax error, unexpected end of file, expecting \"elseif\" or \"else\" or \"endif\" at C:\\Users\\62812\\Documents\\LARAVEL FUNDAMENTAL\\laravel vue ecommerce\\ecommerce\\storage\\framework\\views\\6ab588b43760987b97a79ebf9f80de33.php:223)
[stacktrace]
#0 C:\\Users\\62812\\Documents\\LARAVEL FUNDAMENTAL\\laravel vue ecommerce\\ecommerce\\vendor\\laravel\\framework\\src\\Illuminate\\Filesystem\\Filesystem.php(124): Illuminate\\Filesystem\\Filesystem::Illuminate\\Filesystem\\{closure}()
#1 C:\\Users\\62812\\Documents\\LARAVEL FUNDAMENTAL\\laravel vue ecommerce\\ecommerce\\vendor\\laravel\\framework\\src\\Illuminate\\View\\Engines\\PhpEngine.php(58): Illuminate\\Filesystem\\Filesystem->getRequire('C:\\\\Users\\\\62812\\\\...', Array)
#2 C:\\Users\\62812\\Documents\\LARAVEL FUNDAMENTAL\\laravel vue ecommerce\\ecommerce\\vendor\\laravel\\framework\\src\\Illuminate\\View\\Engines\\CompilerEngine.php(75): Illuminate\\View\\Engines\\PhpEngine->evaluatePath('C:\\\\Users\\\\62812\\\\...', Array)
#3 C:\\Users\\62812\\Documents\\LARAVEL FUNDAMENTAL\\laravel vue ecommerce\\ecommerce\\vendor\\laravel\\framework\\src\\Illuminate\\View\\View.php(209): Illuminate\\View\\Engines\\CompilerEngine->get('C:\\\\Users\\\\62812\\\\...', Array)
#4 C:\\Users\\62812\\Documents\\LARAVEL FUNDAMENTAL\\laravel vue ecommerce\\ecommerce\\vendor\\laravel\\framework\\src\\Illuminate\\View\\View.php(192): Illuminate\\View\\View->getContents()
#5 C:\\Users\\62812\\Documents\\LARAVEL FUNDAMENTAL\\laravel vue ecommerce\\ecommerce\\vendor\\laravel\\framework\\src\\Illuminate\\View\\View.php(161): Illuminate\\View\\View->renderContents()
#6 C:\\Users\\62812\\Documents\\LARAVEL FUNDAMENTAL\\laravel vue ecommerce\\ecommerce\\storage\\framework\\views\\abf812e0c61f495834822098d3a19595.php(21): Illuminate\\View\\View->render()
#7 C:\\Users\\62812\\Documents\\LARAVEL FUNDAMENTAL\\laravel vue ecommerce\\ecommerce\\vendor\\laravel\\framework\\src\\Illuminate\\Filesystem\\Filesystem.php(123): require('C:\\\\Users\\\\62812\\\\...')
#8 C:\\Users\\62812\\Documents\\LARAVEL FUNDAMENTAL\\laravel vue ecommerce\\ecommerce\\vendor\\laravel\\framework\\src\\Illuminate\\Filesystem\\Filesystem.php(124): Illuminate\\Filesystem\\Filesystem::Illuminate\\Filesystem\\{closure}()
#9 C:\\Users\\62812\\Documents\\LARAVEL FUNDAMENTAL\\laravel vue ecommerce\\ecommerce\\vendor\\laravel\\framework\\src\\Illuminate\\View\\Engines\\PhpEngine.php(58): Illuminate\\Filesystem\\Filesystem->getRequire('C:\\\\Users\\\\62812\\\\...', Array)
#10 C:\\Users\\62812\\Documents\\LARAVEL FUNDAMENTAL\\laravel vue ecommerce\\ecommerce\\vendor\\laravel\\framework\\src\\Illuminate\\View\\Engines\\CompilerEngine.php(75): Illuminate\\View\\Engines\\PhpEngine->evaluatePath('C:\\\\Users\\\\62812\\\\...', Array)
#11 C:\\Users\\62812\\Documents\\LARAVEL FUNDAMENTAL\\laravel vue ecommerce\\ecommerce\\vendor\\laravel\\framework\\src\\Illuminate\\View\\View.php(209): Illuminate\\View\\Engines\\CompilerEngine->get('C:\\\\Users\\\\62812\\\\...', Array)
#12 C:\\Users\\62812\\Documents\\LARAVEL FUNDAMENTAL\\laravel vue ecommerce\\ecommerce\\vendor\\laravel\\framework\\src\\Illuminate\\View\\View.php(192): Illuminate\\View\\View->getContents()
#13 C:\\Users\\62812\\Documents\\LARAVEL FUNDAMENTAL\\laravel vue ecommerce\\ecommerce\\vendor\\laravel\\framework\\src\\Illuminate\\View\\View.php(161): Illuminate\\View\\View->renderContents()
#14 C:\\Users\\62812\\Documents\\LARAVEL FUNDAMENTAL\\laravel vue ecommerce\\ecommerce\\vendor\\laravel\\framework\\src\\Illuminate\\View\\Concerns\\ManagesComponents.php(99): Illuminate\\View\\View->render()
#15 C:\\Users\\62812\\Documents\\LARAVEL FUNDAMENTAL\\laravel vue ecommerce\\ecommerce\\storage\\framework\\views\\81f2304a786e2dfc849130d6323387df.php(12): Illuminate\\View\\Factory->renderComponent()
#16 C:\\Users\\62812\\Documents\\LARAVEL FUNDAMENTAL\\laravel vue ecommerce\\ecommerce\\vendor\\laravel\\framework\\src\\Illuminate\\Filesystem\\Filesystem.php(123): require('C:\\\\Users\\\\62812\\\\...')
#17 C:\\Users\\62812\\Documents\\LARAVEL FUNDAMENTAL\\laravel vue ecommerce\\ecommerce\\vendor\\laravel\\framework\\src\\Illuminate\\Filesystem\\Filesystem.php(124): Illuminate\\Filesystem\\Filesystem::Illuminate\\Filesystem\\{closure}()
#18 C:\\Users\\62812\\Documents\\LARAVEL FUNDAMENTAL\\laravel vue ecommerce\\ecommerce\\vendor\\laravel\\framework\\src\\Illuminate\\View\\Engines\\PhpEngine.php(58): Illuminate\\Filesystem\\Filesystem->getRequire('C:\\\\Users\\\\62812\\\\...', Array)
#19 C:\\Users\\62812\\Documents\\LARAVEL FUNDAMENTAL\\laravel vue ecommerce\\ecommerce\\vendor\\laravel\\framework\\src\\Illuminate\\View\\Engines\\CompilerEngine.php(75): Illuminate\\View\\Engines\\PhpEngine->evaluatePath('C:\\\\Users\\\\62812\\\\...', Array)
#20 C:\\Users\\62812\\Documents\\LARAVEL FUNDAMENTAL\\laravel vue ecommerce\\ecommerce\\vendor\\laravel\\framework\\src\\Illuminate\\View\\View.php(209): Illuminate\\View\\Engines\\CompilerEngine->get('C:\\\\Users\\\\62812\\\\...', Array)
#21 C:\\Users\\62812\\Documents\\LARAVEL FUNDAMENTAL\\laravel vue ecommerce\\ecommerce\\vendor\\laravel\\framework\\src\\Illuminate\\View\\View.php(192): Illuminate\\View\\View->getContents()
#22 C:\\Users\\62812\\Documents\\LARAVEL FUNDAMENTAL\\laravel vue ecommerce\\ecommerce\\vendor\\laravel\\framework\\src\\Illuminate\\View\\View.php(161): Illuminate\\View\\View->renderContents()
#23 C:\\Users\\62812\\Documents\\LARAVEL FUNDAMENTAL\\laravel vue ecommerce\\ecommerce\\vendor\\laravel\\framework\\src\\Illuminate\\Http\\Response.php(79): Illuminate\\View\\View->render()
#24 C:\\Users\\62812\\Documents\\LARAVEL FUNDAMENTAL\\laravel vue ecommerce\\ecommerce\\vendor\\laravel\\framework\\src\\Illuminate\\Http\\Response.php(35): Illuminate\\Http\\Response->setContent(Object(Illuminate\\View\\View))
#25 C:\\Users\\62812\\Documents\\LARAVEL FUNDAMENTAL\\laravel vue ecommerce\\ecommerce\\vendor\\laravel\\framework\\src\\Illuminate\\Routing\\Router.php(920): Illuminate\\Http\\Response->__construct(Object(Illuminate\\View\\View), 200, Array)
#26 C:\\Users\\62812\\Documents\\LARAVEL FUNDAMENTAL\\laravel vue ecommerce\\ecommerce\\vendor\\laravel\\framework\\src\\Illuminate\\Routing\\Router.php(887): Illuminate\\Routing\\Router::toResponse(Object(Illuminate\\Http\\Request), Object(Illuminate\\View\\View))
#27 C:\\Users\\62812\\Documents\\LARAVEL FUNDAMENTAL\\laravel vue ecommerce\\ecommerce\\vendor\\laravel\\framework\\src\\Illuminate\\Routing\\Router.php(807): Illuminate\\Routing\\Router->prepareResponse(Object(Illuminate\\Http\\Request), Object(Illuminate\\View\\View))
#28 C:\\Users\\62812\\Documents\\LARAVEL FUNDAMENTAL\\laravel vue ecommerce\\ecommerce\\vendor\\laravel\\framework\\src\\Illuminate\\Pipeline\\Pipeline.php(170): Illuminate\\Routing\\Router->Illuminate\\Routing\\{closure}(Object(Illuminate\\Http\\Request))
#29 C:\\Users\\62812\\Documents\\LARAVEL FUNDAMENTAL\\laravel vue ecommerce\\ecommerce\\vendor\\laravel\\framework\\src\\Illuminate\\Routing\\Middleware\\SubstituteBindings.php(51): Illuminate\\Pipeline\\Pipeline->Illuminate\\Pipeline\\{closure}(Object(Illuminate\\Http\\Request))
#30 C:\\Users\\62812\\Documents\\LARAVEL FUNDAMENTAL\\laravel vue ecommerce\\ecommerce\\vendor\\laravel\\framework\\src\\Illuminate\\Pipeline\\Pipeline.php(209): Illuminate\\Routing\\Middleware\\SubstituteBindings->handle(Object(Illuminate\\Http\\Request), Object(Closure))
#31 C:\\Users\\62812\\Documents\\LARAVEL FUNDAMENTAL\\laravel vue ecommerce\\ecommerce\\vendor\\laravel\\framework\\src\\Illuminate\\Foundation\\Http\\Middleware\\VerifyCsrfToken.php(88): Illuminate\\Pipeline\\Pipeline->Illuminate\\Pipeline\\{closure}(Object(Illuminate\\Http\\Request))
#32 C:\\Users\\62812\\Documents\\LARAVEL FUNDAMENTAL\\laravel vue ecommerce\\ecommerce\\vendor\\laravel\\framework\\src\\Illuminate\\Pipeline\\Pipeline.php(209): Illuminate\\Foundation\\Http\\Middleware\\VerifyCsrfToken->handle(Object(Illuminate\\Http\\Request), Object(Closure))
#33 C:\\Users\\62812\\Documents\\LARAVEL FUNDAMENTAL\\laravel vue ecommerce\\ecommerce\\vendor\\laravel\\framework\\src\\Illuminate\\View\\Middleware\\ShareErrorsFromSession.php(49): Illuminate\\Pipeline\\Pipeline->Illuminate\\Pipeline\\{closure}(Object(Illuminate\\Http\\Request))
#34 C:\\Users\\62812\\Documents\\LARAVEL FUNDAMENTAL\\laravel vue ecommerce\\ecommerce\\vendor\\laravel\\framework\\src\\Illuminate\\Pipeline\\Pipeline.php(209): Illuminate\\View\\Middleware\\ShareErrorsFromSession->handle(Object(Illuminate\\Http\\Request), Object(Closure))
#35 C:\\Users\\62812\\Documents\\LARAVEL FUNDAMENTAL\\laravel vue ecommerce\\ecommerce\\vendor\\laravel\\framework\\src\\Illuminate\\Session\\Middleware\\StartSession.php(121): Illuminate\\Pipeline\\Pipeline->Illuminate\\Pipeline\\{closure}(Object(Illuminate\\Http\\Request))
#36 C:\\Users\\62812\\Documents\\LARAVEL FUNDAMENTAL\\laravel vue ecommerce\\ecommerce\\vendor\\laravel\\framework\\src\\Illuminate\\Session\\Middleware\\StartSession.php(64): Illuminate\\Session\\Middleware\\StartSession->handleStatefulRequest(Object(Illuminate\\Http\\Request), Object(Illuminate\\Session\\Store), Object(Closure))
#37 C:\\Users\\62812\\Documents\\LARAVEL FUNDAMENTAL\\laravel vue ecommerce\\ecommerce\\vendor\\laravel\\framework\\src\\Illuminate\\Pipeline\\Pipeline.php(209): Illuminate\\Session\\Middleware\\StartSession->handle(Object(Illuminate\\Http\\Request), Object(Closure))
#38 C:\\Users\\62812\\Documents\\LARAVEL FUNDAMENTAL\\laravel vue ecommerce\\ecommerce\\vendor\\laravel\\framework\\src\\Illuminate\\Cookie\\Middleware\\AddQueuedCookiesToResponse.php(37): Illuminate\\Pipeline\\Pipeline->Illuminate\\Pipeline\\{closure}(Object(Illuminate\\Http\\Request))
#39 C:\\Users\\62812\\Documents\\LARAVEL FUNDAMENTAL\\laravel vue ecommerce\\ecommerce\\vendor\\laravel\\framework\\src\\Illuminate\\Pipeline\\Pipeline.php(209): Illuminate\\Cookie\\Middleware\\AddQueuedCookiesToResponse->handle(Object(Illuminate\\Http\\Request), Object(Closure))
#40 C:\\Users\\62812\\Documents\\LARAVEL FUNDAMENTAL\\laravel vue ecommerce\\ecommerce\\vendor\\laravel\\framework\\src\\Illuminate\\Cookie\\Middleware\\EncryptCookies.php(75): Illuminate\\Pipeline\\Pipeline->Illuminate\\Pipeline\\{closure}(Object(Illuminate\\Http\\Request))
#41 C:\\Users\\62812\\Documents\\LARAVEL FUNDAMENTAL\\laravel vue ecommerce\\ecommerce\\vendor\\laravel\\framework\\src\\Illuminate\\Pipeline\\Pipeline.php(209): Illuminate\\Cookie\\Middleware\\EncryptCookies->handle(Object(Illuminate\\Http\\Request), Object(Closure))
#42 C:\\Users\\62812\\Documents\\LARAVEL FUNDAMENTAL\\laravel vue ecommerce\\ecommerce\\vendor\\laravel\\framework\\src\\Illuminate\\Pipeline\\Pipeline.php(127): Illuminate\\Pipeline\\Pipeline->Illuminate\\Pipeline\\{closure}(Object(Illuminate\\Http\\Request))
#43 C:\\Users\\62812\\Documents\\LARAVEL FUNDAMENTAL\\laravel vue ecommerce\\ecommerce\\vendor\\laravel\\framework\\src\\Illuminate\\Routing\\Router.php(807): Illuminate\\Pipeline\\Pipeline->then(Object(Closure))
#44 C:\\Users\\62812\\Documents\\LARAVEL FUNDAMENTAL\\laravel vue ecommerce\\ecommerce\\vendor\\laravel\\framework\\src\\Illuminate\\Routing\\Router.php(786): Illuminate\\Routing\\Router->runRouteWithinStack(Object(Illuminate\\Routing\\Route), Object(Illuminate\\Http\\Request))
#45 C:\\Users\\62812\\Documents\\LARAVEL FUNDAMENTAL\\laravel vue ecommerce\\ecommerce\\vendor\\laravel\\framework\\src\\Illuminate\\Routing\\Router.php(750): Illuminate\\Routing\\Router->runRoute(Object(Illuminate\\Http\\Request), Object(Illuminate\\Routing\\Route))
#46 C:\\Users\\62812\\Documents\\LARAVEL FUNDAMENTAL\\laravel vue ecommerce\\ecommerce\\vendor\\laravel\\framework\\src\\Illuminate\\Routing\\Router.php(739): Illuminate\\Routing\\Router->dispatchToRoute(Object(Illuminate\\Http\\Request))
#47 C:\\Users\\62812\\Documents\\LARAVEL FUNDAMENTAL\\laravel vue ecommerce\\ecommerce\\vendor\\laravel\\framework\\src\\Illuminate\\Foundation\\Http\\Kernel.php(201): Illuminate\\Routing\\Router->dispatch(Object(Illuminate\\Http\\Request))
#48 C:\\Users\\62812\\Documents\\LARAVEL FUNDAMENTAL\\laravel vue ecommerce\\ecommerce\\vendor\\laravel\\framework\\src\\Illuminate\\Pipeline\\Pipeline.php(170): Illuminate\\Foundation\\Http\\Kernel->Illuminate\\Foundation\\Http\\{closure}(Object(Illuminate\\Http\\Request))
#49 C:\\Users\\62812\\Documents\\LARAVEL FUNDAMENTAL\\laravel vue ecommerce\\ecommerce\\vendor\\laravel\\framework\\src\\Illuminate\\Foundation\\Http\\Middleware\\TransformsRequest.php(21): Illuminate\\Pipeline\\Pipeline->Illuminate\\Pipeline\\{closure}(Object(Illuminate\\Http\\Request))
#50 C:\\Users\\62812\\Documents\\LARAVEL FUNDAMENTAL\\laravel vue ecommerce\\ecommerce\\vendor\\laravel\\framework\\src\\Illuminate\\Foundation\\Http\\Middleware\\ConvertEmptyStringsToNull.php(31): Illuminate\\Foundation\\Http\\Middleware\\TransformsRequest->handle(Object(Illuminate\\Http\\Request), Object(Closure))
#51 C:\\Users\\62812\\Documents\\LARAVEL FUNDAMENTAL\\laravel vue ecommerce\\ecommerce\\vendor\\laravel\\framework\\src\\Illuminate\\Pipeline\\Pipeline.php(209): Illuminate\\Foundation\\Http\\Middleware\\ConvertEmptyStringsToNull->handle(Object(Illuminate\\Http\\Request), Object(Closure))
#52 C:\\Users\\62812\\Documents\\LARAVEL FUNDAMENTAL\\laravel vue ecommerce\\ecommerce\\vendor\\laravel\\framework\\src\\Illuminate\\Foundation\\Http\\Middleware\\TransformsRequest.php(21): Illuminate\\Pipeline\\Pipeline->Illuminate\\Pipeline\\{closure}(Object(Illuminate\\Http\\Request))
#53 C:\\Users\\62812\\Documents\\LARAVEL FUNDAMENTAL\\laravel vue ecommerce\\ecommerce\\vendor\\laravel\\framework\\src\\Illuminate\\Foundation\\Http\\Middleware\\TrimStrings.php(51): Illuminate\\Foundation\\Http\\Middleware\\TransformsRequest->handle(Object(Illuminate\\Http\\Request), Object(Closure))
#54 C:\\Users\\62812\\Documents\\LARAVEL FUNDAMENTAL\\laravel vue ecommerce\\ecommerce\\vendor\\laravel\\framework\\src\\Illuminate\\Pipeline\\Pipeline.php(209): Illuminate\\Foundation\\Http\\Middleware\\TrimStrings->handle(Object(Illuminate\\Http\\Request), Object(Closure))
#55 C:\\Users\\62812\\Documents\\LARAVEL FUNDAMENTAL\\laravel vue ecommerce\\ecommerce\\vendor\\laravel\\framework\\src\\Illuminate\\Http\\Middleware\\ValidatePostSize.php(27): Illuminate\\Pipeline\\Pipeline->Illuminate\\Pipeline\\{closure}(Object(Illuminate\\Http\\Request))
#56 C:\\Users\\62812\\Documents\\LARAVEL FUNDAMENTAL\\laravel vue ecommerce\\ecommerce\\vendor\\laravel\\framework\\src\\Illuminate\\Pipeline\\Pipeline.php(209): Illuminate\\Http\\Middleware\\ValidatePostSize->handle(Object(Illuminate\\Http\\Request), Object(Closure))
#57 C:\\Users\\62812\\Documents\\LARAVEL FUNDAMENTAL\\laravel vue ecommerce\\ecommerce\\vendor\\laravel\\framework\\src\\Illuminate\\Foundation\\Http\\Middleware\\PreventRequestsDuringMaintenance.php(110): Illuminate\\Pipeline\\Pipeline->Illuminate\\Pipeline\\{closure}(Object(Illuminate\\Http\\Request))
#58 C:\\Users\\62812\\Documents\\LARAVEL FUNDAMENTAL\\laravel vue ecommerce\\ecommerce\\vendor\\laravel\\framework\\src\\Illuminate\\Pipeline\\Pipeline.php(209): Illuminate\\Foundation\\Http\\Middleware\\PreventRequestsDuringMaintenance->handle(Object(Illuminate\\Http\\Request), Object(Closure))
#59 C:\\Users\\62812\\Documents\\LARAVEL FUNDAMENTAL\\laravel vue ecommerce\\ecommerce\\vendor\\laravel\\framework\\src\\Illuminate\\Http\\Middleware\\HandleCors.php(49): Illuminate\\Pipeline\\Pipeline->Illuminate\\Pipeline\\{closure}(Object(Illuminate\\Http\\Request))
#60 C:\\Users\\62812\\Documents\\LARAVEL FUNDAMENTAL\\laravel vue ecommerce\\ecommerce\\vendor\\laravel\\framework\\src\\Illuminate\\Pipeline\\Pipeline.php(209): Illuminate\\Http\\Middleware\\HandleCors->handle(Object(Illuminate\\Http\\Request), Object(Closure))
#61 C:\\Users\\62812\\Documents\\LARAVEL FUNDAMENTAL\\laravel vue ecommerce\\ecommerce\\vendor\\laravel\\framework\\src\\Illuminate\\Http\\Middleware\\TrustProxies.php(58): Illuminate\\Pipeline\\Pipeline->Illuminate\\Pipeline\\{closure}(Object(Illuminate\\Http\\Request))
#62 C:\\Users\\62812\\Documents\\LARAVEL FUNDAMENTAL\\laravel vue ecommerce\\ecommerce\\vendor\\laravel\\framework\\src\\Illuminate\\Pipeline\\Pipeline.php(209): Illuminate\\Http\\Middleware\\TrustProxies->handle(Object(Illuminate\\Http\\Request), Object(Closure))
#63 C:\\Users\\62812\\Documents\\LARAVEL FUNDAMENTAL\\laravel vue ecommerce\\ecommerce\\vendor\\laravel\\framework\\src\\Illuminate\\Foundation\\Http\\Middleware\\InvokeDeferredCallbacks.php(22): Illuminate\\Pipeline\\Pipeline->Illuminate\\Pipeline\\{closure}(Object(Illuminate\\Http\\Request))
#64 C:\\Users\\62812\\Documents\\LARAVEL FUNDAMENTAL\\laravel vue ecommerce\\ecommerce\\vendor\\laravel\\framework\\src\\Illuminate\\Pipeline\\Pipeline.php(209): Illuminate\\Foundation\\Http\\Middleware\\InvokeDeferredCallbacks->handle(Object(Illuminate\\Http\\Request), Object(Closure))
#65 C:\\Users\\62812\\Documents\\LARAVEL FUNDAMENTAL\\laravel vue ecommerce\\ecommerce\\vendor\\laravel\\framework\\src\\Illuminate\\Pipeline\\Pipeline.php(127): Illuminate\\Pipeline\\Pipeline->Illuminate\\Pipeline\\{closure}(Object(Illuminate\\Http\\Request))
#66 C:\\Users\\62812\\Documents\\LARAVEL FUNDAMENTAL\\laravel vue ecommerce\\ecommerce\\vendor\\laravel\\framework\\src\\Illuminate\\Foundation\\Http\\Kernel.php(176): Illuminate\\Pipeline\\Pipeline->then(Object(Closure))
#67 C:\\Users\\62812\\Documents\\LARAVEL FUNDAMENTAL\\laravel vue ecommerce\\ecommerce\\vendor\\laravel\\framework\\src\\Illuminate\\Foundation\\Http\\Kernel.php(145): Illuminate\\Foundation\\Http\\Kernel->sendRequestThroughRouter(Object(Illuminate\\Http\\Request))
#68 C:\\Users\\62812\\Documents\\LARAVEL FUNDAMENTAL\\laravel vue ecommerce\\ecommerce\\vendor\\laravel\\framework\\src\\Illuminate\\Foundation\\Application.php(1220): Illuminate\\Foundation\\Http\\Kernel->handle(Object(Illuminate\\Http\\Request))
#69 C:\\Users\\62812\\Documents\\LARAVEL FUNDAMENTAL\\laravel vue ecommerce\\ecommerce\\public\\index.php(17): Illuminate\\Foundation\\Application->handleRequest(Object(Illuminate\\Http\\Request))
#70 C:\\Users\\62812\\Documents\\LARAVEL FUNDAMENTAL\\laravel vue ecommerce\\ecommerce\\vendor\\laravel\\framework\\src\\Illuminate\\Foundation\\resources\\server.php(23): require_once('C:\\\\Users\\\\62812\\\\...')
#71 {main}
"} 
[2025-09-25 03:36:20] local.ERROR: syntax error, unexpected end of file {"view":{"view":"C:\\Users\\62812\\Documents\\LARAVEL FUNDAMENTAL\\laravel vue ecommerce\\ecommerce\\resources\\views\\layouts\\navigation.blade.php","data":{"errors":"<pre class=sf-dump id=sf-dump-82280709 data-indent-pad=\"  \"><span class=sf-dump-note>Illuminate\\Support\\ViewErrorBag</span> {<a class=sf-dump-ref>#1286</a><samp data-depth=1 class=sf-dump-expanded>
  #<span class=sf-dump-protected title=\"Protected property\">bags</span>: []
</samp>}
</pre><script>Sfdump(\"sf-dump-82280709\", {\"maxDepth\":3,\"maxStringLength\":160})</script>
","componentName":"<pre class=sf-dump id=sf-dump-1618482104 data-indent-pad=\"  \">\"<span class=sf-dump-str title=\"10 characters\">app-layout</span>\"
</pre><script>Sfdump(\"sf-dump-1618482104\", {\"maxDepth\":3,\"maxStringLength\":160})</script>
","attributes":"<pre class=sf-dump id=sf-dump-1074698424 data-indent-pad=\"  \"><span class=sf-dump-note>Illuminate\\View\\ComponentAttributeBag</span> {<a class=sf-dump-ref>#1308</a><samp data-depth=1 class=sf-dump-expanded>
  #<span class=sf-dump-protected title=\"Protected property\">attributes</span>: []
</samp>}
</pre><script>Sfdump(\"sf-dump-1074698424\", {\"maxDepth\":3,\"maxStringLength\":160})</script>
","ignoredParameterNames":"<pre class=sf-dump id=sf-dump-2043669593 data-indent-pad=\"  \"><span class=sf-dump-note>Illuminate\\View\\InvokableComponentVariable</span> {<a class=sf-dump-ref>#1322</a><samp data-depth=1 class=sf-dump-expanded>
  #<span class=sf-dump-protected title=\"Protected property\">callable</span>: <span class=sf-dump-note>Closure()</span> {<a class=sf-dump-ref>#1321</a><samp data-depth=2 class=sf-dump-compact>
    <span class=sf-dump-meta>class</span>: \"<span class=\"sf-dump-str sf-dump-ellipsization\" title=\"App\\View\\Components\\AppLayout
29 characters\"><span class=\"sf-dump-ellipsis sf-dump-ellipsis-class\">App\\View\\Components</span><span class=\"sf-dump-ellipsis sf-dump-ellipsis-class\">\\</span><span class=\"sf-dump-ellipsis-tail\">AppLayout</span></span>\"
    <span class=sf-dump-meta>this</span>: <span class=\"sf-dump-note sf-dump-ellipsization\" title=\"App\\View\\Components\\AppLayout
\"><span class=\"sf-dump-ellipsis sf-dump-ellipsis-note\">App\\View\\Components</span><span class=\"sf-dump-ellipsis sf-dump-ellipsis-note\">\\</span><span class=\"sf-dump-ellipsis-tail\">AppLayout</span></span> {<a class=sf-dump-ref>#1306</a> &#8230;}
    <span class=sf-dump-meta>use</span>: {<samp data-depth=3 class=sf-dump-compact>
      <span class=sf-dump-meta>$method</span>: \"<span class=sf-dump-str title=\"21 characters\">ignoredParameterNames</span>\"
    </samp>}
    <span class=sf-dump-meta>file</span>: \"<span class=\"sf-dump-str sf-dump-ellipsization\" title=\"C:\\Users\\62812\\Documents\\LARAVEL FUNDAMENTAL\\laravel vue ecommerce\\ecommerce\\vendor\\laravel\\framework\\src\\Illuminate\\View\\Component.php
135 characters\"><span class=\"sf-dump-ellipsis sf-dump-ellipsis-path\">C:\\Users\\62812\\Documents\\LARAVEL FUNDAMENTAL\\laravel vue ecommerce\\ecommerce\\vendor</span><span class=\"sf-dump-ellipsis sf-dump-ellipsis-path\">\\laravel\\framework\\</span><span class=\"sf-dump-ellipsis-tail\">src\\Illuminate\\View\\Component.php</span></span>\"
    <span class=sf-dump-meta>line</span>: \"<span class=sf-dump-str title=\"10 characters\">303 to 305</span>\"
  </samp>}
</samp>}
</pre><script>Sfdump(\"sf-dump-2043669593\", {\"maxDepth\":3,\"maxStringLength\":160})</script>
","slot":"<pre class=sf-dump id=sf-dump-1854101169 data-indent-pad=\"  \"><span class=sf-dump-note>Illuminate\\View\\ComponentSlot</span> {<a class=sf-dump-ref>#1309</a><samp data-depth=1 class=sf-dump-expanded>
  +<span class=sf-dump-public title=\"Public property\">attributes</span>: <span class=\"sf-dump-note sf-dump-ellipsization\" title=\"Illuminate\\View\\ComponentAttributeBag
\"><span class=\"sf-dump-ellipsis sf-dump-ellipsis-note\">Illuminate\\View</span><span class=\"sf-dump-ellipsis sf-dump-ellipsis-note\">\\</span><span class=\"sf-dump-ellipsis-tail\">ComponentAttributeBag</span></span> {<a class=sf-dump-ref>#1319</a><samp data-depth=2 class=sf-dump-compact>
    #<span class=sf-dump-protected title=\"Protected property\">attributes</span>: []
  </samp>}
  #<span class=sf-dump-protected title=\"Protected property\">contents</span>: \"<span class=sf-dump-str title=\"7 characters\">welcome</span>\"
</samp>}
</pre><script>Sfdump(\"sf-dump-1854101169\", {\"maxDepth\":3,\"maxStringLength\":160})</script>
","__laravel_slots":"<pre class=sf-dump id=sf-dump-2132391744 data-indent-pad=\"  \"><span class=sf-dump-note>array:1</span> [<samp data-depth=1 class=sf-dump-expanded>
  \"<span class=sf-dump-key>__default</span>\" => <span class=\"sf-dump-note sf-dump-ellipsization\" title=\"Illuminate\\View\\ComponentSlot
\"><span class=\"sf-dump-ellipsis sf-dump-ellipsis-note\">Illuminate\\View</span><span class=\"sf-dump-ellipsis sf-dump-ellipsis-note\">\\</span><span class=\"sf-dump-ellipsis-tail\">ComponentSlot</span></span> {<a class=sf-dump-ref>#1309</a><samp data-depth=2 class=sf-dump-compact>
    +<span class=sf-dump-public title=\"Public property\">attributes</span>: <span class=\"sf-dump-note sf-dump-ellipsization\" title=\"Illuminate\\View\\ComponentAttributeBag
\"><span class=\"sf-dump-ellipsis sf-dump-ellipsis-note\">Illuminate\\View</span><span class=\"sf-dump-ellipsis sf-dump-ellipsis-note\">\\</span><span class=\"sf-dump-ellipsis-tail\">ComponentAttributeBag</span></span> {<a class=sf-dump-ref>#1319</a><samp data-depth=3 class=sf-dump-compact>
      #<span class=sf-dump-protected title=\"Protected property\">attributes</span>: []
    </samp>}
    #<span class=sf-dump-protected title=\"Protected property\">contents</span>: \"<span class=sf-dump-str title=\"7 characters\">welcome</span>\"
  </samp>}
</samp>]
</pre><script>Sfdump(\"sf-dump-2132391744\", {\"maxDepth\":3,\"maxStringLength\":160})</script>
"}},"exception":"[object] (Spatie\\LaravelIgnition\\Exceptions\\ViewException(code: 0): syntax error, unexpected end of file at C:\\Users\\62812\\Documents\\LARAVEL FUNDAMENTAL\\laravel vue ecommerce\\ecommerce\\resources\\views\\layouts\\navigation.blade.php:217)
[stacktrace]
#0 C:\\Users\\62812\\Documents\\LARAVEL FUNDAMENTAL\\laravel vue ecommerce\\ecommerce\\vendor\\laravel\\framework\\src\\Illuminate\\Filesystem\\Filesystem.php(123): require('C:\\\\Users\\\\62812\\\\...')
#1 C:\\Users\\62812\\Documents\\LARAVEL FUNDAMENTAL\\laravel vue ecommerce\\ecommerce\\vendor\\laravel\\framework\\src\\Illuminate\\Filesystem\\Filesystem.php(124): Illuminate\\Filesystem\\Filesystem::Illuminate\\Filesystem\\{closure}()
#2 C:\\Users\\62812\\Documents\\LARAVEL FUNDAMENTAL\\laravel vue ecommerce\\ecommerce\\vendor\\laravel\\framework\\src\\Illuminate\\View\\Engines\\PhpEngine.php(58): Illuminate\\Filesystem\\Filesystem->getRequire('C:\\\\Users\\\\62812\\\\...', Array)
#3 C:\\Users\\62812\\Documents\\LARAVEL FUNDAMENTAL\\laravel vue ecommerce\\ecommerce\\vendor\\laravel\\framework\\src\\Illuminate\\View\\Engines\\CompilerEngine.php(75): Illuminate\\View\\Engines\\PhpEngine->evaluatePath('C:\\\\Users\\\\62812\\\\...', Array)
#4 C:\\Users\\62812\\Documents\\LARAVEL FUNDAMENTAL\\laravel vue ecommerce\\ecommerce\\vendor\\laravel\\framework\\src\\Illuminate\\View\\View.php(209): Illuminate\\View\\Engines\\CompilerEngine->get('C:\\\\Users\\\\62812\\\\...', Array)
#5 C:\\Users\\62812\\Documents\\LARAVEL FUNDAMENTAL\\laravel vue ecommerce\\ecommerce\\vendor\\laravel\\framework\\src\\Illuminate\\View\\View.php(192): Illuminate\\View\\View->getContents()
#6 C:\\Users\\62812\\Documents\\LARAVEL FUNDAMENTAL\\laravel vue ecommerce\\ecommerce\\vendor\\laravel\\framework\\src\\Illuminate\\View\\View.php(161): Illuminate\\View\\View->renderContents()
#7 C:\\Users\\62812\\Documents\\LARAVEL FUNDAMENTAL\\laravel vue ecommerce\\ecommerce\\vendor\\laravel\\framework\\src\\Illuminate\\View\\Concerns\\ManagesComponents.php(99): Illuminate\\View\\View->render()
#8 C:\\Users\\62812\\Documents\\LARAVEL FUNDAMENTAL\\laravel vue ecommerce\\ecommerce\\resources\\views\\welcome.blade.php(1): Illuminate\\View\\Factory->renderComponent()
#9 C:\\Users\\62812\\Documents\\LARAVEL FUNDAMENTAL\\laravel vue ecommerce\\ecommerce\\vendor\\laravel\\framework\\src\\Illuminate\\Filesystem\\Filesystem.php(123): require('C:\\\\Users\\\\62812\\\\...')
#10 C:\\Users\\62812\\Documents\\LARAVEL FUNDAMENTAL\\laravel vue ecommerce\\ecommerce\\vendor\\laravel\\framework\\src\\Illuminate\\Filesystem\\Filesystem.php(124): Illuminate\\Filesystem\\Filesystem::Illuminate\\Filesystem\\{closure}()
#11 C:\\Users\\62812\\Documents\\LARAVEL FUNDAMENTAL\\laravel vue ecommerce\\ecommerce\\vendor\\laravel\\framework\\src\\Illuminate\\View\\Engines\\PhpEngine.php(58): Illuminate\\Filesystem\\Filesystem->getRequire('C:\\\\Users\\\\62812\\\\...', Array)
#12 C:\\Users\\62812\\Documents\\LARAVEL FUNDAMENTAL\\laravel vue ecommerce\\ecommerce\\vendor\\laravel\\framework\\src\\Illuminate\\View\\Engines\\CompilerEngine.php(75): Illuminate\\View\\Engines\\PhpEngine->evaluatePath('C:\\\\Users\\\\62812\\\\...', Array)
#13 C:\\Users\\62812\\Documents\\LARAVEL FUNDAMENTAL\\laravel vue ecommerce\\ecommerce\\vendor\\laravel\\framework\\src\\Illuminate\\View\\View.php(209): Illuminate\\View\\Engines\\CompilerEngine->get('C:\\\\Users\\\\62812\\\\...', Array)
#14 C:\\Users\\62812\\Documents\\LARAVEL FUNDAMENTAL\\laravel vue ecommerce\\ecommerce\\vendor\\laravel\\framework\\src\\Illuminate\\View\\View.php(192): Illuminate\\View\\View->getContents()
#15 C:\\Users\\62812\\Documents\\LARAVEL FUNDAMENTAL\\laravel vue ecommerce\\ecommerce\\vendor\\laravel\\framework\\src\\Illuminate\\View\\View.php(161): Illuminate\\View\\View->renderContents()
#16 C:\\Users\\62812\\Documents\\LARAVEL FUNDAMENTAL\\laravel vue ecommerce\\ecommerce\\vendor\\laravel\\framework\\src\\Illuminate\\Http\\Response.php(79): Illuminate\\View\\View->render()
#17 C:\\Users\\62812\\Documents\\LARAVEL FUNDAMENTAL\\laravel vue ecommerce\\ecommerce\\vendor\\laravel\\framework\\src\\Illuminate\\Http\\Response.php(35): Illuminate\\Http\\Response->setContent(Object(Illuminate\\View\\View))
#18 C:\\Users\\62812\\Documents\\LARAVEL FUNDAMENTAL\\laravel vue ecommerce\\ecommerce\\vendor\\laravel\\framework\\src\\Illuminate\\Routing\\Router.php(920): Illuminate\\Http\\Response->__construct(Object(Illuminate\\View\\View), 200, Array)
#19 C:\\Users\\62812\\Documents\\LARAVEL FUNDAMENTAL\\laravel vue ecommerce\\ecommerce\\vendor\\laravel\\framework\\src\\Illuminate\\Routing\\Router.php(887): Illuminate\\Routing\\Router::toResponse(Object(Illuminate\\Http\\Request), Object(Illuminate\\View\\View))
#20 C:\\Users\\62812\\Documents\\LARAVEL FUNDAMENTAL\\laravel vue ecommerce\\ecommerce\\vendor\\laravel\\framework\\src\\Illuminate\\Routing\\Router.php(807): Illuminate\\Routing\\Router->prepareResponse(Object(Illuminate\\Http\\Request), Object(Illuminate\\View\\View))
#21 C:\\Users\\62812\\Documents\\LARAVEL FUNDAMENTAL\\laravel vue ecommerce\\ecommerce\\vendor\\laravel\\framework\\src\\Illuminate\\Pipeline\\Pipeline.php(170): Illuminate\\Routing\\Router->Illuminate\\Routing\\{closure}(Object(Illuminate\\Http\\Request))
#22 C:\\Users\\62812\\Documents\\LARAVEL FUNDAMENTAL\\laravel vue ecommerce\\ecommerce\\vendor\\laravel\\framework\\src\\Illuminate\\Routing\\Middleware\\SubstituteBindings.php(51): Illuminate\\Pipeline\\Pipeline->Illuminate\\Pipeline\\{closure}(Object(Illuminate\\Http\\Request))
#23 C:\\Users\\62812\\Documents\\LARAVEL FUNDAMENTAL\\laravel vue ecommerce\\ecommerce\\vendor\\laravel\\framework\\src\\Illuminate\\Pipeline\\Pipeline.php(209): Illuminate\\Routing\\Middleware\\SubstituteBindings->handle(Object(Illuminate\\Http\\Request), Object(Closure))
#24 C:\\Users\\62812\\Documents\\LARAVEL FUNDAMENTAL\\laravel vue ecommerce\\ecommerce\\vendor\\laravel\\framework\\src\\Illuminate\\Foundation\\Http\\Middleware\\VerifyCsrfToken.php(88): Illuminate\\Pipeline\\Pipeline->Illuminate\\Pipeline\\{closure}(Object(Illuminate\\Http\\Request))
#25 C:\\Users\\62812\\Documents\\LARAVEL FUNDAMENTAL\\laravel vue ecommerce\\ecommerce\\vendor\\laravel\\framework\\src\\Illuminate\\Pipeline\\Pipeline.php(209): Illuminate\\Foundation\\Http\\Middleware\\VerifyCsrfToken->handle(Object(Illuminate\\Http\\Request), Object(Closure))
#26 C:\\Users\\62812\\Documents\\LARAVEL FUNDAMENTAL\\laravel vue ecommerce\\ecommerce\\vendor\\laravel\\framework\\src\\Illuminate\\View\\Middleware\\ShareErrorsFromSession.php(49): Illuminate\\Pipeline\\Pipeline->Illuminate\\Pipeline\\{closure}(Object(Illuminate\\Http\\Request))
#27 C:\\Users\\62812\\Documents\\LARAVEL FUNDAMENTAL\\laravel vue ecommerce\\ecommerce\\vendor\\laravel\\framework\\src\\Illuminate\\Pipeline\\Pipeline.php(209): Illuminate\\View\\Middleware\\ShareErrorsFromSession->handle(Object(Illuminate\\Http\\Request), Object(Closure))
#28 C:\\Users\\62812\\Documents\\LARAVEL FUNDAMENTAL\\laravel vue ecommerce\\ecommerce\\vendor\\laravel\\framework\\src\\Illuminate\\Session\\Middleware\\StartSession.php(121): Illuminate\\Pipeline\\Pipeline->Illuminate\\Pipeline\\{closure}(Object(Illuminate\\Http\\Request))
#29 C:\\Users\\62812\\Documents\\LARAVEL FUNDAMENTAL\\laravel vue ecommerce\\ecommerce\\vendor\\laravel\\framework\\src\\Illuminate\\Session\\Middleware\\StartSession.php(64): Illuminate\\Session\\Middleware\\StartSession->handleStatefulRequest(Object(Illuminate\\Http\\Request), Object(Illuminate\\Session\\Store), Object(Closure))
#30 C:\\Users\\62812\\Documents\\LARAVEL FUNDAMENTAL\\laravel vue ecommerce\\ecommerce\\vendor\\laravel\\framework\\src\\Illuminate\\Pipeline\\Pipeline.php(209): Illuminate\\Session\\Middleware\\StartSession->handle(Object(Illuminate\\Http\\Request), Object(Closure))
#31 C:\\Users\\62812\\Documents\\LARAVEL FUNDAMENTAL\\laravel vue ecommerce\\ecommerce\\vendor\\laravel\\framework\\src\\Illuminate\\Cookie\\Middleware\\AddQueuedCookiesToResponse.php(37): Illuminate\\Pipeline\\Pipeline->Illuminate\\Pipeline\\{closure}(Object(Illuminate\\Http\\Request))
#32 C:\\Users\\62812\\Documents\\LARAVEL FUNDAMENTAL\\laravel vue ecommerce\\ecommerce\\vendor\\laravel\\framework\\src\\Illuminate\\Pipeline\\Pipeline.php(209): Illuminate\\Cookie\\Middleware\\AddQueuedCookiesToResponse->handle(Object(Illuminate\\Http\\Request), Object(Closure))
#33 C:\\Users\\62812\\Documents\\LARAVEL FUNDAMENTAL\\laravel vue ecommerce\\ecommerce\\vendor\\laravel\\framework\\src\\Illuminate\\Cookie\\Middleware\\EncryptCookies.php(75): Illuminate\\Pipeline\\Pipeline->Illuminate\\Pipeline\\{closure}(Object(Illuminate\\Http\\Request))
#34 C:\\Users\\62812\\Documents\\LARAVEL FUNDAMENTAL\\laravel vue ecommerce\\ecommerce\\vendor\\laravel\\framework\\src\\Illuminate\\Pipeline\\Pipeline.php(209): Illuminate\\Cookie\\Middleware\\EncryptCookies->handle(Object(Illuminate\\Http\\Request), Object(Closure))
#35 C:\\Users\\62812\\Documents\\LARAVEL FUNDAMENTAL\\laravel vue ecommerce\\ecommerce\\vendor\\laravel\\framework\\src\\Illuminate\\Pipeline\\Pipeline.php(127): Illuminate\\Pipeline\\Pipeline->Illuminate\\Pipeline\\{closure}(Object(Illuminate\\Http\\Request))
#36 C:\\Users\\62812\\Documents\\LARAVEL FUNDAMENTAL\\laravel vue ecommerce\\ecommerce\\vendor\\laravel\\framework\\src\\Illuminate\\Routing\\Router.php(807): Illuminate\\Pipeline\\Pipeline->then(Object(Closure))
#37 C:\\Users\\62812\\Documents\\LARAVEL FUNDAMENTAL\\laravel vue ecommerce\\ecommerce\\vendor\\laravel\\framework\\src\\Illuminate\\Routing\\Router.php(786): Illuminate\\Routing\\Router->runRouteWithinStack(Object(Illuminate\\Routing\\Route), Object(Illuminate\\Http\\Request))
#38 C:\\Users\\62812\\Documents\\LARAVEL FUNDAMENTAL\\laravel vue ecommerce\\ecommerce\\vendor\\laravel\\framework\\src\\Illuminate\\Routing\\Router.php(750): Illuminate\\Routing\\Router->runRoute(Object(Illuminate\\Http\\Request), Object(Illuminate\\Routing\\Route))
#39 C:\\Users\\62812\\Documents\\LARAVEL FUNDAMENTAL\\laravel vue ecommerce\\ecommerce\\vendor\\laravel\\framework\\src\\Illuminate\\Routing\\Router.php(739): Illuminate\\Routing\\Router->dispatchToRoute(Object(Illuminate\\Http\\Request))
#40 C:\\Users\\62812\\Documents\\LARAVEL FUNDAMENTAL\\laravel vue ecommerce\\ecommerce\\vendor\\laravel\\framework\\src\\Illuminate\\Foundation\\Http\\Kernel.php(201): Illuminate\\Routing\\Router->dispatch(Object(Illuminate\\Http\\Request))
#41 C:\\Users\\62812\\Documents\\LARAVEL FUNDAMENTAL\\laravel vue ecommerce\\ecommerce\\vendor\\laravel\\framework\\src\\Illuminate\\Pipeline\\Pipeline.php(170): Illuminate\\Foundation\\Http\\Kernel->Illuminate\\Foundation\\Http\\{closure}(Object(Illuminate\\Http\\Request))
#42 C:\\Users\\62812\\Documents\\LARAVEL FUNDAMENTAL\\laravel vue ecommerce\\ecommerce\\vendor\\laravel\\framework\\src\\Illuminate\\Foundation\\Http\\Middleware\\TransformsRequest.php(21): Illuminate\\Pipeline\\Pipeline->Illuminate\\Pipeline\\{closure}(Object(Illuminate\\Http\\Request))
#43 C:\\Users\\62812\\Documents\\LARAVEL FUNDAMENTAL\\laravel vue ecommerce\\ecommerce\\vendor\\laravel\\framework\\src\\Illuminate\\Foundation\\Http\\Middleware\\ConvertEmptyStringsToNull.php(31): Illuminate\\Foundation\\Http\\Middleware\\TransformsRequest->handle(Object(Illuminate\\Http\\Request), Object(Closure))
#44 C:\\Users\\62812\\Documents\\LARAVEL FUNDAMENTAL\\laravel vue ecommerce\\ecommerce\\vendor\\laravel\\framework\\src\\Illuminate\\Pipeline\\Pipeline.php(209): Illuminate\\Foundation\\Http\\Middleware\\ConvertEmptyStringsToNull->handle(Object(Illuminate\\Http\\Request), Object(Closure))
#45 C:\\Users\\62812\\Documents\\LARAVEL FUNDAMENTAL\\laravel vue ecommerce\\ecommerce\\vendor\\laravel\\framework\\src\\Illuminate\\Foundation\\Http\\Middleware\\TransformsRequest.php(21): Illuminate\\Pipeline\\Pipeline->Illuminate\\Pipeline\\{closure}(Object(Illuminate\\Http\\Request))
#46 C:\\Users\\62812\\Documents\\LARAVEL FUNDAMENTAL\\laravel vue ecommerce\\ecommerce\\vendor\\laravel\\framework\\src\\Illuminate\\Foundation\\Http\\Middleware\\TrimStrings.php(51): Illuminate\\Foundation\\Http\\Middleware\\TransformsRequest->handle(Object(Illuminate\\Http\\Request), Object(Closure))
#47 C:\\Users\\62812\\Documents\\LARAVEL FUNDAMENTAL\\laravel vue ecommerce\\ecommerce\\vendor\\laravel\\framework\\src\\Illuminate\\Pipeline\\Pipeline.php(209): Illuminate\\Foundation\\Http\\Middleware\\TrimStrings->handle(Object(Illuminate\\Http\\Request), Object(Closure))
#48 C:\\Users\\62812\\Documents\\LARAVEL FUNDAMENTAL\\laravel vue ecommerce\\ecommerce\\vendor\\laravel\\framework\\src\\Illuminate\\Http\\Middleware\\ValidatePostSize.php(27): Illuminate\\Pipeline\\Pipeline->Illuminate\\Pipeline\\{closure}(Object(Illuminate\\Http\\Request))
#49 C:\\Users\\62812\\Documents\\LARAVEL FUNDAMENTAL\\laravel vue ecommerce\\ecommerce\\vendor\\laravel\\framework\\src\\Illuminate\\Pipeline\\Pipeline.php(209): Illuminate\\Http\\Middleware\\ValidatePostSize->handle(Object(Illuminate\\Http\\Request), Object(Closure))
#50 C:\\Users\\62812\\Documents\\LARAVEL FUNDAMENTAL\\laravel vue ecommerce\\ecommerce\\vendor\\laravel\\framework\\src\\Illuminate\\Foundation\\Http\\Middleware\\PreventRequestsDuringMaintenance.php(110): Illuminate\\Pipeline\\Pipeline->Illuminate\\Pipeline\\{closure}(Object(Illuminate\\Http\\Request))
#51 C:\\Users\\62812\\Documents\\LARAVEL FUNDAMENTAL\\laravel vue ecommerce\\ecommerce\\vendor\\laravel\\framework\\src\\Illuminate\\Pipeline\\Pipeline.php(209): Illuminate\\Foundation\\Http\\Middleware\\PreventRequestsDuringMaintenance->handle(Object(Illuminate\\Http\\Request), Object(Closure))
#52 C:\\Users\\62812\\Documents\\LARAVEL FUNDAMENTAL\\laravel vue ecommerce\\ecommerce\\vendor\\laravel\\framework\\src\\Illuminate\\Http\\Middleware\\HandleCors.php(49): Illuminate\\Pipeline\\Pipeline->Illuminate\\Pipeline\\{closure}(Object(Illuminate\\Http\\Request))
#53 C:\\Users\\62812\\Documents\\LARAVEL FUNDAMENTAL\\laravel vue ecommerce\\ecommerce\\vendor\\laravel\\framework\\src\\Illuminate\\Pipeline\\Pipeline.php(209): Illuminate\\Http\\Middleware\\HandleCors->handle(Object(Illuminate\\Http\\Request), Object(Closure))
#54 C:\\Users\\62812\\Documents\\LARAVEL FUNDAMENTAL\\laravel vue ecommerce\\ecommerce\\vendor\\laravel\\framework\\src\\Illuminate\\Http\\Middleware\\TrustProxies.php(58): Illuminate\\Pipeline\\Pipeline->Illuminate\\Pipeline\\{closure}(Object(Illuminate\\Http\\Request))
#55 C:\\Users\\62812\\Documents\\LARAVEL FUNDAMENTAL\\laravel vue ecommerce\\ecommerce\\vendor\\laravel\\framework\\src\\Illuminate\\Pipeline\\Pipeline.php(209): Illuminate\\Http\\Middleware\\TrustProxies->handle(Object(Illuminate\\Http\\Request), Object(Closure))
#56 C:\\Users\\62812\\Documents\\LARAVEL FUNDAMENTAL\\laravel vue ecommerce\\ecommerce\\vendor\\laravel\\framework\\src\\Illuminate\\Foundation\\Http\\Middleware\\InvokeDeferredCallbacks.php(22): Illuminate\\Pipeline\\Pipeline->Illuminate\\Pipeline\\{closure}(Object(Illuminate\\Http\\Request))
#57 C:\\Users\\62812\\Documents\\LARAVEL FUNDAMENTAL\\laravel vue ecommerce\\ecommerce\\vendor\\laravel\\framework\\src\\Illuminate\\Pipeline\\Pipeline.php(209): Illuminate\\Foundation\\Http\\Middleware\\InvokeDeferredCallbacks->handle(Object(Illuminate\\Http\\Request), Object(Closure))
#58 C:\\Users\\62812\\Documents\\LARAVEL FUNDAMENTAL\\laravel vue ecommerce\\ecommerce\\vendor\\laravel\\framework\\src\\Illuminate\\Pipeline\\Pipeline.php(127): Illuminate\\Pipeline\\Pipeline->Illuminate\\Pipeline\\{closure}(Object(Illuminate\\Http\\Request))
#59 C:\\Users\\62812\\Documents\\LARAVEL FUNDAMENTAL\\laravel vue ecommerce\\ecommerce\\vendor\\laravel\\framework\\src\\Illuminate\\Foundation\\Http\\Kernel.php(176): Illuminate\\Pipeline\\Pipeline->then(Object(Closure))
#60 C:\\Users\\62812\\Documents\\LARAVEL FUNDAMENTAL\\laravel vue ecommerce\\ecommerce\\vendor\\laravel\\framework\\src\\Illuminate\\Foundation\\Http\\Kernel.php(145): Illuminate\\Foundation\\Http\\Kernel->sendRequestThroughRouter(Object(Illuminate\\Http\\Request))
#61 C:\\Users\\62812\\Documents\\LARAVEL FUNDAMENTAL\\laravel vue ecommerce\\ecommerce\\vendor\\laravel\\framework\\src\\Illuminate\\Foundation\\Application.php(1220): Illuminate\\Foundation\\Http\\Kernel->handle(Object(Illuminate\\Http\\Request))
#62 C:\\Users\\62812\\Documents\\LARAVEL FUNDAMENTAL\\laravel vue ecommerce\\ecommerce\\public\\index.php(17): Illuminate\\Foundation\\Application->handleRequest(Object(Illuminate\\Http\\Request))
#63 C:\\Users\\62812\\Documents\\LARAVEL FUNDAMENTAL\\laravel vue ecommerce\\ecommerce\\vendor\\laravel\\framework\\src\\Illuminate\\Foundation\\resources\\server.php(23): require_once('C:\\\\Users\\\\62812\\\\...')
#64 {main}

[previous exception] [object] (ParseError(code: 0): syntax error, unexpected end of file at C:\\Users\\62812\\Documents\\LARAVEL FUNDAMENTAL\\laravel vue ecommerce\\ecommerce\\storage\\framework\\views\\6ab588b43760987b97a79ebf9f80de33.php:223)
[stacktrace]
#0 C:\\Users\\62812\\Documents\\LARAVEL FUNDAMENTAL\\laravel vue ecommerce\\ecommerce\\vendor\\laravel\\framework\\src\\Illuminate\\Filesystem\\Filesystem.php(124): Illuminate\\Filesystem\\Filesystem::Illuminate\\Filesystem\\{closure}()
#1 C:\\Users\\62812\\Documents\\LARAVEL FUNDAMENTAL\\laravel vue ecommerce\\ecommerce\\vendor\\laravel\\framework\\src\\Illuminate\\View\\Engines\\PhpEngine.php(58): Illuminate\\Filesystem\\Filesystem->getRequire('C:\\\\Users\\\\62812\\\\...', Array)
#2 C:\\Users\\62812\\Documents\\LARAVEL FUNDAMENTAL\\laravel vue ecommerce\\ecommerce\\vendor\\laravel\\framework\\src\\Illuminate\\View\\Engines\\CompilerEngine.php(75): Illuminate\\View\\Engines\\PhpEngine->evaluatePath('C:\\\\Users\\\\62812\\\\...', Array)
#3 C:\\Users\\62812\\Documents\\LARAVEL FUNDAMENTAL\\laravel vue ecommerce\\ecommerce\\vendor\\laravel\\framework\\src\\Illuminate\\View\\View.php(209): Illuminate\\View\\Engines\\CompilerEngine->get('C:\\\\Users\\\\62812\\\\...', Array)
#4 C:\\Users\\62812\\Documents\\LARAVEL FUNDAMENTAL\\laravel vue ecommerce\\ecommerce\\vendor\\laravel\\framework\\src\\Illuminate\\View\\View.php(192): Illuminate\\View\\View->getContents()
#5 C:\\Users\\62812\\Documents\\LARAVEL FUNDAMENTAL\\laravel vue ecommerce\\ecommerce\\vendor\\laravel\\framework\\src\\Illuminate\\View\\View.php(161): Illuminate\\View\\View->renderContents()
#6 C:\\Users\\62812\\Documents\\LARAVEL FUNDAMENTAL\\laravel vue ecommerce\\ecommerce\\storage\\framework\\views\\abf812e0c61f495834822098d3a19595.php(21): Illuminate\\View\\View->render()
#7 C:\\Users\\62812\\Documents\\LARAVEL FUNDAMENTAL\\laravel vue ecommerce\\ecommerce\\vendor\\laravel\\framework\\src\\Illuminate\\Filesystem\\Filesystem.php(123): require('C:\\\\Users\\\\62812\\\\...')
#8 C:\\Users\\62812\\Documents\\LARAVEL FUNDAMENTAL\\laravel vue ecommerce\\ecommerce\\vendor\\laravel\\framework\\src\\Illuminate\\Filesystem\\Filesystem.php(124): Illuminate\\Filesystem\\Filesystem::Illuminate\\Filesystem\\{closure}()
#9 C:\\Users\\62812\\Documents\\LARAVEL FUNDAMENTAL\\laravel vue ecommerce\\ecommerce\\vendor\\laravel\\framework\\src\\Illuminate\\View\\Engines\\PhpEngine.php(58): Illuminate\\Filesystem\\Filesystem->getRequire('C:\\\\Users\\\\62812\\\\...', Array)
#10 C:\\Users\\62812\\Documents\\LARAVEL FUNDAMENTAL\\laravel vue ecommerce\\ecommerce\\vendor\\laravel\\framework\\src\\Illuminate\\View\\Engines\\CompilerEngine.php(75): Illuminate\\View\\Engines\\PhpEngine->evaluatePath('C:\\\\Users\\\\62812\\\\...', Array)
#11 C:\\Users\\62812\\Documents\\LARAVEL FUNDAMENTAL\\laravel vue ecommerce\\ecommerce\\vendor\\laravel\\framework\\src\\Illuminate\\View\\View.php(209): Illuminate\\View\\Engines\\CompilerEngine->get('C:\\\\Users\\\\62812\\\\...', Array)
#12 C:\\Users\\62812\\Documents\\LARAVEL FUNDAMENTAL\\laravel vue ecommerce\\ecommerce\\vendor\\laravel\\framework\\src\\Illuminate\\View\\View.php(192): Illuminate\\View\\View->getContents()
#13 C:\\Users\\62812\\Documents\\LARAVEL FUNDAMENTAL\\laravel vue ecommerce\\ecommerce\\vendor\\laravel\\framework\\src\\Illuminate\\View\\View.php(161): Illuminate\\View\\View->renderContents()
#14 C:\\Users\\62812\\Documents\\LARAVEL FUNDAMENTAL\\laravel vue ecommerce\\ecommerce\\vendor\\laravel\\framework\\src\\Illuminate\\View\\Concerns\\ManagesComponents.php(99): Illuminate\\View\\View->render()
#15 C:\\Users\\62812\\Documents\\LARAVEL FUNDAMENTAL\\laravel vue ecommerce\\ecommerce\\storage\\framework\\views\\81f2304a786e2dfc849130d6323387df.php(12): Illuminate\\View\\Factory->renderComponent()
#16 C:\\Users\\62812\\Documents\\LARAVEL FUNDAMENTAL\\laravel vue ecommerce\\ecommerce\\vendor\\laravel\\framework\\src\\Illuminate\\Filesystem\\Filesystem.php(123): require('C:\\\\Users\\\\62812\\\\...')
#17 C:\\Users\\62812\\Documents\\LARAVEL FUNDAMENTAL\\laravel vue ecommerce\\ecommerce\\vendor\\laravel\\framework\\src\\Illuminate\\Filesystem\\Filesystem.php(124): Illuminate\\Filesystem\\Filesystem::Illuminate\\Filesystem\\{closure}()
#18 C:\\Users\\62812\\Documents\\LARAVEL FUNDAMENTAL\\laravel vue ecommerce\\ecommerce\\vendor\\laravel\\framework\\src\\Illuminate\\View\\Engines\\PhpEngine.php(58): Illuminate\\Filesystem\\Filesystem->getRequire('C:\\\\Users\\\\62812\\\\...', Array)
#19 C:\\Users\\62812\\Documents\\LARAVEL FUNDAMENTAL\\laravel vue ecommerce\\ecommerce\\vendor\\laravel\\framework\\src\\Illuminate\\View\\Engines\\CompilerEngine.php(75): Illuminate\\View\\Engines\\PhpEngine->evaluatePath('C:\\\\Users\\\\62812\\\\...', Array)
#20 C:\\Users\\62812\\Documents\\LARAVEL FUNDAMENTAL\\laravel vue ecommerce\\ecommerce\\vendor\\laravel\\framework\\src\\Illuminate\\View\\View.php(209): Illuminate\\View\\Engines\\CompilerEngine->get('C:\\\\Users\\\\62812\\\\...', Array)
#21 C:\\Users\\62812\\Documents\\LARAVEL FUNDAMENTAL\\laravel vue ecommerce\\ecommerce\\vendor\\laravel\\framework\\src\\Illuminate\\View\\View.php(192): Illuminate\\View\\View->getContents()
#22 C:\\Users\\62812\\Documents\\LARAVEL FUNDAMENTAL\\laravel vue ecommerce\\ecommerce\\vendor\\laravel\\framework\\src\\Illuminate\\View\\View.php(161): Illuminate\\View\\View->renderContents()
#23 C:\\Users\\62812\\Documents\\LARAVEL FUNDAMENTAL\\laravel vue ecommerce\\ecommerce\\vendor\\laravel\\framework\\src\\Illuminate\\Http\\Response.php(79): Illuminate\\View\\View->render()
#24 C:\\Users\\62812\\Documents\\LARAVEL FUNDAMENTAL\\laravel vue ecommerce\\ecommerce\\vendor\\laravel\\framework\\src\\Illuminate\\Http\\Response.php(35): Illuminate\\Http\\Response->setContent(Object(Illuminate\\View\\View))
#25 C:\\Users\\62812\\Documents\\LARAVEL FUNDAMENTAL\\laravel vue ecommerce\\ecommerce\\vendor\\laravel\\framework\\src\\Illuminate\\Routing\\Router.php(920): Illuminate\\Http\\Response->__construct(Object(Illuminate\\View\\View), 200, Array)
#26 C:\\Users\\62812\\Documents\\LARAVEL FUNDAMENTAL\\laravel vue ecommerce\\ecommerce\\vendor\\laravel\\framework\\src\\Illuminate\\Routing\\Router.php(887): Illuminate\\Routing\\Router::toResponse(Object(Illuminate\\Http\\Request), Object(Illuminate\\View\\View))
#27 C:\\Users\\62812\\Documents\\LARAVEL FUNDAMENTAL\\laravel vue ecommerce\\ecommerce\\vendor\\laravel\\framework\\src\\Illuminate\\Routing\\Router.php(807): Illuminate\\Routing\\Router->prepareResponse(Object(Illuminate\\Http\\Request), Object(Illuminate\\View\\View))
#28 C:\\Users\\62812\\Documents\\LARAVEL FUNDAMENTAL\\laravel vue ecommerce\\ecommerce\\vendor\\laravel\\framework\\src\\Illuminate\\Pipeline\\Pipeline.php(170): Illuminate\\Routing\\Router->Illuminate\\Routing\\{closure}(Object(Illuminate\\Http\\Request))
#29 C:\\Users\\62812\\Documents\\LARAVEL FUNDAMENTAL\\laravel vue ecommerce\\ecommerce\\vendor\\laravel\\framework\\src\\Illuminate\\Routing\\Middleware\\SubstituteBindings.php(51): Illuminate\\Pipeline\\Pipeline->Illuminate\\Pipeline\\{closure}(Object(Illuminate\\Http\\Request))
#30 C:\\Users\\62812\\Documents\\LARAVEL FUNDAMENTAL\\laravel vue ecommerce\\ecommerce\\vendor\\laravel\\framework\\src\\Illuminate\\Pipeline\\Pipeline.php(209): Illuminate\\Routing\\Middleware\\SubstituteBindings->handle(Object(Illuminate\\Http\\Request), Object(Closure))
#31 C:\\Users\\62812\\Documents\\LARAVEL FUNDAMENTAL\\laravel vue ecommerce\\ecommerce\\vendor\\laravel\\framework\\src\\Illuminate\\Foundation\\Http\\Middleware\\VerifyCsrfToken.php(88): Illuminate\\Pipeline\\Pipeline->Illuminate\\Pipeline\\{closure}(Object(Illuminate\\Http\\Request))
#32 C:\\Users\\62812\\Documents\\LARAVEL FUNDAMENTAL\\laravel vue ecommerce\\ecommerce\\vendor\\laravel\\framework\\src\\Illuminate\\Pipeline\\Pipeline.php(209): Illuminate\\Foundation\\Http\\Middleware\\VerifyCsrfToken->handle(Object(Illuminate\\Http\\Request), Object(Closure))
#33 C:\\Users\\62812\\Documents\\LARAVEL FUNDAMENTAL\\laravel vue ecommerce\\ecommerce\\vendor\\laravel\\framework\\src\\Illuminate\\View\\Middleware\\ShareErrorsFromSession.php(49): Illuminate\\Pipeline\\Pipeline->Illuminate\\Pipeline\\{closure}(Object(Illuminate\\Http\\Request))
#34 C:\\Users\\62812\\Documents\\LARAVEL FUNDAMENTAL\\laravel vue ecommerce\\ecommerce\\vendor\\laravel\\framework\\src\\Illuminate\\Pipeline\\Pipeline.php(209): Illuminate\\View\\Middleware\\ShareErrorsFromSession->handle(Object(Illuminate\\Http\\Request), Object(Closure))
#35 C:\\Users\\62812\\Documents\\LARAVEL FUNDAMENTAL\\laravel vue ecommerce\\ecommerce\\vendor\\laravel\\framework\\src\\Illuminate\\Session\\Middleware\\StartSession.php(121): Illuminate\\Pipeline\\Pipeline->Illuminate\\Pipeline\\{closure}(Object(Illuminate\\Http\\Request))
#36 C:\\Users\\62812\\Documents\\LARAVEL FUNDAMENTAL\\laravel vue ecommerce\\ecommerce\\vendor\\laravel\\framework\\src\\Illuminate\\Session\\Middleware\\StartSession.php(64): Illuminate\\Session\\Middleware\\StartSession->handleStatefulRequest(Object(Illuminate\\Http\\Request), Object(Illuminate\\Session\\Store), Object(Closure))
#37 C:\\Users\\62812\\Documents\\LARAVEL FUNDAMENTAL\\laravel vue ecommerce\\ecommerce\\vendor\\laravel\\framework\\src\\Illuminate\\Pipeline\\Pipeline.php(209): Illuminate\\Session\\Middleware\\StartSession->handle(Object(Illuminate\\Http\\Request), Object(Closure))
#38 C:\\Users\\62812\\Documents\\LARAVEL FUNDAMENTAL\\laravel vue ecommerce\\ecommerce\\vendor\\laravel\\framework\\src\\Illuminate\\Cookie\\Middleware\\AddQueuedCookiesToResponse.php(37): Illuminate\\Pipeline\\Pipeline->Illuminate\\Pipeline\\{closure}(Object(Illuminate\\Http\\Request))
#39 C:\\Users\\62812\\Documents\\LARAVEL FUNDAMENTAL\\laravel vue ecommerce\\ecommerce\\vendor\\laravel\\framework\\src\\Illuminate\\Pipeline\\Pipeline.php(209): Illuminate\\Cookie\\Middleware\\AddQueuedCookiesToResponse->handle(Object(Illuminate\\Http\\Request), Object(Closure))
#40 C:\\Users\\62812\\Documents\\LARAVEL FUNDAMENTAL\\laravel vue ecommerce\\ecommerce\\vendor\\laravel\\framework\\src\\Illuminate\\Cookie\\Middleware\\EncryptCookies.php(75): Illuminate\\Pipeline\\Pipeline->Illuminate\\Pipeline\\{closure}(Object(Illuminate\\Http\\Request))
#41 C:\\Users\\62812\\Documents\\LARAVEL FUNDAMENTAL\\laravel vue ecommerce\\ecommerce\\vendor\\laravel\\framework\\src\\Illuminate\\Pipeline\\Pipeline.php(209): Illuminate\\Cookie\\Middleware\\EncryptCookies->handle(Object(Illuminate\\Http\\Request), Object(Closure))
#42 C:\\Users\\62812\\Documents\\LARAVEL FUNDAMENTAL\\laravel vue ecommerce\\ecommerce\\vendor\\laravel\\framework\\src\\Illuminate\\Pipeline\\Pipeline.php(127): Illuminate\\Pipeline\\Pipeline->Illuminate\\Pipeline\\{closure}(Object(Illuminate\\Http\\Request))
#43 C:\\Users\\62812\\Documents\\LARAVEL FUNDAMENTAL\\laravel vue ecommerce\\ecommerce\\vendor\\laravel\\framework\\src\\Illuminate\\Routing\\Router.php(807): Illuminate\\Pipeline\\Pipeline->then(Object(Closure))
#44 C:\\Users\\62812\\Documents\\LARAVEL FUNDAMENTAL\\laravel vue ecommerce\\ecommerce\\vendor\\laravel\\framework\\src\\Illuminate\\Routing\\Router.php(786): Illuminate\\Routing\\Router->runRouteWithinStack(Object(Illuminate\\Routing\\Route), Object(Illuminate\\Http\\Request))
#45 C:\\Users\\62812\\Documents\\LARAVEL FUNDAMENTAL\\laravel vue ecommerce\\ecommerce\\vendor\\laravel\\framework\\src\\Illuminate\\Routing\\Router.php(750): Illuminate\\Routing\\Router->runRoute(Object(Illuminate\\Http\\Request), Object(Illuminate\\Routing\\Route))
#46 C:\\Users\\62812\\Documents\\LARAVEL FUNDAMENTAL\\laravel vue ecommerce\\ecommerce\\vendor\\laravel\\framework\\src\\Illuminate\\Routing\\Router.php(739): Illuminate\\Routing\\Router->dispatchToRoute(Object(Illuminate\\Http\\Request))
#47 C:\\Users\\62812\\Documents\\LARAVEL FUNDAMENTAL\\laravel vue ecommerce\\ecommerce\\vendor\\laravel\\framework\\src\\Illuminate\\Foundation\\Http\\Kernel.php(201): Illuminate\\Routing\\Router->dispatch(Object(Illuminate\\Http\\Request))
#48 C:\\Users\\62812\\Documents\\LARAVEL FUNDAMENTAL\\laravel vue ecommerce\\ecommerce\\vendor\\laravel\\framework\\src\\Illuminate\\Pipeline\\Pipeline.php(170): Illuminate\\Foundation\\Http\\Kernel->Illuminate\\Foundation\\Http\\{closure}(Object(Illuminate\\Http\\Request))
#49 C:\\Users\\62812\\Documents\\LARAVEL FUNDAMENTAL\\laravel vue ecommerce\\ecommerce\\vendor\\laravel\\framework\\src\\Illuminate\\Foundation\\Http\\Middleware\\TransformsRequest.php(21): Illuminate\\Pipeline\\Pipeline->Illuminate\\Pipeline\\{closure}(Object(Illuminate\\Http\\Request))
#50 C:\\Users\\62812\\Documents\\LARAVEL FUNDAMENTAL\\laravel vue ecommerce\\ecommerce\\vendor\\laravel\\framework\\src\\Illuminate\\Foundation\\Http\\Middleware\\ConvertEmptyStringsToNull.php(31): Illuminate\\Foundation\\Http\\Middleware\\TransformsRequest->handle(Object(Illuminate\\Http\\Request), Object(Closure))
#51 C:\\Users\\62812\\Documents\\LARAVEL FUNDAMENTAL\\laravel vue ecommerce\\ecommerce\\vendor\\laravel\\framework\\src\\Illuminate\\Pipeline\\Pipeline.php(209): Illuminate\\Foundation\\Http\\Middleware\\ConvertEmptyStringsToNull->handle(Object(Illuminate\\Http\\Request), Object(Closure))
#52 C:\\Users\\62812\\Documents\\LARAVEL FUNDAMENTAL\\laravel vue ecommerce\\ecommerce\\vendor\\laravel\\framework\\src\\Illuminate\\Foundation\\Http\\Middleware\\TransformsRequest.php(21): Illuminate\\Pipeline\\Pipeline->Illuminate\\Pipeline\\{closure}(Object(Illuminate\\Http\\Request))
#53 C:\\Users\\62812\\Documents\\LARAVEL FUNDAMENTAL\\laravel vue ecommerce\\ecommerce\\vendor\\laravel\\framework\\src\\Illuminate\\Foundation\\Http\\Middleware\\TrimStrings.php(51): Illuminate\\Foundation\\Http\\Middleware\\TransformsRequest->handle(Object(Illuminate\\Http\\Request), Object(Closure))
#54 C:\\Users\\62812\\Documents\\LARAVEL FUNDAMENTAL\\laravel vue ecommerce\\ecommerce\\vendor\\laravel\\framework\\src\\Illuminate\\Pipeline\\Pipeline.php(209): Illuminate\\Foundation\\Http\\Middleware\\TrimStrings->handle(Object(Illuminate\\Http\\Request), Object(Closure))
#55 C:\\Users\\62812\\Documents\\LARAVEL FUNDAMENTAL\\laravel vue ecommerce\\ecommerce\\vendor\\laravel\\framework\\src\\Illuminate\\Http\\Middleware\\ValidatePostSize.php(27): Illuminate\\Pipeline\\Pipeline->Illuminate\\Pipeline\\{closure}(Object(Illuminate\\Http\\Request))
#56 C:\\Users\\62812\\Documents\\LARAVEL FUNDAMENTAL\\laravel vue ecommerce\\ecommerce\\vendor\\laravel\\framework\\src\\Illuminate\\Pipeline\\Pipeline.php(209): Illuminate\\Http\\Middleware\\ValidatePostSize->handle(Object(Illuminate\\Http\\Request), Object(Closure))
#57 C:\\Users\\62812\\Documents\\LARAVEL FUNDAMENTAL\\laravel vue ecommerce\\ecommerce\\vendor\\laravel\\framework\\src\\Illuminate\\Foundation\\Http\\Middleware\\PreventRequestsDuringMaintenance.php(110): Illuminate\\Pipeline\\Pipeline->Illuminate\\Pipeline\\{closure}(Object(Illuminate\\Http\\Request))
#58 C:\\Users\\62812\\Documents\\LARAVEL FUNDAMENTAL\\laravel vue ecommerce\\ecommerce\\vendor\\laravel\\framework\\src\\Illuminate\\Pipeline\\Pipeline.php(209): Illuminate\\Foundation\\Http\\Middleware\\PreventRequestsDuringMaintenance->handle(Object(Illuminate\\Http\\Request), Object(Closure))
#59 C:\\Users\\62812\\Documents\\LARAVEL FUNDAMENTAL\\laravel vue ecommerce\\ecommerce\\vendor\\laravel\\framework\\src\\Illuminate\\Http\\Middleware\\HandleCors.php(49): Illuminate\\Pipeline\\Pipeline->Illuminate\\Pipeline\\{closure}(Object(Illuminate\\Http\\Request))
#60 C:\\Users\\62812\\Documents\\LARAVEL FUNDAMENTAL\\laravel vue ecommerce\\ecommerce\\vendor\\laravel\\framework\\src\\Illuminate\\Pipeline\\Pipeline.php(209): Illuminate\\Http\\Middleware\\HandleCors->handle(Object(Illuminate\\Http\\Request), Object(Closure))
#61 C:\\Users\\62812\\Documents\\LARAVEL FUNDAMENTAL\\laravel vue ecommerce\\ecommerce\\vendor\\laravel\\framework\\src\\Illuminate\\Http\\Middleware\\TrustProxies.php(58): Illuminate\\Pipeline\\Pipeline->Illuminate\\Pipeline\\{closure}(Object(Illuminate\\Http\\Request))
#62 C:\\Users\\62812\\Documents\\LARAVEL FUNDAMENTAL\\laravel vue ecommerce\\ecommerce\\vendor\\laravel\\framework\\src\\Illuminate\\Pipeline\\Pipeline.php(209): Illuminate\\Http\\Middleware\\TrustProxies->handle(Object(Illuminate\\Http\\Request), Object(Closure))
#63 C:\\Users\\62812\\Documents\\LARAVEL FUNDAMENTAL\\laravel vue ecommerce\\ecommerce\\vendor\\laravel\\framework\\src\\Illuminate\\Foundation\\Http\\Middleware\\InvokeDeferredCallbacks.php(22): Illuminate\\Pipeline\\Pipeline->Illuminate\\Pipeline\\{closure}(Object(Illuminate\\Http\\Request))
#64 C:\\Users\\62812\\Documents\\LARAVEL FUNDAMENTAL\\laravel vue ecommerce\\ecommerce\\vendor\\laravel\\framework\\src\\Illuminate\\Pipeline\\Pipeline.php(209): Illuminate\\Foundation\\Http\\Middleware\\InvokeDeferredCallbacks->handle(Object(Illuminate\\Http\\Request), Object(Closure))
#65 C:\\Users\\62812\\Documents\\LARAVEL FUNDAMENTAL\\laravel vue ecommerce\\ecommerce\\vendor\\laravel\\framework\\src\\Illuminate\\Pipeline\\Pipeline.php(127): Illuminate\\Pipeline\\Pipeline->Illuminate\\Pipeline\\{closure}(Object(Illuminate\\Http\\Request))
#66 C:\\Users\\62812\\Documents\\LARAVEL FUNDAMENTAL\\laravel vue ecommerce\\ecommerce\\vendor\\laravel\\framework\\src\\Illuminate\\Foundation\\Http\\Kernel.php(176): Illuminate\\Pipeline\\Pipeline->then(Object(Closure))
#67 C:\\Users\\62812\\Documents\\LARAVEL FUNDAMENTAL\\laravel vue ecommerce\\ecommerce\\vendor\\laravel\\framework\\src\\Illuminate\\Foundation\\Http\\Kernel.php(145): Illuminate\\Foundation\\Http\\Kernel->sendRequestThroughRouter(Object(Illuminate\\Http\\Request))
#68 C:\\Users\\62812\\Documents\\LARAVEL FUNDAMENTAL\\laravel vue ecommerce\\ecommerce\\vendor\\laravel\\framework\\src\\Illuminate\\Foundation\\Application.php(1220): Illuminate\\Foundation\\Http\\Kernel->handle(Object(Illuminate\\Http\\Request))
#69 C:\\Users\\62812\\Documents\\LARAVEL FUNDAMENTAL\\laravel vue ecommerce\\ecommerce\\public\\index.php(17): Illuminate\\Foundation\\Application->handleRequest(Object(Illuminate\\Http\\Request))
#70 C:\\Users\\62812\\Documents\\LARAVEL FUNDAMENTAL\\laravel vue ecommerce\\ecommerce\\vendor\\laravel\\framework\\src\\Illuminate\\Foundation\\resources\\server.php(23): require_once('C:\\\\Users\\\\62812\\\\...')
#71 {main}
"} 
[2025-09-25 03:46:10] local.ERROR: syntax error, unexpected end of file, expecting "elseif" or "else" or "endif" {"view":{"view":"C:\\Users\\62812\\Documents\\LARAVEL FUNDAMENTAL\\laravel vue ecommerce\\ecommerce\\resources\\views\\layouts\\navigation.blade.php","data":{"errors":"<pre class=sf-dump id=sf-dump-305727095 data-indent-pad=\"  \"><span class=sf-dump-note>Illuminate\\Support\\ViewErrorBag</span> {<a class=sf-dump-ref>#1286</a><samp data-depth=1 class=sf-dump-expanded>
  #<span class=sf-dump-protected title=\"Protected property\">bags</span>: []
</samp>}
</pre><script>Sfdump(\"sf-dump-305727095\", {\"maxDepth\":3,\"maxStringLength\":160})</script>
","componentName":"<pre class=sf-dump id=sf-dump-1268846640 data-indent-pad=\"  \">\"<span class=sf-dump-str title=\"10 characters\">app-layout</span>\"
</pre><script>Sfdump(\"sf-dump-1268846640\", {\"maxDepth\":3,\"maxStringLength\":160})</script>
","attributes":"<pre class=sf-dump id=sf-dump-1303895194 data-indent-pad=\"  \"><span class=sf-dump-note>Illuminate\\View\\ComponentAttributeBag</span> {<a class=sf-dump-ref>#1308</a><samp data-depth=1 class=sf-dump-expanded>
  #<span class=sf-dump-protected title=\"Protected property\">attributes</span>: []
</samp>}
</pre><script>Sfdump(\"sf-dump-1303895194\", {\"maxDepth\":3,\"maxStringLength\":160})</script>
","ignoredParameterNames":"<pre class=sf-dump id=sf-dump-217685730 data-indent-pad=\"  \"><span class=sf-dump-note>Illuminate\\View\\InvokableComponentVariable</span> {<a class=sf-dump-ref>#1322</a><samp data-depth=1 class=sf-dump-expanded>
  #<span class=sf-dump-protected title=\"Protected property\">callable</span>: <span class=sf-dump-note>Closure()</span> {<a class=sf-dump-ref>#1321</a><samp data-depth=2 class=sf-dump-compact>
    <span class=sf-dump-meta>class</span>: \"<span class=\"sf-dump-str sf-dump-ellipsization\" title=\"App\\View\\Components\\AppLayout
29 characters\"><span class=\"sf-dump-ellipsis sf-dump-ellipsis-class\">App\\View\\Components</span><span class=\"sf-dump-ellipsis sf-dump-ellipsis-class\">\\</span><span class=\"sf-dump-ellipsis-tail\">AppLayout</span></span>\"
    <span class=sf-dump-meta>this</span>: <span class=\"sf-dump-note sf-dump-ellipsization\" title=\"App\\View\\Components\\AppLayout
\"><span class=\"sf-dump-ellipsis sf-dump-ellipsis-note\">App\\View\\Components</span><span class=\"sf-dump-ellipsis sf-dump-ellipsis-note\">\\</span><span class=\"sf-dump-ellipsis-tail\">AppLayout</span></span> {<a class=sf-dump-ref>#1306</a> &#8230;}
    <span class=sf-dump-meta>use</span>: {<samp data-depth=3 class=sf-dump-compact>
      <span class=sf-dump-meta>$method</span>: \"<span class=sf-dump-str title=\"21 characters\">ignoredParameterNames</span>\"
    </samp>}
    <span class=sf-dump-meta>file</span>: \"<span class=\"sf-dump-str sf-dump-ellipsization\" title=\"C:\\Users\\62812\\Documents\\LARAVEL FUNDAMENTAL\\laravel vue ecommerce\\ecommerce\\vendor\\laravel\\framework\\src\\Illuminate\\View\\Component.php
135 characters\"><span class=\"sf-dump-ellipsis sf-dump-ellipsis-path\">C:\\Users\\62812\\Documents\\LARAVEL FUNDAMENTAL\\laravel vue ecommerce\\ecommerce\\vendor</span><span class=\"sf-dump-ellipsis sf-dump-ellipsis-path\">\\laravel\\framework\\</span><span class=\"sf-dump-ellipsis-tail\">src\\Illuminate\\View\\Component.php</span></span>\"
    <span class=sf-dump-meta>line</span>: \"<span class=sf-dump-str title=\"10 characters\">303 to 305</span>\"
  </samp>}
</samp>}
</pre><script>Sfdump(\"sf-dump-217685730\", {\"maxDepth\":3,\"maxStringLength\":160})</script>
","slot":"<pre class=sf-dump id=sf-dump-2009142489 data-indent-pad=\"  \"><span class=sf-dump-note>Illuminate\\View\\ComponentSlot</span> {<a class=sf-dump-ref>#1309</a><samp data-depth=1 class=sf-dump-expanded>
  +<span class=sf-dump-public title=\"Public property\">attributes</span>: <span class=\"sf-dump-note sf-dump-ellipsization\" title=\"Illuminate\\View\\ComponentAttributeBag
\"><span class=\"sf-dump-ellipsis sf-dump-ellipsis-note\">Illuminate\\View</span><span class=\"sf-dump-ellipsis sf-dump-ellipsis-note\">\\</span><span class=\"sf-dump-ellipsis-tail\">ComponentAttributeBag</span></span> {<a class=sf-dump-ref>#1319</a><samp data-depth=2 class=sf-dump-compact>
    #<span class=sf-dump-protected title=\"Protected property\">attributes</span>: []
  </samp>}
  #<span class=sf-dump-protected title=\"Protected property\">contents</span>: \"<span class=sf-dump-str title=\"7 characters\">welcome</span>\"
</samp>}
</pre><script>Sfdump(\"sf-dump-2009142489\", {\"maxDepth\":3,\"maxStringLength\":160})</script>
","__laravel_slots":"<pre class=sf-dump id=sf-dump-63077023 data-indent-pad=\"  \"><span class=sf-dump-note>array:1</span> [<samp data-depth=1 class=sf-dump-expanded>
  \"<span class=sf-dump-key>__default</span>\" => <span class=\"sf-dump-note sf-dump-ellipsization\" title=\"Illuminate\\View\\ComponentSlot
\"><span class=\"sf-dump-ellipsis sf-dump-ellipsis-note\">Illuminate\\View</span><span class=\"sf-dump-ellipsis sf-dump-ellipsis-note\">\\</span><span class=\"sf-dump-ellipsis-tail\">ComponentSlot</span></span> {<a class=sf-dump-ref>#1309</a><samp data-depth=2 class=sf-dump-compact>
    +<span class=sf-dump-public title=\"Public property\">attributes</span>: <span class=\"sf-dump-note sf-dump-ellipsization\" title=\"Illuminate\\View\\ComponentAttributeBag
\"><span class=\"sf-dump-ellipsis sf-dump-ellipsis-note\">Illuminate\\View</span><span class=\"sf-dump-ellipsis sf-dump-ellipsis-note\">\\</span><span class=\"sf-dump-ellipsis-tail\">ComponentAttributeBag</span></span> {<a class=sf-dump-ref>#1319</a><samp data-depth=3 class=sf-dump-compact>
      #<span class=sf-dump-protected title=\"Protected property\">attributes</span>: []
    </samp>}
    #<span class=sf-dump-protected title=\"Protected property\">contents</span>: \"<span class=sf-dump-str title=\"7 characters\">welcome</span>\"
  </samp>}
</samp>]
</pre><script>Sfdump(\"sf-dump-63077023\", {\"maxDepth\":3,\"maxStringLength\":160})</script>
"}},"exception":"[object] (Spatie\\LaravelIgnition\\Exceptions\\ViewException(code: 0): syntax error, unexpected end of file, expecting \"elseif\" or \"else\" or \"endif\" at C:\\Users\\62812\\Documents\\LARAVEL FUNDAMENTAL\\laravel vue ecommerce\\ecommerce\\resources\\views\\layouts\\navigation.blade.php:224)
[stacktrace]
#0 C:\\Users\\62812\\Documents\\LARAVEL FUNDAMENTAL\\laravel vue ecommerce\\ecommerce\\vendor\\laravel\\framework\\src\\Illuminate\\Filesystem\\Filesystem.php(123): require('C:\\\\Users\\\\62812\\\\...')
#1 C:\\Users\\62812\\Documents\\LARAVEL FUNDAMENTAL\\laravel vue ecommerce\\ecommerce\\vendor\\laravel\\framework\\src\\Illuminate\\Filesystem\\Filesystem.php(124): Illuminate\\Filesystem\\Filesystem::Illuminate\\Filesystem\\{closure}()
#2 C:\\Users\\62812\\Documents\\LARAVEL FUNDAMENTAL\\laravel vue ecommerce\\ecommerce\\vendor\\laravel\\framework\\src\\Illuminate\\View\\Engines\\PhpEngine.php(58): Illuminate\\Filesystem\\Filesystem->getRequire('C:\\\\Users\\\\62812\\\\...', Array)
#3 C:\\Users\\62812\\Documents\\LARAVEL FUNDAMENTAL\\laravel vue ecommerce\\ecommerce\\vendor\\laravel\\framework\\src\\Illuminate\\View\\Engines\\CompilerEngine.php(75): Illuminate\\View\\Engines\\PhpEngine->evaluatePath('C:\\\\Users\\\\62812\\\\...', Array)
#4 C:\\Users\\62812\\Documents\\LARAVEL FUNDAMENTAL\\laravel vue ecommerce\\ecommerce\\vendor\\laravel\\framework\\src\\Illuminate\\View\\View.php(209): Illuminate\\View\\Engines\\CompilerEngine->get('C:\\\\Users\\\\62812\\\\...', Array)
#5 C:\\Users\\62812\\Documents\\LARAVEL FUNDAMENTAL\\laravel vue ecommerce\\ecommerce\\vendor\\laravel\\framework\\src\\Illuminate\\View\\View.php(192): Illuminate\\View\\View->getContents()
#6 C:\\Users\\62812\\Documents\\LARAVEL FUNDAMENTAL\\laravel vue ecommerce\\ecommerce\\vendor\\laravel\\framework\\src\\Illuminate\\View\\View.php(161): Illuminate\\View\\View->renderContents()
#7 C:\\Users\\62812\\Documents\\LARAVEL FUNDAMENTAL\\laravel vue ecommerce\\ecommerce\\vendor\\laravel\\framework\\src\\Illuminate\\View\\Concerns\\ManagesComponents.php(99): Illuminate\\View\\View->render()
#8 C:\\Users\\62812\\Documents\\LARAVEL FUNDAMENTAL\\laravel vue ecommerce\\ecommerce\\resources\\views\\welcome.blade.php(1): Illuminate\\View\\Factory->renderComponent()
#9 C:\\Users\\62812\\Documents\\LARAVEL FUNDAMENTAL\\laravel vue ecommerce\\ecommerce\\vendor\\laravel\\framework\\src\\Illuminate\\Filesystem\\Filesystem.php(123): require('C:\\\\Users\\\\62812\\\\...')
#10 C:\\Users\\62812\\Documents\\LARAVEL FUNDAMENTAL\\laravel vue ecommerce\\ecommerce\\vendor\\laravel\\framework\\src\\Illuminate\\Filesystem\\Filesystem.php(124): Illuminate\\Filesystem\\Filesystem::Illuminate\\Filesystem\\{closure}()
#11 C:\\Users\\62812\\Documents\\LARAVEL FUNDAMENTAL\\laravel vue ecommerce\\ecommerce\\vendor\\laravel\\framework\\src\\Illuminate\\View\\Engines\\PhpEngine.php(58): Illuminate\\Filesystem\\Filesystem->getRequire('C:\\\\Users\\\\62812\\\\...', Array)
#12 C:\\Users\\62812\\Documents\\LARAVEL FUNDAMENTAL\\laravel vue ecommerce\\ecommerce\\vendor\\laravel\\framework\\src\\Illuminate\\View\\Engines\\CompilerEngine.php(75): Illuminate\\View\\Engines\\PhpEngine->evaluatePath('C:\\\\Users\\\\62812\\\\...', Array)
#13 C:\\Users\\62812\\Documents\\LARAVEL FUNDAMENTAL\\laravel vue ecommerce\\ecommerce\\vendor\\laravel\\framework\\src\\Illuminate\\View\\View.php(209): Illuminate\\View\\Engines\\CompilerEngine->get('C:\\\\Users\\\\62812\\\\...', Array)
#14 C:\\Users\\62812\\Documents\\LARAVEL FUNDAMENTAL\\laravel vue ecommerce\\ecommerce\\vendor\\laravel\\framework\\src\\Illuminate\\View\\View.php(192): Illuminate\\View\\View->getContents()
#15 C:\\Users\\62812\\Documents\\LARAVEL FUNDAMENTAL\\laravel vue ecommerce\\ecommerce\\vendor\\laravel\\framework\\src\\Illuminate\\View\\View.php(161): Illuminate\\View\\View->renderContents()
#16 C:\\Users\\62812\\Documents\\LARAVEL FUNDAMENTAL\\laravel vue ecommerce\\ecommerce\\vendor\\laravel\\framework\\src\\Illuminate\\Http\\Response.php(79): Illuminate\\View\\View->render()
#17 C:\\Users\\62812\\Documents\\LARAVEL FUNDAMENTAL\\laravel vue ecommerce\\ecommerce\\vendor\\laravel\\framework\\src\\Illuminate\\Http\\Response.php(35): Illuminate\\Http\\Response->setContent(Object(Illuminate\\View\\View))
#18 C:\\Users\\62812\\Documents\\LARAVEL FUNDAMENTAL\\laravel vue ecommerce\\ecommerce\\vendor\\laravel\\framework\\src\\Illuminate\\Routing\\Router.php(920): Illuminate\\Http\\Response->__construct(Object(Illuminate\\View\\View), 200, Array)
#19 C:\\Users\\62812\\Documents\\LARAVEL FUNDAMENTAL\\laravel vue ecommerce\\ecommerce\\vendor\\laravel\\framework\\src\\Illuminate\\Routing\\Router.php(887): Illuminate\\Routing\\Router::toResponse(Object(Illuminate\\Http\\Request), Object(Illuminate\\View\\View))
#20 C:\\Users\\62812\\Documents\\LARAVEL FUNDAMENTAL\\laravel vue ecommerce\\ecommerce\\vendor\\laravel\\framework\\src\\Illuminate\\Routing\\Router.php(807): Illuminate\\Routing\\Router->prepareResponse(Object(Illuminate\\Http\\Request), Object(Illuminate\\View\\View))
#21 C:\\Users\\62812\\Documents\\LARAVEL FUNDAMENTAL\\laravel vue ecommerce\\ecommerce\\vendor\\laravel\\framework\\src\\Illuminate\\Pipeline\\Pipeline.php(170): Illuminate\\Routing\\Router->Illuminate\\Routing\\{closure}(Object(Illuminate\\Http\\Request))
#22 C:\\Users\\62812\\Documents\\LARAVEL FUNDAMENTAL\\laravel vue ecommerce\\ecommerce\\vendor\\laravel\\framework\\src\\Illuminate\\Routing\\Middleware\\SubstituteBindings.php(51): Illuminate\\Pipeline\\Pipeline->Illuminate\\Pipeline\\{closure}(Object(Illuminate\\Http\\Request))
#23 C:\\Users\\62812\\Documents\\LARAVEL FUNDAMENTAL\\laravel vue ecommerce\\ecommerce\\vendor\\laravel\\framework\\src\\Illuminate\\Pipeline\\Pipeline.php(209): Illuminate\\Routing\\Middleware\\SubstituteBindings->handle(Object(Illuminate\\Http\\Request), Object(Closure))
#24 C:\\Users\\62812\\Documents\\LARAVEL FUNDAMENTAL\\laravel vue ecommerce\\ecommerce\\vendor\\laravel\\framework\\src\\Illuminate\\Foundation\\Http\\Middleware\\VerifyCsrfToken.php(88): Illuminate\\Pipeline\\Pipeline->Illuminate\\Pipeline\\{closure}(Object(Illuminate\\Http\\Request))
#25 C:\\Users\\62812\\Documents\\LARAVEL FUNDAMENTAL\\laravel vue ecommerce\\ecommerce\\vendor\\laravel\\framework\\src\\Illuminate\\Pipeline\\Pipeline.php(209): Illuminate\\Foundation\\Http\\Middleware\\VerifyCsrfToken->handle(Object(Illuminate\\Http\\Request), Object(Closure))
#26 C:\\Users\\62812\\Documents\\LARAVEL FUNDAMENTAL\\laravel vue ecommerce\\ecommerce\\vendor\\laravel\\framework\\src\\Illuminate\\View\\Middleware\\ShareErrorsFromSession.php(49): Illuminate\\Pipeline\\Pipeline->Illuminate\\Pipeline\\{closure}(Object(Illuminate\\Http\\Request))
#27 C:\\Users\\62812\\Documents\\LARAVEL FUNDAMENTAL\\laravel vue ecommerce\\ecommerce\\vendor\\laravel\\framework\\src\\Illuminate\\Pipeline\\Pipeline.php(209): Illuminate\\View\\Middleware\\ShareErrorsFromSession->handle(Object(Illuminate\\Http\\Request), Object(Closure))
#28 C:\\Users\\62812\\Documents\\LARAVEL FUNDAMENTAL\\laravel vue ecommerce\\ecommerce\\vendor\\laravel\\framework\\src\\Illuminate\\Session\\Middleware\\StartSession.php(121): Illuminate\\Pipeline\\Pipeline->Illuminate\\Pipeline\\{closure}(Object(Illuminate\\Http\\Request))
#29 C:\\Users\\62812\\Documents\\LARAVEL FUNDAMENTAL\\laravel vue ecommerce\\ecommerce\\vendor\\laravel\\framework\\src\\Illuminate\\Session\\Middleware\\StartSession.php(64): Illuminate\\Session\\Middleware\\StartSession->handleStatefulRequest(Object(Illuminate\\Http\\Request), Object(Illuminate\\Session\\Store), Object(Closure))
#30 C:\\Users\\62812\\Documents\\LARAVEL FUNDAMENTAL\\laravel vue ecommerce\\ecommerce\\vendor\\laravel\\framework\\src\\Illuminate\\Pipeline\\Pipeline.php(209): Illuminate\\Session\\Middleware\\StartSession->handle(Object(Illuminate\\Http\\Request), Object(Closure))
#31 C:\\Users\\62812\\Documents\\LARAVEL FUNDAMENTAL\\laravel vue ecommerce\\ecommerce\\vendor\\laravel\\framework\\src\\Illuminate\\Cookie\\Middleware\\AddQueuedCookiesToResponse.php(37): Illuminate\\Pipeline\\Pipeline->Illuminate\\Pipeline\\{closure}(Object(Illuminate\\Http\\Request))
#32 C:\\Users\\62812\\Documents\\LARAVEL FUNDAMENTAL\\laravel vue ecommerce\\ecommerce\\vendor\\laravel\\framework\\src\\Illuminate\\Pipeline\\Pipeline.php(209): Illuminate\\Cookie\\Middleware\\AddQueuedCookiesToResponse->handle(Object(Illuminate\\Http\\Request), Object(Closure))
#33 C:\\Users\\62812\\Documents\\LARAVEL FUNDAMENTAL\\laravel vue ecommerce\\ecommerce\\vendor\\laravel\\framework\\src\\Illuminate\\Cookie\\Middleware\\EncryptCookies.php(75): Illuminate\\Pipeline\\Pipeline->Illuminate\\Pipeline\\{closure}(Object(Illuminate\\Http\\Request))
#34 C:\\Users\\62812\\Documents\\LARAVEL FUNDAMENTAL\\laravel vue ecommerce\\ecommerce\\vendor\\laravel\\framework\\src\\Illuminate\\Pipeline\\Pipeline.php(209): Illuminate\\Cookie\\Middleware\\EncryptCookies->handle(Object(Illuminate\\Http\\Request), Object(Closure))
#35 C:\\Users\\62812\\Documents\\LARAVEL FUNDAMENTAL\\laravel vue ecommerce\\ecommerce\\vendor\\laravel\\framework\\src\\Illuminate\\Pipeline\\Pipeline.php(127): Illuminate\\Pipeline\\Pipeline->Illuminate\\Pipeline\\{closure}(Object(Illuminate\\Http\\Request))
#36 C:\\Users\\62812\\Documents\\LARAVEL FUNDAMENTAL\\laravel vue ecommerce\\ecommerce\\vendor\\laravel\\framework\\src\\Illuminate\\Routing\\Router.php(807): Illuminate\\Pipeline\\Pipeline->then(Object(Closure))
#37 C:\\Users\\62812\\Documents\\LARAVEL FUNDAMENTAL\\laravel vue ecommerce\\ecommerce\\vendor\\laravel\\framework\\src\\Illuminate\\Routing\\Router.php(786): Illuminate\\Routing\\Router->runRouteWithinStack(Object(Illuminate\\Routing\\Route), Object(Illuminate\\Http\\Request))
#38 C:\\Users\\62812\\Documents\\LARAVEL FUNDAMENTAL\\laravel vue ecommerce\\ecommerce\\vendor\\laravel\\framework\\src\\Illuminate\\Routing\\Router.php(750): Illuminate\\Routing\\Router->runRoute(Object(Illuminate\\Http\\Request), Object(Illuminate\\Routing\\Route))
#39 C:\\Users\\62812\\Documents\\LARAVEL FUNDAMENTAL\\laravel vue ecommerce\\ecommerce\\vendor\\laravel\\framework\\src\\Illuminate\\Routing\\Router.php(739): Illuminate\\Routing\\Router->dispatchToRoute(Object(Illuminate\\Http\\Request))
#40 C:\\Users\\62812\\Documents\\LARAVEL FUNDAMENTAL\\laravel vue ecommerce\\ecommerce\\vendor\\laravel\\framework\\src\\Illuminate\\Foundation\\Http\\Kernel.php(201): Illuminate\\Routing\\Router->dispatch(Object(Illuminate\\Http\\Request))
#41 C:\\Users\\62812\\Documents\\LARAVEL FUNDAMENTAL\\laravel vue ecommerce\\ecommerce\\vendor\\laravel\\framework\\src\\Illuminate\\Pipeline\\Pipeline.php(170): Illuminate\\Foundation\\Http\\Kernel->Illuminate\\Foundation\\Http\\{closure}(Object(Illuminate\\Http\\Request))
#42 C:\\Users\\62812\\Documents\\LARAVEL FUNDAMENTAL\\laravel vue ecommerce\\ecommerce\\vendor\\laravel\\framework\\src\\Illuminate\\Foundation\\Http\\Middleware\\TransformsRequest.php(21): Illuminate\\Pipeline\\Pipeline->Illuminate\\Pipeline\\{closure}(Object(Illuminate\\Http\\Request))
#43 C:\\Users\\62812\\Documents\\LARAVEL FUNDAMENTAL\\laravel vue ecommerce\\ecommerce\\vendor\\laravel\\framework\\src\\Illuminate\\Foundation\\Http\\Middleware\\ConvertEmptyStringsToNull.php(31): Illuminate\\Foundation\\Http\\Middleware\\TransformsRequest->handle(Object(Illuminate\\Http\\Request), Object(Closure))
#44 C:\\Users\\62812\\Documents\\LARAVEL FUNDAMENTAL\\laravel vue ecommerce\\ecommerce\\vendor\\laravel\\framework\\src\\Illuminate\\Pipeline\\Pipeline.php(209): Illuminate\\Foundation\\Http\\Middleware\\ConvertEmptyStringsToNull->handle(Object(Illuminate\\Http\\Request), Object(Closure))
#45 C:\\Users\\62812\\Documents\\LARAVEL FUNDAMENTAL\\laravel vue ecommerce\\ecommerce\\vendor\\laravel\\framework\\src\\Illuminate\\Foundation\\Http\\Middleware\\TransformsRequest.php(21): Illuminate\\Pipeline\\Pipeline->Illuminate\\Pipeline\\{closure}(Object(Illuminate\\Http\\Request))
#46 C:\\Users\\62812\\Documents\\LARAVEL FUNDAMENTAL\\laravel vue ecommerce\\ecommerce\\vendor\\laravel\\framework\\src\\Illuminate\\Foundation\\Http\\Middleware\\TrimStrings.php(51): Illuminate\\Foundation\\Http\\Middleware\\TransformsRequest->handle(Object(Illuminate\\Http\\Request), Object(Closure))
#47 C:\\Users\\62812\\Documents\\LARAVEL FUNDAMENTAL\\laravel vue ecommerce\\ecommerce\\vendor\\laravel\\framework\\src\\Illuminate\\Pipeline\\Pipeline.php(209): Illuminate\\Foundation\\Http\\Middleware\\TrimStrings->handle(Object(Illuminate\\Http\\Request), Object(Closure))
#48 C:\\Users\\62812\\Documents\\LARAVEL FUNDAMENTAL\\laravel vue ecommerce\\ecommerce\\vendor\\laravel\\framework\\src\\Illuminate\\Http\\Middleware\\ValidatePostSize.php(27): Illuminate\\Pipeline\\Pipeline->Illuminate\\Pipeline\\{closure}(Object(Illuminate\\Http\\Request))
#49 C:\\Users\\62812\\Documents\\LARAVEL FUNDAMENTAL\\laravel vue ecommerce\\ecommerce\\vendor\\laravel\\framework\\src\\Illuminate\\Pipeline\\Pipeline.php(209): Illuminate\\Http\\Middleware\\ValidatePostSize->handle(Object(Illuminate\\Http\\Request), Object(Closure))
#50 C:\\Users\\62812\\Documents\\LARAVEL FUNDAMENTAL\\laravel vue ecommerce\\ecommerce\\vendor\\laravel\\framework\\src\\Illuminate\\Foundation\\Http\\Middleware\\PreventRequestsDuringMaintenance.php(110): Illuminate\\Pipeline\\Pipeline->Illuminate\\Pipeline\\{closure}(Object(Illuminate\\Http\\Request))
#51 C:\\Users\\62812\\Documents\\LARAVEL FUNDAMENTAL\\laravel vue ecommerce\\ecommerce\\vendor\\laravel\\framework\\src\\Illuminate\\Pipeline\\Pipeline.php(209): Illuminate\\Foundation\\Http\\Middleware\\PreventRequestsDuringMaintenance->handle(Object(Illuminate\\Http\\Request), Object(Closure))
#52 C:\\Users\\62812\\Documents\\LARAVEL FUNDAMENTAL\\laravel vue ecommerce\\ecommerce\\vendor\\laravel\\framework\\src\\Illuminate\\Http\\Middleware\\HandleCors.php(49): Illuminate\\Pipeline\\Pipeline->Illuminate\\Pipeline\\{closure}(Object(Illuminate\\Http\\Request))
#53 C:\\Users\\62812\\Documents\\LARAVEL FUNDAMENTAL\\laravel vue ecommerce\\ecommerce\\vendor\\laravel\\framework\\src\\Illuminate\\Pipeline\\Pipeline.php(209): Illuminate\\Http\\Middleware\\HandleCors->handle(Object(Illuminate\\Http\\Request), Object(Closure))
#54 C:\\Users\\62812\\Documents\\LARAVEL FUNDAMENTAL\\laravel vue ecommerce\\ecommerce\\vendor\\laravel\\framework\\src\\Illuminate\\Http\\Middleware\\TrustProxies.php(58): Illuminate\\Pipeline\\Pipeline->Illuminate\\Pipeline\\{closure}(Object(Illuminate\\Http\\Request))
#55 C:\\Users\\62812\\Documents\\LARAVEL FUNDAMENTAL\\laravel vue ecommerce\\ecommerce\\vendor\\laravel\\framework\\src\\Illuminate\\Pipeline\\Pipeline.php(209): Illuminate\\Http\\Middleware\\TrustProxies->handle(Object(Illuminate\\Http\\Request), Object(Closure))
#56 C:\\Users\\62812\\Documents\\LARAVEL FUNDAMENTAL\\laravel vue ecommerce\\ecommerce\\vendor\\laravel\\framework\\src\\Illuminate\\Foundation\\Http\\Middleware\\InvokeDeferredCallbacks.php(22): Illuminate\\Pipeline\\Pipeline->Illuminate\\Pipeline\\{closure}(Object(Illuminate\\Http\\Request))
#57 C:\\Users\\62812\\Documents\\LARAVEL FUNDAMENTAL\\laravel vue ecommerce\\ecommerce\\vendor\\laravel\\framework\\src\\Illuminate\\Pipeline\\Pipeline.php(209): Illuminate\\Foundation\\Http\\Middleware\\InvokeDeferredCallbacks->handle(Object(Illuminate\\Http\\Request), Object(Closure))
#58 C:\\Users\\62812\\Documents\\LARAVEL FUNDAMENTAL\\laravel vue ecommerce\\ecommerce\\vendor\\laravel\\framework\\src\\Illuminate\\Pipeline\\Pipeline.php(127): Illuminate\\Pipeline\\Pipeline->Illuminate\\Pipeline\\{closure}(Object(Illuminate\\Http\\Request))
#59 C:\\Users\\62812\\Documents\\LARAVEL FUNDAMENTAL\\laravel vue ecommerce\\ecommerce\\vendor\\laravel\\framework\\src\\Illuminate\\Foundation\\Http\\Kernel.php(176): Illuminate\\Pipeline\\Pipeline->then(Object(Closure))
#60 C:\\Users\\62812\\Documents\\LARAVEL FUNDAMENTAL\\laravel vue ecommerce\\ecommerce\\vendor\\laravel\\framework\\src\\Illuminate\\Foundation\\Http\\Kernel.php(145): Illuminate\\Foundation\\Http\\Kernel->sendRequestThroughRouter(Object(Illuminate\\Http\\Request))
#61 C:\\Users\\62812\\Documents\\LARAVEL FUNDAMENTAL\\laravel vue ecommerce\\ecommerce\\vendor\\laravel\\framework\\src\\Illuminate\\Foundation\\Application.php(1220): Illuminate\\Foundation\\Http\\Kernel->handle(Object(Illuminate\\Http\\Request))
#62 C:\\Users\\62812\\Documents\\LARAVEL FUNDAMENTAL\\laravel vue ecommerce\\ecommerce\\public\\index.php(17): Illuminate\\Foundation\\Application->handleRequest(Object(Illuminate\\Http\\Request))
#63 C:\\Users\\62812\\Documents\\LARAVEL FUNDAMENTAL\\laravel vue ecommerce\\ecommerce\\vendor\\laravel\\framework\\src\\Illuminate\\Foundation\\resources\\server.php(23): require_once('C:\\\\Users\\\\62812\\\\...')
#64 {main}

[previous exception] [object] (ParseError(code: 0): syntax error, unexpected end of file, expecting \"elseif\" or \"else\" or \"endif\" at C:\\Users\\62812\\Documents\\LARAVEL FUNDAMENTAL\\laravel vue ecommerce\\ecommerce\\storage\\framework\\views\\6ab588b43760987b97a79ebf9f80de33.php:230)
[stacktrace]
#0 C:\\Users\\62812\\Documents\\LARAVEL FUNDAMENTAL\\laravel vue ecommerce\\ecommerce\\vendor\\laravel\\framework\\src\\Illuminate\\Filesystem\\Filesystem.php(124): Illuminate\\Filesystem\\Filesystem::Illuminate\\Filesystem\\{closure}()
#1 C:\\Users\\62812\\Documents\\LARAVEL FUNDAMENTAL\\laravel vue ecommerce\\ecommerce\\vendor\\laravel\\framework\\src\\Illuminate\\View\\Engines\\PhpEngine.php(58): Illuminate\\Filesystem\\Filesystem->getRequire('C:\\\\Users\\\\62812\\\\...', Array)
#2 C:\\Users\\62812\\Documents\\LARAVEL FUNDAMENTAL\\laravel vue ecommerce\\ecommerce\\vendor\\laravel\\framework\\src\\Illuminate\\View\\Engines\\CompilerEngine.php(75): Illuminate\\View\\Engines\\PhpEngine->evaluatePath('C:\\\\Users\\\\62812\\\\...', Array)
#3 C:\\Users\\62812\\Documents\\LARAVEL FUNDAMENTAL\\laravel vue ecommerce\\ecommerce\\vendor\\laravel\\framework\\src\\Illuminate\\View\\View.php(209): Illuminate\\View\\Engines\\CompilerEngine->get('C:\\\\Users\\\\62812\\\\...', Array)
#4 C:\\Users\\62812\\Documents\\LARAVEL FUNDAMENTAL\\laravel vue ecommerce\\ecommerce\\vendor\\laravel\\framework\\src\\Illuminate\\View\\View.php(192): Illuminate\\View\\View->getContents()
#5 C:\\Users\\62812\\Documents\\LARAVEL FUNDAMENTAL\\laravel vue ecommerce\\ecommerce\\vendor\\laravel\\framework\\src\\Illuminate\\View\\View.php(161): Illuminate\\View\\View->renderContents()
#6 C:\\Users\\62812\\Documents\\LARAVEL FUNDAMENTAL\\laravel vue ecommerce\\ecommerce\\storage\\framework\\views\\abf812e0c61f495834822098d3a19595.php(21): Illuminate\\View\\View->render()
#7 C:\\Users\\62812\\Documents\\LARAVEL FUNDAMENTAL\\laravel vue ecommerce\\ecommerce\\vendor\\laravel\\framework\\src\\Illuminate\\Filesystem\\Filesystem.php(123): require('C:\\\\Users\\\\62812\\\\...')
#8 C:\\Users\\62812\\Documents\\LARAVEL FUNDAMENTAL\\laravel vue ecommerce\\ecommerce\\vendor\\laravel\\framework\\src\\Illuminate\\Filesystem\\Filesystem.php(124): Illuminate\\Filesystem\\Filesystem::Illuminate\\Filesystem\\{closure}()
#9 C:\\Users\\62812\\Documents\\LARAVEL FUNDAMENTAL\\laravel vue ecommerce\\ecommerce\\vendor\\laravel\\framework\\src\\Illuminate\\View\\Engines\\PhpEngine.php(58): Illuminate\\Filesystem\\Filesystem->getRequire('C:\\\\Users\\\\62812\\\\...', Array)
#10 C:\\Users\\62812\\Documents\\LARAVEL FUNDAMENTAL\\laravel vue ecommerce\\ecommerce\\vendor\\laravel\\framework\\src\\Illuminate\\View\\Engines\\CompilerEngine.php(75): Illuminate\\View\\Engines\\PhpEngine->evaluatePath('C:\\\\Users\\\\62812\\\\...', Array)
#11 C:\\Users\\62812\\Documents\\LARAVEL FUNDAMENTAL\\laravel vue ecommerce\\ecommerce\\vendor\\laravel\\framework\\src\\Illuminate\\View\\View.php(209): Illuminate\\View\\Engines\\CompilerEngine->get('C:\\\\Users\\\\62812\\\\...', Array)
#12 C:\\Users\\62812\\Documents\\LARAVEL FUNDAMENTAL\\laravel vue ecommerce\\ecommerce\\vendor\\laravel\\framework\\src\\Illuminate\\View\\View.php(192): Illuminate\\View\\View->getContents()
#13 C:\\Users\\62812\\Documents\\LARAVEL FUNDAMENTAL\\laravel vue ecommerce\\ecommerce\\vendor\\laravel\\framework\\src\\Illuminate\\View\\View.php(161): Illuminate\\View\\View->renderContents()
#14 C:\\Users\\62812\\Documents\\LARAVEL FUNDAMENTAL\\laravel vue ecommerce\\ecommerce\\vendor\\laravel\\framework\\src\\Illuminate\\View\\Concerns\\ManagesComponents.php(99): Illuminate\\View\\View->render()
#15 C:\\Users\\62812\\Documents\\LARAVEL FUNDAMENTAL\\laravel vue ecommerce\\ecommerce\\storage\\framework\\views\\81f2304a786e2dfc849130d6323387df.php(12): Illuminate\\View\\Factory->renderComponent()
#16 C:\\Users\\62812\\Documents\\LARAVEL FUNDAMENTAL\\laravel vue ecommerce\\ecommerce\\vendor\\laravel\\framework\\src\\Illuminate\\Filesystem\\Filesystem.php(123): require('C:\\\\Users\\\\62812\\\\...')
#17 C:\\Users\\62812\\Documents\\LARAVEL FUNDAMENTAL\\laravel vue ecommerce\\ecommerce\\vendor\\laravel\\framework\\src\\Illuminate\\Filesystem\\Filesystem.php(124): Illuminate\\Filesystem\\Filesystem::Illuminate\\Filesystem\\{closure}()
#18 C:\\Users\\62812\\Documents\\LARAVEL FUNDAMENTAL\\laravel vue ecommerce\\ecommerce\\vendor\\laravel\\framework\\src\\Illuminate\\View\\Engines\\PhpEngine.php(58): Illuminate\\Filesystem\\Filesystem->getRequire('C:\\\\Users\\\\62812\\\\...', Array)
#19 C:\\Users\\62812\\Documents\\LARAVEL FUNDAMENTAL\\laravel vue ecommerce\\ecommerce\\vendor\\laravel\\framework\\src\\Illuminate\\View\\Engines\\CompilerEngine.php(75): Illuminate\\View\\Engines\\PhpEngine->evaluatePath('C:\\\\Users\\\\62812\\\\...', Array)
#20 C:\\Users\\62812\\Documents\\LARAVEL FUNDAMENTAL\\laravel vue ecommerce\\ecommerce\\vendor\\laravel\\framework\\src\\Illuminate\\View\\View.php(209): Illuminate\\View\\Engines\\CompilerEngine->get('C:\\\\Users\\\\62812\\\\...', Array)
#21 C:\\Users\\62812\\Documents\\LARAVEL FUNDAMENTAL\\laravel vue ecommerce\\ecommerce\\vendor\\laravel\\framework\\src\\Illuminate\\View\\View.php(192): Illuminate\\View\\View->getContents()
#22 C:\\Users\\62812\\Documents\\LARAVEL FUNDAMENTAL\\laravel vue ecommerce\\ecommerce\\vendor\\laravel\\framework\\src\\Illuminate\\View\\View.php(161): Illuminate\\View\\View->renderContents()
#23 C:\\Users\\62812\\Documents\\LARAVEL FUNDAMENTAL\\laravel vue ecommerce\\ecommerce\\vendor\\laravel\\framework\\src\\Illuminate\\Http\\Response.php(79): Illuminate\\View\\View->render()
#24 C:\\Users\\62812\\Documents\\LARAVEL FUNDAMENTAL\\laravel vue ecommerce\\ecommerce\\vendor\\laravel\\framework\\src\\Illuminate\\Http\\Response.php(35): Illuminate\\Http\\Response->setContent(Object(Illuminate\\View\\View))
#25 C:\\Users\\62812\\Documents\\LARAVEL FUNDAMENTAL\\laravel vue ecommerce\\ecommerce\\vendor\\laravel\\framework\\src\\Illuminate\\Routing\\Router.php(920): Illuminate\\Http\\Response->__construct(Object(Illuminate\\View\\View), 200, Array)
#26 C:\\Users\\62812\\Documents\\LARAVEL FUNDAMENTAL\\laravel vue ecommerce\\ecommerce\\vendor\\laravel\\framework\\src\\Illuminate\\Routing\\Router.php(887): Illuminate\\Routing\\Router::toResponse(Object(Illuminate\\Http\\Request), Object(Illuminate\\View\\View))
#27 C:\\Users\\62812\\Documents\\LARAVEL FUNDAMENTAL\\laravel vue ecommerce\\ecommerce\\vendor\\laravel\\framework\\src\\Illuminate\\Routing\\Router.php(807): Illuminate\\Routing\\Router->prepareResponse(Object(Illuminate\\Http\\Request), Object(Illuminate\\View\\View))
#28 C:\\Users\\62812\\Documents\\LARAVEL FUNDAMENTAL\\laravel vue ecommerce\\ecommerce\\vendor\\laravel\\framework\\src\\Illuminate\\Pipeline\\Pipeline.php(170): Illuminate\\Routing\\Router->Illuminate\\Routing\\{closure}(Object(Illuminate\\Http\\Request))
#29 C:\\Users\\62812\\Documents\\LARAVEL FUNDAMENTAL\\laravel vue ecommerce\\ecommerce\\vendor\\laravel\\framework\\src\\Illuminate\\Routing\\Middleware\\SubstituteBindings.php(51): Illuminate\\Pipeline\\Pipeline->Illuminate\\Pipeline\\{closure}(Object(Illuminate\\Http\\Request))
#30 C:\\Users\\62812\\Documents\\LARAVEL FUNDAMENTAL\\laravel vue ecommerce\\ecommerce\\vendor\\laravel\\framework\\src\\Illuminate\\Pipeline\\Pipeline.php(209): Illuminate\\Routing\\Middleware\\SubstituteBindings->handle(Object(Illuminate\\Http\\Request), Object(Closure))
#31 C:\\Users\\62812\\Documents\\LARAVEL FUNDAMENTAL\\laravel vue ecommerce\\ecommerce\\vendor\\laravel\\framework\\src\\Illuminate\\Foundation\\Http\\Middleware\\VerifyCsrfToken.php(88): Illuminate\\Pipeline\\Pipeline->Illuminate\\Pipeline\\{closure}(Object(Illuminate\\Http\\Request))
#32 C:\\Users\\62812\\Documents\\LARAVEL FUNDAMENTAL\\laravel vue ecommerce\\ecommerce\\vendor\\laravel\\framework\\src\\Illuminate\\Pipeline\\Pipeline.php(209): Illuminate\\Foundation\\Http\\Middleware\\VerifyCsrfToken->handle(Object(Illuminate\\Http\\Request), Object(Closure))
#33 C:\\Users\\62812\\Documents\\LARAVEL FUNDAMENTAL\\laravel vue ecommerce\\ecommerce\\vendor\\laravel\\framework\\src\\Illuminate\\View\\Middleware\\ShareErrorsFromSession.php(49): Illuminate\\Pipeline\\Pipeline->Illuminate\\Pipeline\\{closure}(Object(Illuminate\\Http\\Request))
#34 C:\\Users\\62812\\Documents\\LARAVEL FUNDAMENTAL\\laravel vue ecommerce\\ecommerce\\vendor\\laravel\\framework\\src\\Illuminate\\Pipeline\\Pipeline.php(209): Illuminate\\View\\Middleware\\ShareErrorsFromSession->handle(Object(Illuminate\\Http\\Request), Object(Closure))
#35 C:\\Users\\62812\\Documents\\LARAVEL FUNDAMENTAL\\laravel vue ecommerce\\ecommerce\\vendor\\laravel\\framework\\src\\Illuminate\\Session\\Middleware\\StartSession.php(121): Illuminate\\Pipeline\\Pipeline->Illuminate\\Pipeline\\{closure}(Object(Illuminate\\Http\\Request))
#36 C:\\Users\\62812\\Documents\\LARAVEL FUNDAMENTAL\\laravel vue ecommerce\\ecommerce\\vendor\\laravel\\framework\\src\\Illuminate\\Session\\Middleware\\StartSession.php(64): Illuminate\\Session\\Middleware\\StartSession->handleStatefulRequest(Object(Illuminate\\Http\\Request), Object(Illuminate\\Session\\Store), Object(Closure))
#37 C:\\Users\\62812\\Documents\\LARAVEL FUNDAMENTAL\\laravel vue ecommerce\\ecommerce\\vendor\\laravel\\framework\\src\\Illuminate\\Pipeline\\Pipeline.php(209): Illuminate\\Session\\Middleware\\StartSession->handle(Object(Illuminate\\Http\\Request), Object(Closure))
#38 C:\\Users\\62812\\Documents\\LARAVEL FUNDAMENTAL\\laravel vue ecommerce\\ecommerce\\vendor\\laravel\\framework\\src\\Illuminate\\Cookie\\Middleware\\AddQueuedCookiesToResponse.php(37): Illuminate\\Pipeline\\Pipeline->Illuminate\\Pipeline\\{closure}(Object(Illuminate\\Http\\Request))
#39 C:\\Users\\62812\\Documents\\LARAVEL FUNDAMENTAL\\laravel vue ecommerce\\ecommerce\\vendor\\laravel\\framework\\src\\Illuminate\\Pipeline\\Pipeline.php(209): Illuminate\\Cookie\\Middleware\\AddQueuedCookiesToResponse->handle(Object(Illuminate\\Http\\Request), Object(Closure))
#40 C:\\Users\\62812\\Documents\\LARAVEL FUNDAMENTAL\\laravel vue ecommerce\\ecommerce\\vendor\\laravel\\framework\\src\\Illuminate\\Cookie\\Middleware\\EncryptCookies.php(75): Illuminate\\Pipeline\\Pipeline->Illuminate\\Pipeline\\{closure}(Object(Illuminate\\Http\\Request))
#41 C:\\Users\\62812\\Documents\\LARAVEL FUNDAMENTAL\\laravel vue ecommerce\\ecommerce\\vendor\\laravel\\framework\\src\\Illuminate\\Pipeline\\Pipeline.php(209): Illuminate\\Cookie\\Middleware\\EncryptCookies->handle(Object(Illuminate\\Http\\Request), Object(Closure))
#42 C:\\Users\\62812\\Documents\\LARAVEL FUNDAMENTAL\\laravel vue ecommerce\\ecommerce\\vendor\\laravel\\framework\\src\\Illuminate\\Pipeline\\Pipeline.php(127): Illuminate\\Pipeline\\Pipeline->Illuminate\\Pipeline\\{closure}(Object(Illuminate\\Http\\Request))
#43 C:\\Users\\62812\\Documents\\LARAVEL FUNDAMENTAL\\laravel vue ecommerce\\ecommerce\\vendor\\laravel\\framework\\src\\Illuminate\\Routing\\Router.php(807): Illuminate\\Pipeline\\Pipeline->then(Object(Closure))
#44 C:\\Users\\62812\\Documents\\LARAVEL FUNDAMENTAL\\laravel vue ecommerce\\ecommerce\\vendor\\laravel\\framework\\src\\Illuminate\\Routing\\Router.php(786): Illuminate\\Routing\\Router->runRouteWithinStack(Object(Illuminate\\Routing\\Route), Object(Illuminate\\Http\\Request))
#45 C:\\Users\\62812\\Documents\\LARAVEL FUNDAMENTAL\\laravel vue ecommerce\\ecommerce\\vendor\\laravel\\framework\\src\\Illuminate\\Routing\\Router.php(750): Illuminate\\Routing\\Router->runRoute(Object(Illuminate\\Http\\Request), Object(Illuminate\\Routing\\Route))
#46 C:\\Users\\62812\\Documents\\LARAVEL FUNDAMENTAL\\laravel vue ecommerce\\ecommerce\\vendor\\laravel\\framework\\src\\Illuminate\\Routing\\Router.php(739): Illuminate\\Routing\\Router->dispatchToRoute(Object(Illuminate\\Http\\Request))
#47 C:\\Users\\62812\\Documents\\LARAVEL FUNDAMENTAL\\laravel vue ecommerce\\ecommerce\\vendor\\laravel\\framework\\src\\Illuminate\\Foundation\\Http\\Kernel.php(201): Illuminate\\Routing\\Router->dispatch(Object(Illuminate\\Http\\Request))
#48 C:\\Users\\62812\\Documents\\LARAVEL FUNDAMENTAL\\laravel vue ecommerce\\ecommerce\\vendor\\laravel\\framework\\src\\Illuminate\\Pipeline\\Pipeline.php(170): Illuminate\\Foundation\\Http\\Kernel->Illuminate\\Foundation\\Http\\{closure}(Object(Illuminate\\Http\\Request))
#49 C:\\Users\\62812\\Documents\\LARAVEL FUNDAMENTAL\\laravel vue ecommerce\\ecommerce\\vendor\\laravel\\framework\\src\\Illuminate\\Foundation\\Http\\Middleware\\TransformsRequest.php(21): Illuminate\\Pipeline\\Pipeline->Illuminate\\Pipeline\\{closure}(Object(Illuminate\\Http\\Request))
#50 C:\\Users\\62812\\Documents\\LARAVEL FUNDAMENTAL\\laravel vue ecommerce\\ecommerce\\vendor\\laravel\\framework\\src\\Illuminate\\Foundation\\Http\\Middleware\\ConvertEmptyStringsToNull.php(31): Illuminate\\Foundation\\Http\\Middleware\\TransformsRequest->handle(Object(Illuminate\\Http\\Request), Object(Closure))
#51 C:\\Users\\62812\\Documents\\LARAVEL FUNDAMENTAL\\laravel vue ecommerce\\ecommerce\\vendor\\laravel\\framework\\src\\Illuminate\\Pipeline\\Pipeline.php(209): Illuminate\\Foundation\\Http\\Middleware\\ConvertEmptyStringsToNull->handle(Object(Illuminate\\Http\\Request), Object(Closure))
#52 C:\\Users\\62812\\Documents\\LARAVEL FUNDAMENTAL\\laravel vue ecommerce\\ecommerce\\vendor\\laravel\\framework\\src\\Illuminate\\Foundation\\Http\\Middleware\\TransformsRequest.php(21): Illuminate\\Pipeline\\Pipeline->Illuminate\\Pipeline\\{closure}(Object(Illuminate\\Http\\Request))
#53 C:\\Users\\62812\\Documents\\LARAVEL FUNDAMENTAL\\laravel vue ecommerce\\ecommerce\\vendor\\laravel\\framework\\src\\Illuminate\\Foundation\\Http\\Middleware\\TrimStrings.php(51): Illuminate\\Foundation\\Http\\Middleware\\TransformsRequest->handle(Object(Illuminate\\Http\\Request), Object(Closure))
#54 C:\\Users\\62812\\Documents\\LARAVEL FUNDAMENTAL\\laravel vue ecommerce\\ecommerce\\vendor\\laravel\\framework\\src\\Illuminate\\Pipeline\\Pipeline.php(209): Illuminate\\Foundation\\Http\\Middleware\\TrimStrings->handle(Object(Illuminate\\Http\\Request), Object(Closure))
#55 C:\\Users\\62812\\Documents\\LARAVEL FUNDAMENTAL\\laravel vue ecommerce\\ecommerce\\vendor\\laravel\\framework\\src\\Illuminate\\Http\\Middleware\\ValidatePostSize.php(27): Illuminate\\Pipeline\\Pipeline->Illuminate\\Pipeline\\{closure}(Object(Illuminate\\Http\\Request))
#56 C:\\Users\\62812\\Documents\\LARAVEL FUNDAMENTAL\\laravel vue ecommerce\\ecommerce\\vendor\\laravel\\framework\\src\\Illuminate\\Pipeline\\Pipeline.php(209): Illuminate\\Http\\Middleware\\ValidatePostSize->handle(Object(Illuminate\\Http\\Request), Object(Closure))
#57 C:\\Users\\62812\\Documents\\LARAVEL FUNDAMENTAL\\laravel vue ecommerce\\ecommerce\\vendor\\laravel\\framework\\src\\Illuminate\\Foundation\\Http\\Middleware\\PreventRequestsDuringMaintenance.php(110): Illuminate\\Pipeline\\Pipeline->Illuminate\\Pipeline\\{closure}(Object(Illuminate\\Http\\Request))
#58 C:\\Users\\62812\\Documents\\LARAVEL FUNDAMENTAL\\laravel vue ecommerce\\ecommerce\\vendor\\laravel\\framework\\src\\Illuminate\\Pipeline\\Pipeline.php(209): Illuminate\\Foundation\\Http\\Middleware\\PreventRequestsDuringMaintenance->handle(Object(Illuminate\\Http\\Request), Object(Closure))
#59 C:\\Users\\62812\\Documents\\LARAVEL FUNDAMENTAL\\laravel vue ecommerce\\ecommerce\\vendor\\laravel\\framework\\src\\Illuminate\\Http\\Middleware\\HandleCors.php(49): Illuminate\\Pipeline\\Pipeline->Illuminate\\Pipeline\\{closure}(Object(Illuminate\\Http\\Request))
#60 C:\\Users\\62812\\Documents\\LARAVEL FUNDAMENTAL\\laravel vue ecommerce\\ecommerce\\vendor\\laravel\\framework\\src\\Illuminate\\Pipeline\\Pipeline.php(209): Illuminate\\Http\\Middleware\\HandleCors->handle(Object(Illuminate\\Http\\Request), Object(Closure))
#61 C:\\Users\\62812\\Documents\\LARAVEL FUNDAMENTAL\\laravel vue ecommerce\\ecommerce\\vendor\\laravel\\framework\\src\\Illuminate\\Http\\Middleware\\TrustProxies.php(58): Illuminate\\Pipeline\\Pipeline->Illuminate\\Pipeline\\{closure}(Object(Illuminate\\Http\\Request))
#62 C:\\Users\\62812\\Documents\\LARAVEL FUNDAMENTAL\\laravel vue ecommerce\\ecommerce\\vendor\\laravel\\framework\\src\\Illuminate\\Pipeline\\Pipeline.php(209): Illuminate\\Http\\Middleware\\TrustProxies->handle(Object(Illuminate\\Http\\Request), Object(Closure))
#63 C:\\Users\\62812\\Documents\\LARAVEL FUNDAMENTAL\\laravel vue ecommerce\\ecommerce\\vendor\\laravel\\framework\\src\\Illuminate\\Foundation\\Http\\Middleware\\InvokeDeferredCallbacks.php(22): Illuminate\\Pipeline\\Pipeline->Illuminate\\Pipeline\\{closure}(Object(Illuminate\\Http\\Request))
#64 C:\\Users\\62812\\Documents\\LARAVEL FUNDAMENTAL\\laravel vue ecommerce\\ecommerce\\vendor\\laravel\\framework\\src\\Illuminate\\Pipeline\\Pipeline.php(209): Illuminate\\Foundation\\Http\\Middleware\\InvokeDeferredCallbacks->handle(Object(Illuminate\\Http\\Request), Object(Closure))
#65 C:\\Users\\62812\\Documents\\LARAVEL FUNDAMENTAL\\laravel vue ecommerce\\ecommerce\\vendor\\laravel\\framework\\src\\Illuminate\\Pipeline\\Pipeline.php(127): Illuminate\\Pipeline\\Pipeline->Illuminate\\Pipeline\\{closure}(Object(Illuminate\\Http\\Request))
#66 C:\\Users\\62812\\Documents\\LARAVEL FUNDAMENTAL\\laravel vue ecommerce\\ecommerce\\vendor\\laravel\\framework\\src\\Illuminate\\Foundation\\Http\\Kernel.php(176): Illuminate\\Pipeline\\Pipeline->then(Object(Closure))
#67 C:\\Users\\62812\\Documents\\LARAVEL FUNDAMENTAL\\laravel vue ecommerce\\ecommerce\\vendor\\laravel\\framework\\src\\Illuminate\\Foundation\\Http\\Kernel.php(145): Illuminate\\Foundation\\Http\\Kernel->sendRequestThroughRouter(Object(Illuminate\\Http\\Request))
#68 C:\\Users\\62812\\Documents\\LARAVEL FUNDAMENTAL\\laravel vue ecommerce\\ecommerce\\vendor\\laravel\\framework\\src\\Illuminate\\Foundation\\Application.php(1220): Illuminate\\Foundation\\Http\\Kernel->handle(Object(Illuminate\\Http\\Request))
#69 C:\\Users\\62812\\Documents\\LARAVEL FUNDAMENTAL\\laravel vue ecommerce\\ecommerce\\public\\index.php(17): Illuminate\\Foundation\\Application->handleRequest(Object(Illuminate\\Http\\Request))
#70 C:\\Users\\62812\\Documents\\LARAVEL FUNDAMENTAL\\laravel vue ecommerce\\ecommerce\\vendor\\laravel\\framework\\src\\Illuminate\\Foundation\\resources\\server.php(23): require_once('C:\\\\Users\\\\62812\\\\...')
#71 {main}
"} 
[2025-09-25 03:46:23] local.ERROR: syntax error, unexpected end of file {"view":{"view":"C:\\Users\\62812\\Documents\\LARAVEL FUNDAMENTAL\\laravel vue ecommerce\\ecommerce\\resources\\views\\layouts\\navigation.blade.php","data":{"errors":"<pre class=sf-dump id=sf-dump-1416121631 data-indent-pad=\"  \"><span class=sf-dump-note>Illuminate\\Support\\ViewErrorBag</span> {<a class=sf-dump-ref>#1286</a><samp data-depth=1 class=sf-dump-expanded>
  #<span class=sf-dump-protected title=\"Protected property\">bags</span>: []
</samp>}
</pre><script>Sfdump(\"sf-dump-1416121631\", {\"maxDepth\":3,\"maxStringLength\":160})</script>
","componentName":"<pre class=sf-dump id=sf-dump-2000324495 data-indent-pad=\"  \">\"<span class=sf-dump-str title=\"10 characters\">app-layout</span>\"
</pre><script>Sfdump(\"sf-dump-2000324495\", {\"maxDepth\":3,\"maxStringLength\":160})</script>
","attributes":"<pre class=sf-dump id=sf-dump-1198657833 data-indent-pad=\"  \"><span class=sf-dump-note>Illuminate\\View\\ComponentAttributeBag</span> {<a class=sf-dump-ref>#1308</a><samp data-depth=1 class=sf-dump-expanded>
  #<span class=sf-dump-protected title=\"Protected property\">attributes</span>: []
</samp>}
</pre><script>Sfdump(\"sf-dump-1198657833\", {\"maxDepth\":3,\"maxStringLength\":160})</script>
","ignoredParameterNames":"<pre class=sf-dump id=sf-dump-475478082 data-indent-pad=\"  \"><span class=sf-dump-note>Illuminate\\View\\InvokableComponentVariable</span> {<a class=sf-dump-ref>#1322</a><samp data-depth=1 class=sf-dump-expanded>
  #<span class=sf-dump-protected title=\"Protected property\">callable</span>: <span class=sf-dump-note>Closure()</span> {<a class=sf-dump-ref>#1321</a><samp data-depth=2 class=sf-dump-compact>
    <span class=sf-dump-meta>class</span>: \"<span class=\"sf-dump-str sf-dump-ellipsization\" title=\"App\\View\\Components\\AppLayout
29 characters\"><span class=\"sf-dump-ellipsis sf-dump-ellipsis-class\">App\\View\\Components</span><span class=\"sf-dump-ellipsis sf-dump-ellipsis-class\">\\</span><span class=\"sf-dump-ellipsis-tail\">AppLayout</span></span>\"
    <span class=sf-dump-meta>this</span>: <span class=\"sf-dump-note sf-dump-ellipsization\" title=\"App\\View\\Components\\AppLayout
\"><span class=\"sf-dump-ellipsis sf-dump-ellipsis-note\">App\\View\\Components</span><span class=\"sf-dump-ellipsis sf-dump-ellipsis-note\">\\</span><span class=\"sf-dump-ellipsis-tail\">AppLayout</span></span> {<a class=sf-dump-ref>#1306</a> &#8230;}
    <span class=sf-dump-meta>use</span>: {<samp data-depth=3 class=sf-dump-compact>
      <span class=sf-dump-meta>$method</span>: \"<span class=sf-dump-str title=\"21 characters\">ignoredParameterNames</span>\"
    </samp>}
    <span class=sf-dump-meta>file</span>: \"<span class=\"sf-dump-str sf-dump-ellipsization\" title=\"C:\\Users\\62812\\Documents\\LARAVEL FUNDAMENTAL\\laravel vue ecommerce\\ecommerce\\vendor\\laravel\\framework\\src\\Illuminate\\View\\Component.php
135 characters\"><span class=\"sf-dump-ellipsis sf-dump-ellipsis-path\">C:\\Users\\62812\\Documents\\LARAVEL FUNDAMENTAL\\laravel vue ecommerce\\ecommerce\\vendor</span><span class=\"sf-dump-ellipsis sf-dump-ellipsis-path\">\\laravel\\framework\\</span><span class=\"sf-dump-ellipsis-tail\">src\\Illuminate\\View\\Component.php</span></span>\"
    <span class=sf-dump-meta>line</span>: \"<span class=sf-dump-str title=\"10 characters\">303 to 305</span>\"
  </samp>}
</samp>}
</pre><script>Sfdump(\"sf-dump-475478082\", {\"maxDepth\":3,\"maxStringLength\":160})</script>
","slot":"<pre class=sf-dump id=sf-dump-312521574 data-indent-pad=\"  \"><span class=sf-dump-note>Illuminate\\View\\ComponentSlot</span> {<a class=sf-dump-ref>#1309</a><samp data-depth=1 class=sf-dump-expanded>
  +<span class=sf-dump-public title=\"Public property\">attributes</span>: <span class=\"sf-dump-note sf-dump-ellipsization\" title=\"Illuminate\\View\\ComponentAttributeBag
\"><span class=\"sf-dump-ellipsis sf-dump-ellipsis-note\">Illuminate\\View</span><span class=\"sf-dump-ellipsis sf-dump-ellipsis-note\">\\</span><span class=\"sf-dump-ellipsis-tail\">ComponentAttributeBag</span></span> {<a class=sf-dump-ref>#1319</a><samp data-depth=2 class=sf-dump-compact>
    #<span class=sf-dump-protected title=\"Protected property\">attributes</span>: []
  </samp>}
  #<span class=sf-dump-protected title=\"Protected property\">contents</span>: \"<span class=sf-dump-str title=\"7 characters\">welcome</span>\"
</samp>}
</pre><script>Sfdump(\"sf-dump-312521574\", {\"maxDepth\":3,\"maxStringLength\":160})</script>
","__laravel_slots":"<pre class=sf-dump id=sf-dump-120558822 data-indent-pad=\"  \"><span class=sf-dump-note>array:1</span> [<samp data-depth=1 class=sf-dump-expanded>
  \"<span class=sf-dump-key>__default</span>\" => <span class=\"sf-dump-note sf-dump-ellipsization\" title=\"Illuminate\\View\\ComponentSlot
\"><span class=\"sf-dump-ellipsis sf-dump-ellipsis-note\">Illuminate\\View</span><span class=\"sf-dump-ellipsis sf-dump-ellipsis-note\">\\</span><span class=\"sf-dump-ellipsis-tail\">ComponentSlot</span></span> {<a class=sf-dump-ref>#1309</a><samp data-depth=2 class=sf-dump-compact>
    +<span class=sf-dump-public title=\"Public property\">attributes</span>: <span class=\"sf-dump-note sf-dump-ellipsization\" title=\"Illuminate\\View\\ComponentAttributeBag
\"><span class=\"sf-dump-ellipsis sf-dump-ellipsis-note\">Illuminate\\View</span><span class=\"sf-dump-ellipsis sf-dump-ellipsis-note\">\\</span><span class=\"sf-dump-ellipsis-tail\">ComponentAttributeBag</span></span> {<a class=sf-dump-ref>#1319</a><samp data-depth=3 class=sf-dump-compact>
      #<span class=sf-dump-protected title=\"Protected property\">attributes</span>: []
    </samp>}
    #<span class=sf-dump-protected title=\"Protected property\">contents</span>: \"<span class=sf-dump-str title=\"7 characters\">welcome</span>\"
  </samp>}
</samp>]
</pre><script>Sfdump(\"sf-dump-120558822\", {\"maxDepth\":3,\"maxStringLength\":160})</script>
"}},"exception":"[object] (Spatie\\LaravelIgnition\\Exceptions\\ViewException(code: 0): syntax error, unexpected end of file at C:\\Users\\62812\\Documents\\LARAVEL FUNDAMENTAL\\laravel vue ecommerce\\ecommerce\\resources\\views\\layouts\\navigation.blade.php:226)
[stacktrace]
#0 C:\\Users\\62812\\Documents\\LARAVEL FUNDAMENTAL\\laravel vue ecommerce\\ecommerce\\vendor\\laravel\\framework\\src\\Illuminate\\Filesystem\\Filesystem.php(123): require('C:\\\\Users\\\\62812\\\\...')
#1 C:\\Users\\62812\\Documents\\LARAVEL FUNDAMENTAL\\laravel vue ecommerce\\ecommerce\\vendor\\laravel\\framework\\src\\Illuminate\\Filesystem\\Filesystem.php(124): Illuminate\\Filesystem\\Filesystem::Illuminate\\Filesystem\\{closure}()
#2 C:\\Users\\62812\\Documents\\LARAVEL FUNDAMENTAL\\laravel vue ecommerce\\ecommerce\\vendor\\laravel\\framework\\src\\Illuminate\\View\\Engines\\PhpEngine.php(58): Illuminate\\Filesystem\\Filesystem->getRequire('C:\\\\Users\\\\62812\\\\...', Array)
#3 C:\\Users\\62812\\Documents\\LARAVEL FUNDAMENTAL\\laravel vue ecommerce\\ecommerce\\vendor\\laravel\\framework\\src\\Illuminate\\View\\Engines\\CompilerEngine.php(75): Illuminate\\View\\Engines\\PhpEngine->evaluatePath('C:\\\\Users\\\\62812\\\\...', Array)
#4 C:\\Users\\62812\\Documents\\LARAVEL FUNDAMENTAL\\laravel vue ecommerce\\ecommerce\\vendor\\laravel\\framework\\src\\Illuminate\\View\\View.php(209): Illuminate\\View\\Engines\\CompilerEngine->get('C:\\\\Users\\\\62812\\\\...', Array)
#5 C:\\Users\\62812\\Documents\\LARAVEL FUNDAMENTAL\\laravel vue ecommerce\\ecommerce\\vendor\\laravel\\framework\\src\\Illuminate\\View\\View.php(192): Illuminate\\View\\View->getContents()
#6 C:\\Users\\62812\\Documents\\LARAVEL FUNDAMENTAL\\laravel vue ecommerce\\ecommerce\\vendor\\laravel\\framework\\src\\Illuminate\\View\\View.php(161): Illuminate\\View\\View->renderContents()
#7 C:\\Users\\62812\\Documents\\LARAVEL FUNDAMENTAL\\laravel vue ecommerce\\ecommerce\\vendor\\laravel\\framework\\src\\Illuminate\\View\\Concerns\\ManagesComponents.php(99): Illuminate\\View\\View->render()
#8 C:\\Users\\62812\\Documents\\LARAVEL FUNDAMENTAL\\laravel vue ecommerce\\ecommerce\\resources\\views\\welcome.blade.php(1): Illuminate\\View\\Factory->renderComponent()
#9 C:\\Users\\62812\\Documents\\LARAVEL FUNDAMENTAL\\laravel vue ecommerce\\ecommerce\\vendor\\laravel\\framework\\src\\Illuminate\\Filesystem\\Filesystem.php(123): require('C:\\\\Users\\\\62812\\\\...')
#10 C:\\Users\\62812\\Documents\\LARAVEL FUNDAMENTAL\\laravel vue ecommerce\\ecommerce\\vendor\\laravel\\framework\\src\\Illuminate\\Filesystem\\Filesystem.php(124): Illuminate\\Filesystem\\Filesystem::Illuminate\\Filesystem\\{closure}()
#11 C:\\Users\\62812\\Documents\\LARAVEL FUNDAMENTAL\\laravel vue ecommerce\\ecommerce\\vendor\\laravel\\framework\\src\\Illuminate\\View\\Engines\\PhpEngine.php(58): Illuminate\\Filesystem\\Filesystem->getRequire('C:\\\\Users\\\\62812\\\\...', Array)
#12 C:\\Users\\62812\\Documents\\LARAVEL FUNDAMENTAL\\laravel vue ecommerce\\ecommerce\\vendor\\laravel\\framework\\src\\Illuminate\\View\\Engines\\CompilerEngine.php(75): Illuminate\\View\\Engines\\PhpEngine->evaluatePath('C:\\\\Users\\\\62812\\\\...', Array)
#13 C:\\Users\\62812\\Documents\\LARAVEL FUNDAMENTAL\\laravel vue ecommerce\\ecommerce\\vendor\\laravel\\framework\\src\\Illuminate\\View\\View.php(209): Illuminate\\View\\Engines\\CompilerEngine->get('C:\\\\Users\\\\62812\\\\...', Array)
#14 C:\\Users\\62812\\Documents\\LARAVEL FUNDAMENTAL\\laravel vue ecommerce\\ecommerce\\vendor\\laravel\\framework\\src\\Illuminate\\View\\View.php(192): Illuminate\\View\\View->getContents()
#15 C:\\Users\\62812\\Documents\\LARAVEL FUNDAMENTAL\\laravel vue ecommerce\\ecommerce\\vendor\\laravel\\framework\\src\\Illuminate\\View\\View.php(161): Illuminate\\View\\View->renderContents()
#16 C:\\Users\\62812\\Documents\\LARAVEL FUNDAMENTAL\\laravel vue ecommerce\\ecommerce\\vendor\\laravel\\framework\\src\\Illuminate\\Http\\Response.php(79): Illuminate\\View\\View->render()
#17 C:\\Users\\62812\\Documents\\LARAVEL FUNDAMENTAL\\laravel vue ecommerce\\ecommerce\\vendor\\laravel\\framework\\src\\Illuminate\\Http\\Response.php(35): Illuminate\\Http\\Response->setContent(Object(Illuminate\\View\\View))
#18 C:\\Users\\62812\\Documents\\LARAVEL FUNDAMENTAL\\laravel vue ecommerce\\ecommerce\\vendor\\laravel\\framework\\src\\Illuminate\\Routing\\Router.php(920): Illuminate\\Http\\Response->__construct(Object(Illuminate\\View\\View), 200, Array)
#19 C:\\Users\\62812\\Documents\\LARAVEL FUNDAMENTAL\\laravel vue ecommerce\\ecommerce\\vendor\\laravel\\framework\\src\\Illuminate\\Routing\\Router.php(887): Illuminate\\Routing\\Router::toResponse(Object(Illuminate\\Http\\Request), Object(Illuminate\\View\\View))
#20 C:\\Users\\62812\\Documents\\LARAVEL FUNDAMENTAL\\laravel vue ecommerce\\ecommerce\\vendor\\laravel\\framework\\src\\Illuminate\\Routing\\Router.php(807): Illuminate\\Routing\\Router->prepareResponse(Object(Illuminate\\Http\\Request), Object(Illuminate\\View\\View))
#21 C:\\Users\\62812\\Documents\\LARAVEL FUNDAMENTAL\\laravel vue ecommerce\\ecommerce\\vendor\\laravel\\framework\\src\\Illuminate\\Pipeline\\Pipeline.php(170): Illuminate\\Routing\\Router->Illuminate\\Routing\\{closure}(Object(Illuminate\\Http\\Request))
#22 C:\\Users\\62812\\Documents\\LARAVEL FUNDAMENTAL\\laravel vue ecommerce\\ecommerce\\vendor\\laravel\\framework\\src\\Illuminate\\Routing\\Middleware\\SubstituteBindings.php(51): Illuminate\\Pipeline\\Pipeline->Illuminate\\Pipeline\\{closure}(Object(Illuminate\\Http\\Request))
#23 C:\\Users\\62812\\Documents\\LARAVEL FUNDAMENTAL\\laravel vue ecommerce\\ecommerce\\vendor\\laravel\\framework\\src\\Illuminate\\Pipeline\\Pipeline.php(209): Illuminate\\Routing\\Middleware\\SubstituteBindings->handle(Object(Illuminate\\Http\\Request), Object(Closure))
#24 C:\\Users\\62812\\Documents\\LARAVEL FUNDAMENTAL\\laravel vue ecommerce\\ecommerce\\vendor\\laravel\\framework\\src\\Illuminate\\Foundation\\Http\\Middleware\\VerifyCsrfToken.php(88): Illuminate\\Pipeline\\Pipeline->Illuminate\\Pipeline\\{closure}(Object(Illuminate\\Http\\Request))
#25 C:\\Users\\62812\\Documents\\LARAVEL FUNDAMENTAL\\laravel vue ecommerce\\ecommerce\\vendor\\laravel\\framework\\src\\Illuminate\\Pipeline\\Pipeline.php(209): Illuminate\\Foundation\\Http\\Middleware\\VerifyCsrfToken->handle(Object(Illuminate\\Http\\Request), Object(Closure))
#26 C:\\Users\\62812\\Documents\\LARAVEL FUNDAMENTAL\\laravel vue ecommerce\\ecommerce\\vendor\\laravel\\framework\\src\\Illuminate\\View\\Middleware\\ShareErrorsFromSession.php(49): Illuminate\\Pipeline\\Pipeline->Illuminate\\Pipeline\\{closure}(Object(Illuminate\\Http\\Request))
#27 C:\\Users\\62812\\Documents\\LARAVEL FUNDAMENTAL\\laravel vue ecommerce\\ecommerce\\vendor\\laravel\\framework\\src\\Illuminate\\Pipeline\\Pipeline.php(209): Illuminate\\View\\Middleware\\ShareErrorsFromSession->handle(Object(Illuminate\\Http\\Request), Object(Closure))
#28 C:\\Users\\62812\\Documents\\LARAVEL FUNDAMENTAL\\laravel vue ecommerce\\ecommerce\\vendor\\laravel\\framework\\src\\Illuminate\\Session\\Middleware\\StartSession.php(121): Illuminate\\Pipeline\\Pipeline->Illuminate\\Pipeline\\{closure}(Object(Illuminate\\Http\\Request))
#29 C:\\Users\\62812\\Documents\\LARAVEL FUNDAMENTAL\\laravel vue ecommerce\\ecommerce\\vendor\\laravel\\framework\\src\\Illuminate\\Session\\Middleware\\StartSession.php(64): Illuminate\\Session\\Middleware\\StartSession->handleStatefulRequest(Object(Illuminate\\Http\\Request), Object(Illuminate\\Session\\Store), Object(Closure))
#30 C:\\Users\\62812\\Documents\\LARAVEL FUNDAMENTAL\\laravel vue ecommerce\\ecommerce\\vendor\\laravel\\framework\\src\\Illuminate\\Pipeline\\Pipeline.php(209): Illuminate\\Session\\Middleware\\StartSession->handle(Object(Illuminate\\Http\\Request), Object(Closure))
#31 C:\\Users\\62812\\Documents\\LARAVEL FUNDAMENTAL\\laravel vue ecommerce\\ecommerce\\vendor\\laravel\\framework\\src\\Illuminate\\Cookie\\Middleware\\AddQueuedCookiesToResponse.php(37): Illuminate\\Pipeline\\Pipeline->Illuminate\\Pipeline\\{closure}(Object(Illuminate\\Http\\Request))
#32 C:\\Users\\62812\\Documents\\LARAVEL FUNDAMENTAL\\laravel vue ecommerce\\ecommerce\\vendor\\laravel\\framework\\src\\Illuminate\\Pipeline\\Pipeline.php(209): Illuminate\\Cookie\\Middleware\\AddQueuedCookiesToResponse->handle(Object(Illuminate\\Http\\Request), Object(Closure))
#33 C:\\Users\\62812\\Documents\\LARAVEL FUNDAMENTAL\\laravel vue ecommerce\\ecommerce\\vendor\\laravel\\framework\\src\\Illuminate\\Cookie\\Middleware\\EncryptCookies.php(75): Illuminate\\Pipeline\\Pipeline->Illuminate\\Pipeline\\{closure}(Object(Illuminate\\Http\\Request))
#34 C:\\Users\\62812\\Documents\\LARAVEL FUNDAMENTAL\\laravel vue ecommerce\\ecommerce\\vendor\\laravel\\framework\\src\\Illuminate\\Pipeline\\Pipeline.php(209): Illuminate\\Cookie\\Middleware\\EncryptCookies->handle(Object(Illuminate\\Http\\Request), Object(Closure))
#35 C:\\Users\\62812\\Documents\\LARAVEL FUNDAMENTAL\\laravel vue ecommerce\\ecommerce\\vendor\\laravel\\framework\\src\\Illuminate\\Pipeline\\Pipeline.php(127): Illuminate\\Pipeline\\Pipeline->Illuminate\\Pipeline\\{closure}(Object(Illuminate\\Http\\Request))
#36 C:\\Users\\62812\\Documents\\LARAVEL FUNDAMENTAL\\laravel vue ecommerce\\ecommerce\\vendor\\laravel\\framework\\src\\Illuminate\\Routing\\Router.php(807): Illuminate\\Pipeline\\Pipeline->then(Object(Closure))
#37 C:\\Users\\62812\\Documents\\LARAVEL FUNDAMENTAL\\laravel vue ecommerce\\ecommerce\\vendor\\laravel\\framework\\src\\Illuminate\\Routing\\Router.php(786): Illuminate\\Routing\\Router->runRouteWithinStack(Object(Illuminate\\Routing\\Route), Object(Illuminate\\Http\\Request))
#38 C:\\Users\\62812\\Documents\\LARAVEL FUNDAMENTAL\\laravel vue ecommerce\\ecommerce\\vendor\\laravel\\framework\\src\\Illuminate\\Routing\\Router.php(750): Illuminate\\Routing\\Router->runRoute(Object(Illuminate\\Http\\Request), Object(Illuminate\\Routing\\Route))
#39 C:\\Users\\62812\\Documents\\LARAVEL FUNDAMENTAL\\laravel vue ecommerce\\ecommerce\\vendor\\laravel\\framework\\src\\Illuminate\\Routing\\Router.php(739): Illuminate\\Routing\\Router->dispatchToRoute(Object(Illuminate\\Http\\Request))
#40 C:\\Users\\62812\\Documents\\LARAVEL FUNDAMENTAL\\laravel vue ecommerce\\ecommerce\\vendor\\laravel\\framework\\src\\Illuminate\\Foundation\\Http\\Kernel.php(201): Illuminate\\Routing\\Router->dispatch(Object(Illuminate\\Http\\Request))
#41 C:\\Users\\62812\\Documents\\LARAVEL FUNDAMENTAL\\laravel vue ecommerce\\ecommerce\\vendor\\laravel\\framework\\src\\Illuminate\\Pipeline\\Pipeline.php(170): Illuminate\\Foundation\\Http\\Kernel->Illuminate\\Foundation\\Http\\{closure}(Object(Illuminate\\Http\\Request))
#42 C:\\Users\\62812\\Documents\\LARAVEL FUNDAMENTAL\\laravel vue ecommerce\\ecommerce\\vendor\\laravel\\framework\\src\\Illuminate\\Foundation\\Http\\Middleware\\TransformsRequest.php(21): Illuminate\\Pipeline\\Pipeline->Illuminate\\Pipeline\\{closure}(Object(Illuminate\\Http\\Request))
#43 C:\\Users\\62812\\Documents\\LARAVEL FUNDAMENTAL\\laravel vue ecommerce\\ecommerce\\vendor\\laravel\\framework\\src\\Illuminate\\Foundation\\Http\\Middleware\\ConvertEmptyStringsToNull.php(31): Illuminate\\Foundation\\Http\\Middleware\\TransformsRequest->handle(Object(Illuminate\\Http\\Request), Object(Closure))
#44 C:\\Users\\62812\\Documents\\LARAVEL FUNDAMENTAL\\laravel vue ecommerce\\ecommerce\\vendor\\laravel\\framework\\src\\Illuminate\\Pipeline\\Pipeline.php(209): Illuminate\\Foundation\\Http\\Middleware\\ConvertEmptyStringsToNull->handle(Object(Illuminate\\Http\\Request), Object(Closure))
#45 C:\\Users\\62812\\Documents\\LARAVEL FUNDAMENTAL\\laravel vue ecommerce\\ecommerce\\vendor\\laravel\\framework\\src\\Illuminate\\Foundation\\Http\\Middleware\\TransformsRequest.php(21): Illuminate\\Pipeline\\Pipeline->Illuminate\\Pipeline\\{closure}(Object(Illuminate\\Http\\Request))
#46 C:\\Users\\62812\\Documents\\LARAVEL FUNDAMENTAL\\laravel vue ecommerce\\ecommerce\\vendor\\laravel\\framework\\src\\Illuminate\\Foundation\\Http\\Middleware\\TrimStrings.php(51): Illuminate\\Foundation\\Http\\Middleware\\TransformsRequest->handle(Object(Illuminate\\Http\\Request), Object(Closure))
#47 C:\\Users\\62812\\Documents\\LARAVEL FUNDAMENTAL\\laravel vue ecommerce\\ecommerce\\vendor\\laravel\\framework\\src\\Illuminate\\Pipeline\\Pipeline.php(209): Illuminate\\Foundation\\Http\\Middleware\\TrimStrings->handle(Object(Illuminate\\Http\\Request), Object(Closure))
#48 C:\\Users\\62812\\Documents\\LARAVEL FUNDAMENTAL\\laravel vue ecommerce\\ecommerce\\vendor\\laravel\\framework\\src\\Illuminate\\Http\\Middleware\\ValidatePostSize.php(27): Illuminate\\Pipeline\\Pipeline->Illuminate\\Pipeline\\{closure}(Object(Illuminate\\Http\\Request))
#49 C:\\Users\\62812\\Documents\\LARAVEL FUNDAMENTAL\\laravel vue ecommerce\\ecommerce\\vendor\\laravel\\framework\\src\\Illuminate\\Pipeline\\Pipeline.php(209): Illuminate\\Http\\Middleware\\ValidatePostSize->handle(Object(Illuminate\\Http\\Request), Object(Closure))
#50 C:\\Users\\62812\\Documents\\LARAVEL FUNDAMENTAL\\laravel vue ecommerce\\ecommerce\\vendor\\laravel\\framework\\src\\Illuminate\\Foundation\\Http\\Middleware\\PreventRequestsDuringMaintenance.php(110): Illuminate\\Pipeline\\Pipeline->Illuminate\\Pipeline\\{closure}(Object(Illuminate\\Http\\Request))
#51 C:\\Users\\62812\\Documents\\LARAVEL FUNDAMENTAL\\laravel vue ecommerce\\ecommerce\\vendor\\laravel\\framework\\src\\Illuminate\\Pipeline\\Pipeline.php(209): Illuminate\\Foundation\\Http\\Middleware\\PreventRequestsDuringMaintenance->handle(Object(Illuminate\\Http\\Request), Object(Closure))
#52 C:\\Users\\62812\\Documents\\LARAVEL FUNDAMENTAL\\laravel vue ecommerce\\ecommerce\\vendor\\laravel\\framework\\src\\Illuminate\\Http\\Middleware\\HandleCors.php(49): Illuminate\\Pipeline\\Pipeline->Illuminate\\Pipeline\\{closure}(Object(Illuminate\\Http\\Request))
#53 C:\\Users\\62812\\Documents\\LARAVEL FUNDAMENTAL\\laravel vue ecommerce\\ecommerce\\vendor\\laravel\\framework\\src\\Illuminate\\Pipeline\\Pipeline.php(209): Illuminate\\Http\\Middleware\\HandleCors->handle(Object(Illuminate\\Http\\Request), Object(Closure))
#54 C:\\Users\\62812\\Documents\\LARAVEL FUNDAMENTAL\\laravel vue ecommerce\\ecommerce\\vendor\\laravel\\framework\\src\\Illuminate\\Http\\Middleware\\TrustProxies.php(58): Illuminate\\Pipeline\\Pipeline->Illuminate\\Pipeline\\{closure}(Object(Illuminate\\Http\\Request))
#55 C:\\Users\\62812\\Documents\\LARAVEL FUNDAMENTAL\\laravel vue ecommerce\\ecommerce\\vendor\\laravel\\framework\\src\\Illuminate\\Pipeline\\Pipeline.php(209): Illuminate\\Http\\Middleware\\TrustProxies->handle(Object(Illuminate\\Http\\Request), Object(Closure))
#56 C:\\Users\\62812\\Documents\\LARAVEL FUNDAMENTAL\\laravel vue ecommerce\\ecommerce\\vendor\\laravel\\framework\\src\\Illuminate\\Foundation\\Http\\Middleware\\InvokeDeferredCallbacks.php(22): Illuminate\\Pipeline\\Pipeline->Illuminate\\Pipeline\\{closure}(Object(Illuminate\\Http\\Request))
#57 C:\\Users\\62812\\Documents\\LARAVEL FUNDAMENTAL\\laravel vue ecommerce\\ecommerce\\vendor\\laravel\\framework\\src\\Illuminate\\Pipeline\\Pipeline.php(209): Illuminate\\Foundation\\Http\\Middleware\\InvokeDeferredCallbacks->handle(Object(Illuminate\\Http\\Request), Object(Closure))
#58 C:\\Users\\62812\\Documents\\LARAVEL FUNDAMENTAL\\laravel vue ecommerce\\ecommerce\\vendor\\laravel\\framework\\src\\Illuminate\\Pipeline\\Pipeline.php(127): Illuminate\\Pipeline\\Pipeline->Illuminate\\Pipeline\\{closure}(Object(Illuminate\\Http\\Request))
#59 C:\\Users\\62812\\Documents\\LARAVEL FUNDAMENTAL\\laravel vue ecommerce\\ecommerce\\vendor\\laravel\\framework\\src\\Illuminate\\Foundation\\Http\\Kernel.php(176): Illuminate\\Pipeline\\Pipeline->then(Object(Closure))
#60 C:\\Users\\62812\\Documents\\LARAVEL FUNDAMENTAL\\laravel vue ecommerce\\ecommerce\\vendor\\laravel\\framework\\src\\Illuminate\\Foundation\\Http\\Kernel.php(145): Illuminate\\Foundation\\Http\\Kernel->sendRequestThroughRouter(Object(Illuminate\\Http\\Request))
#61 C:\\Users\\62812\\Documents\\LARAVEL FUNDAMENTAL\\laravel vue ecommerce\\ecommerce\\vendor\\laravel\\framework\\src\\Illuminate\\Foundation\\Application.php(1220): Illuminate\\Foundation\\Http\\Kernel->handle(Object(Illuminate\\Http\\Request))
#62 C:\\Users\\62812\\Documents\\LARAVEL FUNDAMENTAL\\laravel vue ecommerce\\ecommerce\\public\\index.php(17): Illuminate\\Foundation\\Application->handleRequest(Object(Illuminate\\Http\\Request))
#63 C:\\Users\\62812\\Documents\\LARAVEL FUNDAMENTAL\\laravel vue ecommerce\\ecommerce\\vendor\\laravel\\framework\\src\\Illuminate\\Foundation\\resources\\server.php(23): require_once('C:\\\\Users\\\\62812\\\\...')
#64 {main}

[previous exception] [object] (ParseError(code: 0): syntax error, unexpected end of file at C:\\Users\\62812\\Documents\\LARAVEL FUNDAMENTAL\\laravel vue ecommerce\\ecommerce\\storage\\framework\\views\\6ab588b43760987b97a79ebf9f80de33.php:232)
[stacktrace]
#0 C:\\Users\\62812\\Documents\\LARAVEL FUNDAMENTAL\\laravel vue ecommerce\\ecommerce\\vendor\\laravel\\framework\\src\\Illuminate\\Filesystem\\Filesystem.php(124): Illuminate\\Filesystem\\Filesystem::Illuminate\\Filesystem\\{closure}()
#1 C:\\Users\\62812\\Documents\\LARAVEL FUNDAMENTAL\\laravel vue ecommerce\\ecommerce\\vendor\\laravel\\framework\\src\\Illuminate\\View\\Engines\\PhpEngine.php(58): Illuminate\\Filesystem\\Filesystem->getRequire('C:\\\\Users\\\\62812\\\\...', Array)
#2 C:\\Users\\62812\\Documents\\LARAVEL FUNDAMENTAL\\laravel vue ecommerce\\ecommerce\\vendor\\laravel\\framework\\src\\Illuminate\\View\\Engines\\CompilerEngine.php(75): Illuminate\\View\\Engines\\PhpEngine->evaluatePath('C:\\\\Users\\\\62812\\\\...', Array)
#3 C:\\Users\\62812\\Documents\\LARAVEL FUNDAMENTAL\\laravel vue ecommerce\\ecommerce\\vendor\\laravel\\framework\\src\\Illuminate\\View\\View.php(209): Illuminate\\View\\Engines\\CompilerEngine->get('C:\\\\Users\\\\62812\\\\...', Array)
#4 C:\\Users\\62812\\Documents\\LARAVEL FUNDAMENTAL\\laravel vue ecommerce\\ecommerce\\vendor\\laravel\\framework\\src\\Illuminate\\View\\View.php(192): Illuminate\\View\\View->getContents()
#5 C:\\Users\\62812\\Documents\\LARAVEL FUNDAMENTAL\\laravel vue ecommerce\\ecommerce\\vendor\\laravel\\framework\\src\\Illuminate\\View\\View.php(161): Illuminate\\View\\View->renderContents()
#6 C:\\Users\\62812\\Documents\\LARAVEL FUNDAMENTAL\\laravel vue ecommerce\\ecommerce\\storage\\framework\\views\\abf812e0c61f495834822098d3a19595.php(21): Illuminate\\View\\View->render()
#7 C:\\Users\\62812\\Documents\\LARAVEL FUNDAMENTAL\\laravel vue ecommerce\\ecommerce\\vendor\\laravel\\framework\\src\\Illuminate\\Filesystem\\Filesystem.php(123): require('C:\\\\Users\\\\62812\\\\...')
#8 C:\\Users\\62812\\Documents\\LARAVEL FUNDAMENTAL\\laravel vue ecommerce\\ecommerce\\vendor\\laravel\\framework\\src\\Illuminate\\Filesystem\\Filesystem.php(124): Illuminate\\Filesystem\\Filesystem::Illuminate\\Filesystem\\{closure}()
#9 C:\\Users\\62812\\Documents\\LARAVEL FUNDAMENTAL\\laravel vue ecommerce\\ecommerce\\vendor\\laravel\\framework\\src\\Illuminate\\View\\Engines\\PhpEngine.php(58): Illuminate\\Filesystem\\Filesystem->getRequire('C:\\\\Users\\\\62812\\\\...', Array)
#10 C:\\Users\\62812\\Documents\\LARAVEL FUNDAMENTAL\\laravel vue ecommerce\\ecommerce\\vendor\\laravel\\framework\\src\\Illuminate\\View\\Engines\\CompilerEngine.php(75): Illuminate\\View\\Engines\\PhpEngine->evaluatePath('C:\\\\Users\\\\62812\\\\...', Array)
#11 C:\\Users\\62812\\Documents\\LARAVEL FUNDAMENTAL\\laravel vue ecommerce\\ecommerce\\vendor\\laravel\\framework\\src\\Illuminate\\View\\View.php(209): Illuminate\\View\\Engines\\CompilerEngine->get('C:\\\\Users\\\\62812\\\\...', Array)
#12 C:\\Users\\62812\\Documents\\LARAVEL FUNDAMENTAL\\laravel vue ecommerce\\ecommerce\\vendor\\laravel\\framework\\src\\Illuminate\\View\\View.php(192): Illuminate\\View\\View->getContents()
#13 C:\\Users\\62812\\Documents\\LARAVEL FUNDAMENTAL\\laravel vue ecommerce\\ecommerce\\vendor\\laravel\\framework\\src\\Illuminate\\View\\View.php(161): Illuminate\\View\\View->renderContents()
#14 C:\\Users\\62812\\Documents\\LARAVEL FUNDAMENTAL\\laravel vue ecommerce\\ecommerce\\vendor\\laravel\\framework\\src\\Illuminate\\View\\Concerns\\ManagesComponents.php(99): Illuminate\\View\\View->render()
#15 C:\\Users\\62812\\Documents\\LARAVEL FUNDAMENTAL\\laravel vue ecommerce\\ecommerce\\storage\\framework\\views\\81f2304a786e2dfc849130d6323387df.php(12): Illuminate\\View\\Factory->renderComponent()
#16 C:\\Users\\62812\\Documents\\LARAVEL FUNDAMENTAL\\laravel vue ecommerce\\ecommerce\\vendor\\laravel\\framework\\src\\Illuminate\\Filesystem\\Filesystem.php(123): require('C:\\\\Users\\\\62812\\\\...')
#17 C:\\Users\\62812\\Documents\\LARAVEL FUNDAMENTAL\\laravel vue ecommerce\\ecommerce\\vendor\\laravel\\framework\\src\\Illuminate\\Filesystem\\Filesystem.php(124): Illuminate\\Filesystem\\Filesystem::Illuminate\\Filesystem\\{closure}()
#18 C:\\Users\\62812\\Documents\\LARAVEL FUNDAMENTAL\\laravel vue ecommerce\\ecommerce\\vendor\\laravel\\framework\\src\\Illuminate\\View\\Engines\\PhpEngine.php(58): Illuminate\\Filesystem\\Filesystem->getRequire('C:\\\\Users\\\\62812\\\\...', Array)
#19 C:\\Users\\62812\\Documents\\LARAVEL FUNDAMENTAL\\laravel vue ecommerce\\ecommerce\\vendor\\laravel\\framework\\src\\Illuminate\\View\\Engines\\CompilerEngine.php(75): Illuminate\\View\\Engines\\PhpEngine->evaluatePath('C:\\\\Users\\\\62812\\\\...', Array)
#20 C:\\Users\\62812\\Documents\\LARAVEL FUNDAMENTAL\\laravel vue ecommerce\\ecommerce\\vendor\\laravel\\framework\\src\\Illuminate\\View\\View.php(209): Illuminate\\View\\Engines\\CompilerEngine->get('C:\\\\Users\\\\62812\\\\...', Array)
#21 C:\\Users\\62812\\Documents\\LARAVEL FUNDAMENTAL\\laravel vue ecommerce\\ecommerce\\vendor\\laravel\\framework\\src\\Illuminate\\View\\View.php(192): Illuminate\\View\\View->getContents()
#22 C:\\Users\\62812\\Documents\\LARAVEL FUNDAMENTAL\\laravel vue ecommerce\\ecommerce\\vendor\\laravel\\framework\\src\\Illuminate\\View\\View.php(161): Illuminate\\View\\View->renderContents()
#23 C:\\Users\\62812\\Documents\\LARAVEL FUNDAMENTAL\\laravel vue ecommerce\\ecommerce\\vendor\\laravel\\framework\\src\\Illuminate\\Http\\Response.php(79): Illuminate\\View\\View->render()
#24 C:\\Users\\62812\\Documents\\LARAVEL FUNDAMENTAL\\laravel vue ecommerce\\ecommerce\\vendor\\laravel\\framework\\src\\Illuminate\\Http\\Response.php(35): Illuminate\\Http\\Response->setContent(Object(Illuminate\\View\\View))
#25 C:\\Users\\62812\\Documents\\LARAVEL FUNDAMENTAL\\laravel vue ecommerce\\ecommerce\\vendor\\laravel\\framework\\src\\Illuminate\\Routing\\Router.php(920): Illuminate\\Http\\Response->__construct(Object(Illuminate\\View\\View), 200, Array)
#26 C:\\Users\\62812\\Documents\\LARAVEL FUNDAMENTAL\\laravel vue ecommerce\\ecommerce\\vendor\\laravel\\framework\\src\\Illuminate\\Routing\\Router.php(887): Illuminate\\Routing\\Router::toResponse(Object(Illuminate\\Http\\Request), Object(Illuminate\\View\\View))
#27 C:\\Users\\62812\\Documents\\LARAVEL FUNDAMENTAL\\laravel vue ecommerce\\ecommerce\\vendor\\laravel\\framework\\src\\Illuminate\\Routing\\Router.php(807): Illuminate\\Routing\\Router->prepareResponse(Object(Illuminate\\Http\\Request), Object(Illuminate\\View\\View))
#28 C:\\Users\\62812\\Documents\\LARAVEL FUNDAMENTAL\\laravel vue ecommerce\\ecommerce\\vendor\\laravel\\framework\\src\\Illuminate\\Pipeline\\Pipeline.php(170): Illuminate\\Routing\\Router->Illuminate\\Routing\\{closure}(Object(Illuminate\\Http\\Request))
#29 C:\\Users\\62812\\Documents\\LARAVEL FUNDAMENTAL\\laravel vue ecommerce\\ecommerce\\vendor\\laravel\\framework\\src\\Illuminate\\Routing\\Middleware\\SubstituteBindings.php(51): Illuminate\\Pipeline\\Pipeline->Illuminate\\Pipeline\\{closure}(Object(Illuminate\\Http\\Request))
#30 C:\\Users\\62812\\Documents\\LARAVEL FUNDAMENTAL\\laravel vue ecommerce\\ecommerce\\vendor\\laravel\\framework\\src\\Illuminate\\Pipeline\\Pipeline.php(209): Illuminate\\Routing\\Middleware\\SubstituteBindings->handle(Object(Illuminate\\Http\\Request), Object(Closure))
#31 C:\\Users\\62812\\Documents\\LARAVEL FUNDAMENTAL\\laravel vue ecommerce\\ecommerce\\vendor\\laravel\\framework\\src\\Illuminate\\Foundation\\Http\\Middleware\\VerifyCsrfToken.php(88): Illuminate\\Pipeline\\Pipeline->Illuminate\\Pipeline\\{closure}(Object(Illuminate\\Http\\Request))
#32 C:\\Users\\62812\\Documents\\LARAVEL FUNDAMENTAL\\laravel vue ecommerce\\ecommerce\\vendor\\laravel\\framework\\src\\Illuminate\\Pipeline\\Pipeline.php(209): Illuminate\\Foundation\\Http\\Middleware\\VerifyCsrfToken->handle(Object(Illuminate\\Http\\Request), Object(Closure))
#33 C:\\Users\\62812\\Documents\\LARAVEL FUNDAMENTAL\\laravel vue ecommerce\\ecommerce\\vendor\\laravel\\framework\\src\\Illuminate\\View\\Middleware\\ShareErrorsFromSession.php(49): Illuminate\\Pipeline\\Pipeline->Illuminate\\Pipeline\\{closure}(Object(Illuminate\\Http\\Request))
#34 C:\\Users\\62812\\Documents\\LARAVEL FUNDAMENTAL\\laravel vue ecommerce\\ecommerce\\vendor\\laravel\\framework\\src\\Illuminate\\Pipeline\\Pipeline.php(209): Illuminate\\View\\Middleware\\ShareErrorsFromSession->handle(Object(Illuminate\\Http\\Request), Object(Closure))
#35 C:\\Users\\62812\\Documents\\LARAVEL FUNDAMENTAL\\laravel vue ecommerce\\ecommerce\\vendor\\laravel\\framework\\src\\Illuminate\\Session\\Middleware\\StartSession.php(121): Illuminate\\Pipeline\\Pipeline->Illuminate\\Pipeline\\{closure}(Object(Illuminate\\Http\\Request))
#36 C:\\Users\\62812\\Documents\\LARAVEL FUNDAMENTAL\\laravel vue ecommerce\\ecommerce\\vendor\\laravel\\framework\\src\\Illuminate\\Session\\Middleware\\StartSession.php(64): Illuminate\\Session\\Middleware\\StartSession->handleStatefulRequest(Object(Illuminate\\Http\\Request), Object(Illuminate\\Session\\Store), Object(Closure))
#37 C:\\Users\\62812\\Documents\\LARAVEL FUNDAMENTAL\\laravel vue ecommerce\\ecommerce\\vendor\\laravel\\framework\\src\\Illuminate\\Pipeline\\Pipeline.php(209): Illuminate\\Session\\Middleware\\StartSession->handle(Object(Illuminate\\Http\\Request), Object(Closure))
#38 C:\\Users\\62812\\Documents\\LARAVEL FUNDAMENTAL\\laravel vue ecommerce\\ecommerce\\vendor\\laravel\\framework\\src\\Illuminate\\Cookie\\Middleware\\AddQueuedCookiesToResponse.php(37): Illuminate\\Pipeline\\Pipeline->Illuminate\\Pipeline\\{closure}(Object(Illuminate\\Http\\Request))
#39 C:\\Users\\62812\\Documents\\LARAVEL FUNDAMENTAL\\laravel vue ecommerce\\ecommerce\\vendor\\laravel\\framework\\src\\Illuminate\\Pipeline\\Pipeline.php(209): Illuminate\\Cookie\\Middleware\\AddQueuedCookiesToResponse->handle(Object(Illuminate\\Http\\Request), Object(Closure))
#40 C:\\Users\\62812\\Documents\\LARAVEL FUNDAMENTAL\\laravel vue ecommerce\\ecommerce\\vendor\\laravel\\framework\\src\\Illuminate\\Cookie\\Middleware\\EncryptCookies.php(75): Illuminate\\Pipeline\\Pipeline->Illuminate\\Pipeline\\{closure}(Object(Illuminate\\Http\\Request))
#41 C:\\Users\\62812\\Documents\\LARAVEL FUNDAMENTAL\\laravel vue ecommerce\\ecommerce\\vendor\\laravel\\framework\\src\\Illuminate\\Pipeline\\Pipeline.php(209): Illuminate\\Cookie\\Middleware\\EncryptCookies->handle(Object(Illuminate\\Http\\Request), Object(Closure))
#42 C:\\Users\\62812\\Documents\\LARAVEL FUNDAMENTAL\\laravel vue ecommerce\\ecommerce\\vendor\\laravel\\framework\\src\\Illuminate\\Pipeline\\Pipeline.php(127): Illuminate\\Pipeline\\Pipeline->Illuminate\\Pipeline\\{closure}(Object(Illuminate\\Http\\Request))
#43 C:\\Users\\62812\\Documents\\LARAVEL FUNDAMENTAL\\laravel vue ecommerce\\ecommerce\\vendor\\laravel\\framework\\src\\Illuminate\\Routing\\Router.php(807): Illuminate\\Pipeline\\Pipeline->then(Object(Closure))
#44 C:\\Users\\62812\\Documents\\LARAVEL FUNDAMENTAL\\laravel vue ecommerce\\ecommerce\\vendor\\laravel\\framework\\src\\Illuminate\\Routing\\Router.php(786): Illuminate\\Routing\\Router->runRouteWithinStack(Object(Illuminate\\Routing\\Route), Object(Illuminate\\Http\\Request))
#45 C:\\Users\\62812\\Documents\\LARAVEL FUNDAMENTAL\\laravel vue ecommerce\\ecommerce\\vendor\\laravel\\framework\\src\\Illuminate\\Routing\\Router.php(750): Illuminate\\Routing\\Router->runRoute(Object(Illuminate\\Http\\Request), Object(Illuminate\\Routing\\Route))
#46 C:\\Users\\62812\\Documents\\LARAVEL FUNDAMENTAL\\laravel vue ecommerce\\ecommerce\\vendor\\laravel\\framework\\src\\Illuminate\\Routing\\Router.php(739): Illuminate\\Routing\\Router->dispatchToRoute(Object(Illuminate\\Http\\Request))
#47 C:\\Users\\62812\\Documents\\LARAVEL FUNDAMENTAL\\laravel vue ecommerce\\ecommerce\\vendor\\laravel\\framework\\src\\Illuminate\\Foundation\\Http\\Kernel.php(201): Illuminate\\Routing\\Router->dispatch(Object(Illuminate\\Http\\Request))
#48 C:\\Users\\62812\\Documents\\LARAVEL FUNDAMENTAL\\laravel vue ecommerce\\ecommerce\\vendor\\laravel\\framework\\src\\Illuminate\\Pipeline\\Pipeline.php(170): Illuminate\\Foundation\\Http\\Kernel->Illuminate\\Foundation\\Http\\{closure}(Object(Illuminate\\Http\\Request))
#49 C:\\Users\\62812\\Documents\\LARAVEL FUNDAMENTAL\\laravel vue ecommerce\\ecommerce\\vendor\\laravel\\framework\\src\\Illuminate\\Foundation\\Http\\Middleware\\TransformsRequest.php(21): Illuminate\\Pipeline\\Pipeline->Illuminate\\Pipeline\\{closure}(Object(Illuminate\\Http\\Request))
#50 C:\\Users\\62812\\Documents\\LARAVEL FUNDAMENTAL\\laravel vue ecommerce\\ecommerce\\vendor\\laravel\\framework\\src\\Illuminate\\Foundation\\Http\\Middleware\\ConvertEmptyStringsToNull.php(31): Illuminate\\Foundation\\Http\\Middleware\\TransformsRequest->handle(Object(Illuminate\\Http\\Request), Object(Closure))
#51 C:\\Users\\62812\\Documents\\LARAVEL FUNDAMENTAL\\laravel vue ecommerce\\ecommerce\\vendor\\laravel\\framework\\src\\Illuminate\\Pipeline\\Pipeline.php(209): Illuminate\\Foundation\\Http\\Middleware\\ConvertEmptyStringsToNull->handle(Object(Illuminate\\Http\\Request), Object(Closure))
#52 C:\\Users\\62812\\Documents\\LARAVEL FUNDAMENTAL\\laravel vue ecommerce\\ecommerce\\vendor\\laravel\\framework\\src\\Illuminate\\Foundation\\Http\\Middleware\\TransformsRequest.php(21): Illuminate\\Pipeline\\Pipeline->Illuminate\\Pipeline\\{closure}(Object(Illuminate\\Http\\Request))
#53 C:\\Users\\62812\\Documents\\LARAVEL FUNDAMENTAL\\laravel vue ecommerce\\ecommerce\\vendor\\laravel\\framework\\src\\Illuminate\\Foundation\\Http\\Middleware\\TrimStrings.php(51): Illuminate\\Foundation\\Http\\Middleware\\TransformsRequest->handle(Object(Illuminate\\Http\\Request), Object(Closure))
#54 C:\\Users\\62812\\Documents\\LARAVEL FUNDAMENTAL\\laravel vue ecommerce\\ecommerce\\vendor\\laravel\\framework\\src\\Illuminate\\Pipeline\\Pipeline.php(209): Illuminate\\Foundation\\Http\\Middleware\\TrimStrings->handle(Object(Illuminate\\Http\\Request), Object(Closure))
#55 C:\\Users\\62812\\Documents\\LARAVEL FUNDAMENTAL\\laravel vue ecommerce\\ecommerce\\vendor\\laravel\\framework\\src\\Illuminate\\Http\\Middleware\\ValidatePostSize.php(27): Illuminate\\Pipeline\\Pipeline->Illuminate\\Pipeline\\{closure}(Object(Illuminate\\Http\\Request))
#56 C:\\Users\\62812\\Documents\\LARAVEL FUNDAMENTAL\\laravel vue ecommerce\\ecommerce\\vendor\\laravel\\framework\\src\\Illuminate\\Pipeline\\Pipeline.php(209): Illuminate\\Http\\Middleware\\ValidatePostSize->handle(Object(Illuminate\\Http\\Request), Object(Closure))
#57 C:\\Users\\62812\\Documents\\LARAVEL FUNDAMENTAL\\laravel vue ecommerce\\ecommerce\\vendor\\laravel\\framework\\src\\Illuminate\\Foundation\\Http\\Middleware\\PreventRequestsDuringMaintenance.php(110): Illuminate\\Pipeline\\Pipeline->Illuminate\\Pipeline\\{closure}(Object(Illuminate\\Http\\Request))
#58 C:\\Users\\62812\\Documents\\LARAVEL FUNDAMENTAL\\laravel vue ecommerce\\ecommerce\\vendor\\laravel\\framework\\src\\Illuminate\\Pipeline\\Pipeline.php(209): Illuminate\\Foundation\\Http\\Middleware\\PreventRequestsDuringMaintenance->handle(Object(Illuminate\\Http\\Request), Object(Closure))
#59 C:\\Users\\62812\\Documents\\LARAVEL FUNDAMENTAL\\laravel vue ecommerce\\ecommerce\\vendor\\laravel\\framework\\src\\Illuminate\\Http\\Middleware\\HandleCors.php(49): Illuminate\\Pipeline\\Pipeline->Illuminate\\Pipeline\\{closure}(Object(Illuminate\\Http\\Request))
#60 C:\\Users\\62812\\Documents\\LARAVEL FUNDAMENTAL\\laravel vue ecommerce\\ecommerce\\vendor\\laravel\\framework\\src\\Illuminate\\Pipeline\\Pipeline.php(209): Illuminate\\Http\\Middleware\\HandleCors->handle(Object(Illuminate\\Http\\Request), Object(Closure))
#61 C:\\Users\\62812\\Documents\\LARAVEL FUNDAMENTAL\\laravel vue ecommerce\\ecommerce\\vendor\\laravel\\framework\\src\\Illuminate\\Http\\Middleware\\TrustProxies.php(58): Illuminate\\Pipeline\\Pipeline->Illuminate\\Pipeline\\{closure}(Object(Illuminate\\Http\\Request))
#62 C:\\Users\\62812\\Documents\\LARAVEL FUNDAMENTAL\\laravel vue ecommerce\\ecommerce\\vendor\\laravel\\framework\\src\\Illuminate\\Pipeline\\Pipeline.php(209): Illuminate\\Http\\Middleware\\TrustProxies->handle(Object(Illuminate\\Http\\Request), Object(Closure))
#63 C:\\Users\\62812\\Documents\\LARAVEL FUNDAMENTAL\\laravel vue ecommerce\\ecommerce\\vendor\\laravel\\framework\\src\\Illuminate\\Foundation\\Http\\Middleware\\InvokeDeferredCallbacks.php(22): Illuminate\\Pipeline\\Pipeline->Illuminate\\Pipeline\\{closure}(Object(Illuminate\\Http\\Request))
#64 C:\\Users\\62812\\Documents\\LARAVEL FUNDAMENTAL\\laravel vue ecommerce\\ecommerce\\vendor\\laravel\\framework\\src\\Illuminate\\Pipeline\\Pipeline.php(209): Illuminate\\Foundation\\Http\\Middleware\\InvokeDeferredCallbacks->handle(Object(Illuminate\\Http\\Request), Object(Closure))
#65 C:\\Users\\62812\\Documents\\LARAVEL FUNDAMENTAL\\laravel vue ecommerce\\ecommerce\\vendor\\laravel\\framework\\src\\Illuminate\\Pipeline\\Pipeline.php(127): Illuminate\\Pipeline\\Pipeline->Illuminate\\Pipeline\\{closure}(Object(Illuminate\\Http\\Request))
#66 C:\\Users\\62812\\Documents\\LARAVEL FUNDAMENTAL\\laravel vue ecommerce\\ecommerce\\vendor\\laravel\\framework\\src\\Illuminate\\Foundation\\Http\\Kernel.php(176): Illuminate\\Pipeline\\Pipeline->then(Object(Closure))
#67 C:\\Users\\62812\\Documents\\LARAVEL FUNDAMENTAL\\laravel vue ecommerce\\ecommerce\\vendor\\laravel\\framework\\src\\Illuminate\\Foundation\\Http\\Kernel.php(145): Illuminate\\Foundation\\Http\\Kernel->sendRequestThroughRouter(Object(Illuminate\\Http\\Request))
#68 C:\\Users\\62812\\Documents\\LARAVEL FUNDAMENTAL\\laravel vue ecommerce\\ecommerce\\vendor\\laravel\\framework\\src\\Illuminate\\Foundation\\Application.php(1220): Illuminate\\Foundation\\Http\\Kernel->handle(Object(Illuminate\\Http\\Request))
#69 C:\\Users\\62812\\Documents\\LARAVEL FUNDAMENTAL\\laravel vue ecommerce\\ecommerce\\public\\index.php(17): Illuminate\\Foundation\\Application->handleRequest(Object(Illuminate\\Http\\Request))
#70 C:\\Users\\62812\\Documents\\LARAVEL FUNDAMENTAL\\laravel vue ecommerce\\ecommerce\\vendor\\laravel\\framework\\src\\Illuminate\\Foundation\\resources\\server.php(23): require_once('C:\\\\Users\\\\62812\\\\...')
#71 {main}
"} 
[2025-09-25 05:11:40] local.ERROR: syntax error, unexpected token "{" {"view":{"view":"C:\\Users\\62812\\Documents\\LARAVEL FUNDAMENTAL\\laravel vue ecommerce\\ecommerce\\resources\\views\\layouts\\navigation.blade.php","data":{"errors":"<pre class=sf-dump id=sf-dump-1162124149 data-indent-pad=\"  \"><span class=sf-dump-note>Illuminate\\Support\\ViewErrorBag</span> {<a class=sf-dump-ref>#1286</a><samp data-depth=1 class=sf-dump-expanded>
  #<span class=sf-dump-protected title=\"Protected property\">bags</span>: []
</samp>}
</pre><script>Sfdump(\"sf-dump-1162124149\", {\"maxDepth\":3,\"maxStringLength\":160})</script>
","componentName":"<pre class=sf-dump id=sf-dump-60804352 data-indent-pad=\"  \">\"<span class=sf-dump-str title=\"10 characters\">app-layout</span>\"
</pre><script>Sfdump(\"sf-dump-60804352\", {\"maxDepth\":3,\"maxStringLength\":160})</script>
","attributes":"<pre class=sf-dump id=sf-dump-1584108523 data-indent-pad=\"  \"><span class=sf-dump-note>Illuminate\\View\\ComponentAttributeBag</span> {<a class=sf-dump-ref>#1308</a><samp data-depth=1 class=sf-dump-expanded>
  #<span class=sf-dump-protected title=\"Protected property\">attributes</span>: []
</samp>}
</pre><script>Sfdump(\"sf-dump-1584108523\", {\"maxDepth\":3,\"maxStringLength\":160})</script>
","ignoredParameterNames":"<pre class=sf-dump id=sf-dump-1299593684 data-indent-pad=\"  \"><span class=sf-dump-note>Illuminate\\View\\InvokableComponentVariable</span> {<a class=sf-dump-ref>#1322</a><samp data-depth=1 class=sf-dump-expanded>
  #<span class=sf-dump-protected title=\"Protected property\">callable</span>: <span class=sf-dump-note>Closure()</span> {<a class=sf-dump-ref>#1321</a><samp data-depth=2 class=sf-dump-compact>
    <span class=sf-dump-meta>class</span>: \"<span class=\"sf-dump-str sf-dump-ellipsization\" title=\"App\\View\\Components\\AppLayout
29 characters\"><span class=\"sf-dump-ellipsis sf-dump-ellipsis-class\">App\\View\\Components</span><span class=\"sf-dump-ellipsis sf-dump-ellipsis-class\">\\</span><span class=\"sf-dump-ellipsis-tail\">AppLayout</span></span>\"
    <span class=sf-dump-meta>this</span>: <span class=\"sf-dump-note sf-dump-ellipsization\" title=\"App\\View\\Components\\AppLayout
\"><span class=\"sf-dump-ellipsis sf-dump-ellipsis-note\">App\\View\\Components</span><span class=\"sf-dump-ellipsis sf-dump-ellipsis-note\">\\</span><span class=\"sf-dump-ellipsis-tail\">AppLayout</span></span> {<a class=sf-dump-ref>#1306</a> &#8230;}
    <span class=sf-dump-meta>use</span>: {<samp data-depth=3 class=sf-dump-compact>
      <span class=sf-dump-meta>$method</span>: \"<span class=sf-dump-str title=\"21 characters\">ignoredParameterNames</span>\"
    </samp>}
    <span class=sf-dump-meta>file</span>: \"<span class=\"sf-dump-str sf-dump-ellipsization\" title=\"C:\\Users\\62812\\Documents\\LARAVEL FUNDAMENTAL\\laravel vue ecommerce\\ecommerce\\vendor\\laravel\\framework\\src\\Illuminate\\View\\Component.php
135 characters\"><span class=\"sf-dump-ellipsis sf-dump-ellipsis-path\">C:\\Users\\62812\\Documents\\LARAVEL FUNDAMENTAL\\laravel vue ecommerce\\ecommerce\\vendor</span><span class=\"sf-dump-ellipsis sf-dump-ellipsis-path\">\\laravel\\framework\\</span><span class=\"sf-dump-ellipsis-tail\">src\\Illuminate\\View\\Component.php</span></span>\"
    <span class=sf-dump-meta>line</span>: \"<span class=sf-dump-str title=\"10 characters\">303 to 305</span>\"
  </samp>}
</samp>}
</pre><script>Sfdump(\"sf-dump-1299593684\", {\"maxDepth\":3,\"maxStringLength\":160})</script>
","slot":"<pre class=sf-dump id=sf-dump-1180372866 data-indent-pad=\"  \"><span class=sf-dump-note>Illuminate\\View\\ComponentSlot</span> {<a class=sf-dump-ref>#1309</a><samp data-depth=1 class=sf-dump-expanded>
  +<span class=sf-dump-public title=\"Public property\">attributes</span>: <span class=\"sf-dump-note sf-dump-ellipsization\" title=\"Illuminate\\View\\ComponentAttributeBag
\"><span class=\"sf-dump-ellipsis sf-dump-ellipsis-note\">Illuminate\\View</span><span class=\"sf-dump-ellipsis sf-dump-ellipsis-note\">\\</span><span class=\"sf-dump-ellipsis-tail\">ComponentAttributeBag</span></span> {<a class=sf-dump-ref>#1319</a><samp data-depth=2 class=sf-dump-compact>
    #<span class=sf-dump-protected title=\"Protected property\">attributes</span>: []
  </samp>}
  #<span class=sf-dump-protected title=\"Protected property\">contents</span>: \"<span class=sf-dump-str title=\"7 characters\">welcome</span>\"
</samp>}
</pre><script>Sfdump(\"sf-dump-1180372866\", {\"maxDepth\":3,\"maxStringLength\":160})</script>
","__laravel_slots":"<pre class=sf-dump id=sf-dump-2073273859 data-indent-pad=\"  \"><span class=sf-dump-note>array:1</span> [<samp data-depth=1 class=sf-dump-expanded>
  \"<span class=sf-dump-key>__default</span>\" => <span class=\"sf-dump-note sf-dump-ellipsization\" title=\"Illuminate\\View\\ComponentSlot
\"><span class=\"sf-dump-ellipsis sf-dump-ellipsis-note\">Illuminate\\View</span><span class=\"sf-dump-ellipsis sf-dump-ellipsis-note\">\\</span><span class=\"sf-dump-ellipsis-tail\">ComponentSlot</span></span> {<a class=sf-dump-ref>#1309</a><samp data-depth=2 class=sf-dump-compact>
    +<span class=sf-dump-public title=\"Public property\">attributes</span>: <span class=\"sf-dump-note sf-dump-ellipsization\" title=\"Illuminate\\View\\ComponentAttributeBag
\"><span class=\"sf-dump-ellipsis sf-dump-ellipsis-note\">Illuminate\\View</span><span class=\"sf-dump-ellipsis sf-dump-ellipsis-note\">\\</span><span class=\"sf-dump-ellipsis-tail\">ComponentAttributeBag</span></span> {<a class=sf-dump-ref>#1319</a><samp data-depth=3 class=sf-dump-compact>
      #<span class=sf-dump-protected title=\"Protected property\">attributes</span>: []
    </samp>}
    #<span class=sf-dump-protected title=\"Protected property\">contents</span>: \"<span class=sf-dump-str title=\"7 characters\">welcome</span>\"
  </samp>}
</samp>]
</pre><script>Sfdump(\"sf-dump-2073273859\", {\"maxDepth\":3,\"maxStringLength\":160})</script>
"}},"exception":"[object] (Spatie\\LaravelIgnition\\Exceptions\\ViewException(code: 0): syntax error, unexpected token \"{\" at C:\\Users\\62812\\Documents\\LARAVEL FUNDAMENTAL\\laravel vue ecommerce\\ecommerce\\resources\\views\\layouts\\navigation.blade.php:83)
[stacktrace]
#0 C:\\Users\\62812\\Documents\\LARAVEL FUNDAMENTAL\\laravel vue ecommerce\\ecommerce\\vendor\\laravel\\framework\\src\\Illuminate\\Filesystem\\Filesystem.php(123): require('C:\\\\Users\\\\62812\\\\...')
#1 C:\\Users\\62812\\Documents\\LARAVEL FUNDAMENTAL\\laravel vue ecommerce\\ecommerce\\vendor\\laravel\\framework\\src\\Illuminate\\Filesystem\\Filesystem.php(124): Illuminate\\Filesystem\\Filesystem::Illuminate\\Filesystem\\{closure}()
#2 C:\\Users\\62812\\Documents\\LARAVEL FUNDAMENTAL\\laravel vue ecommerce\\ecommerce\\vendor\\laravel\\framework\\src\\Illuminate\\View\\Engines\\PhpEngine.php(58): Illuminate\\Filesystem\\Filesystem->getRequire('C:\\\\Users\\\\62812\\\\...', Array)
#3 C:\\Users\\62812\\Documents\\LARAVEL FUNDAMENTAL\\laravel vue ecommerce\\ecommerce\\vendor\\laravel\\framework\\src\\Illuminate\\View\\Engines\\CompilerEngine.php(75): Illuminate\\View\\Engines\\PhpEngine->evaluatePath('C:\\\\Users\\\\62812\\\\...', Array)
#4 C:\\Users\\62812\\Documents\\LARAVEL FUNDAMENTAL\\laravel vue ecommerce\\ecommerce\\vendor\\laravel\\framework\\src\\Illuminate\\View\\View.php(209): Illuminate\\View\\Engines\\CompilerEngine->get('C:\\\\Users\\\\62812\\\\...', Array)
#5 C:\\Users\\62812\\Documents\\LARAVEL FUNDAMENTAL\\laravel vue ecommerce\\ecommerce\\vendor\\laravel\\framework\\src\\Illuminate\\View\\View.php(192): Illuminate\\View\\View->getContents()
#6 C:\\Users\\62812\\Documents\\LARAVEL FUNDAMENTAL\\laravel vue ecommerce\\ecommerce\\vendor\\laravel\\framework\\src\\Illuminate\\View\\View.php(161): Illuminate\\View\\View->renderContents()
#7 C:\\Users\\62812\\Documents\\LARAVEL FUNDAMENTAL\\laravel vue ecommerce\\ecommerce\\vendor\\laravel\\framework\\src\\Illuminate\\View\\Concerns\\ManagesComponents.php(99): Illuminate\\View\\View->render()
#8 C:\\Users\\62812\\Documents\\LARAVEL FUNDAMENTAL\\laravel vue ecommerce\\ecommerce\\resources\\views\\welcome.blade.php(1): Illuminate\\View\\Factory->renderComponent()
#9 C:\\Users\\62812\\Documents\\LARAVEL FUNDAMENTAL\\laravel vue ecommerce\\ecommerce\\vendor\\laravel\\framework\\src\\Illuminate\\Filesystem\\Filesystem.php(123): require('C:\\\\Users\\\\62812\\\\...')
#10 C:\\Users\\62812\\Documents\\LARAVEL FUNDAMENTAL\\laravel vue ecommerce\\ecommerce\\vendor\\laravel\\framework\\src\\Illuminate\\Filesystem\\Filesystem.php(124): Illuminate\\Filesystem\\Filesystem::Illuminate\\Filesystem\\{closure}()
#11 C:\\Users\\62812\\Documents\\LARAVEL FUNDAMENTAL\\laravel vue ecommerce\\ecommerce\\vendor\\laravel\\framework\\src\\Illuminate\\View\\Engines\\PhpEngine.php(58): Illuminate\\Filesystem\\Filesystem->getRequire('C:\\\\Users\\\\62812\\\\...', Array)
#12 C:\\Users\\62812\\Documents\\LARAVEL FUNDAMENTAL\\laravel vue ecommerce\\ecommerce\\vendor\\laravel\\framework\\src\\Illuminate\\View\\Engines\\CompilerEngine.php(75): Illuminate\\View\\Engines\\PhpEngine->evaluatePath('C:\\\\Users\\\\62812\\\\...', Array)
#13 C:\\Users\\62812\\Documents\\LARAVEL FUNDAMENTAL\\laravel vue ecommerce\\ecommerce\\vendor\\laravel\\framework\\src\\Illuminate\\View\\View.php(209): Illuminate\\View\\Engines\\CompilerEngine->get('C:\\\\Users\\\\62812\\\\...', Array)
#14 C:\\Users\\62812\\Documents\\LARAVEL FUNDAMENTAL\\laravel vue ecommerce\\ecommerce\\vendor\\laravel\\framework\\src\\Illuminate\\View\\View.php(192): Illuminate\\View\\View->getContents()
#15 C:\\Users\\62812\\Documents\\LARAVEL FUNDAMENTAL\\laravel vue ecommerce\\ecommerce\\vendor\\laravel\\framework\\src\\Illuminate\\View\\View.php(161): Illuminate\\View\\View->renderContents()
#16 C:\\Users\\62812\\Documents\\LARAVEL FUNDAMENTAL\\laravel vue ecommerce\\ecommerce\\vendor\\laravel\\framework\\src\\Illuminate\\Http\\Response.php(79): Illuminate\\View\\View->render()
#17 C:\\Users\\62812\\Documents\\LARAVEL FUNDAMENTAL\\laravel vue ecommerce\\ecommerce\\vendor\\laravel\\framework\\src\\Illuminate\\Http\\Response.php(35): Illuminate\\Http\\Response->setContent(Object(Illuminate\\View\\View))
#18 C:\\Users\\62812\\Documents\\LARAVEL FUNDAMENTAL\\laravel vue ecommerce\\ecommerce\\vendor\\laravel\\framework\\src\\Illuminate\\Routing\\Router.php(920): Illuminate\\Http\\Response->__construct(Object(Illuminate\\View\\View), 200, Array)
#19 C:\\Users\\62812\\Documents\\LARAVEL FUNDAMENTAL\\laravel vue ecommerce\\ecommerce\\vendor\\laravel\\framework\\src\\Illuminate\\Routing\\Router.php(887): Illuminate\\Routing\\Router::toResponse(Object(Illuminate\\Http\\Request), Object(Illuminate\\View\\View))
#20 C:\\Users\\62812\\Documents\\LARAVEL FUNDAMENTAL\\laravel vue ecommerce\\ecommerce\\vendor\\laravel\\framework\\src\\Illuminate\\Routing\\Router.php(807): Illuminate\\Routing\\Router->prepareResponse(Object(Illuminate\\Http\\Request), Object(Illuminate\\View\\View))
#21 C:\\Users\\62812\\Documents\\LARAVEL FUNDAMENTAL\\laravel vue ecommerce\\ecommerce\\vendor\\laravel\\framework\\src\\Illuminate\\Pipeline\\Pipeline.php(170): Illuminate\\Routing\\Router->Illuminate\\Routing\\{closure}(Object(Illuminate\\Http\\Request))
#22 C:\\Users\\62812\\Documents\\LARAVEL FUNDAMENTAL\\laravel vue ecommerce\\ecommerce\\vendor\\laravel\\framework\\src\\Illuminate\\Routing\\Middleware\\SubstituteBindings.php(51): Illuminate\\Pipeline\\Pipeline->Illuminate\\Pipeline\\{closure}(Object(Illuminate\\Http\\Request))
#23 C:\\Users\\62812\\Documents\\LARAVEL FUNDAMENTAL\\laravel vue ecommerce\\ecommerce\\vendor\\laravel\\framework\\src\\Illuminate\\Pipeline\\Pipeline.php(209): Illuminate\\Routing\\Middleware\\SubstituteBindings->handle(Object(Illuminate\\Http\\Request), Object(Closure))
#24 C:\\Users\\62812\\Documents\\LARAVEL FUNDAMENTAL\\laravel vue ecommerce\\ecommerce\\vendor\\laravel\\framework\\src\\Illuminate\\Foundation\\Http\\Middleware\\VerifyCsrfToken.php(88): Illuminate\\Pipeline\\Pipeline->Illuminate\\Pipeline\\{closure}(Object(Illuminate\\Http\\Request))
#25 C:\\Users\\62812\\Documents\\LARAVEL FUNDAMENTAL\\laravel vue ecommerce\\ecommerce\\vendor\\laravel\\framework\\src\\Illuminate\\Pipeline\\Pipeline.php(209): Illuminate\\Foundation\\Http\\Middleware\\VerifyCsrfToken->handle(Object(Illuminate\\Http\\Request), Object(Closure))
#26 C:\\Users\\62812\\Documents\\LARAVEL FUNDAMENTAL\\laravel vue ecommerce\\ecommerce\\vendor\\laravel\\framework\\src\\Illuminate\\View\\Middleware\\ShareErrorsFromSession.php(49): Illuminate\\Pipeline\\Pipeline->Illuminate\\Pipeline\\{closure}(Object(Illuminate\\Http\\Request))
#27 C:\\Users\\62812\\Documents\\LARAVEL FUNDAMENTAL\\laravel vue ecommerce\\ecommerce\\vendor\\laravel\\framework\\src\\Illuminate\\Pipeline\\Pipeline.php(209): Illuminate\\View\\Middleware\\ShareErrorsFromSession->handle(Object(Illuminate\\Http\\Request), Object(Closure))
#28 C:\\Users\\62812\\Documents\\LARAVEL FUNDAMENTAL\\laravel vue ecommerce\\ecommerce\\vendor\\laravel\\framework\\src\\Illuminate\\Session\\Middleware\\StartSession.php(121): Illuminate\\Pipeline\\Pipeline->Illuminate\\Pipeline\\{closure}(Object(Illuminate\\Http\\Request))
#29 C:\\Users\\62812\\Documents\\LARAVEL FUNDAMENTAL\\laravel vue ecommerce\\ecommerce\\vendor\\laravel\\framework\\src\\Illuminate\\Session\\Middleware\\StartSession.php(64): Illuminate\\Session\\Middleware\\StartSession->handleStatefulRequest(Object(Illuminate\\Http\\Request), Object(Illuminate\\Session\\Store), Object(Closure))
#30 C:\\Users\\62812\\Documents\\LARAVEL FUNDAMENTAL\\laravel vue ecommerce\\ecommerce\\vendor\\laravel\\framework\\src\\Illuminate\\Pipeline\\Pipeline.php(209): Illuminate\\Session\\Middleware\\StartSession->handle(Object(Illuminate\\Http\\Request), Object(Closure))
#31 C:\\Users\\62812\\Documents\\LARAVEL FUNDAMENTAL\\laravel vue ecommerce\\ecommerce\\vendor\\laravel\\framework\\src\\Illuminate\\Cookie\\Middleware\\AddQueuedCookiesToResponse.php(37): Illuminate\\Pipeline\\Pipeline->Illuminate\\Pipeline\\{closure}(Object(Illuminate\\Http\\Request))
#32 C:\\Users\\62812\\Documents\\LARAVEL FUNDAMENTAL\\laravel vue ecommerce\\ecommerce\\vendor\\laravel\\framework\\src\\Illuminate\\Pipeline\\Pipeline.php(209): Illuminate\\Cookie\\Middleware\\AddQueuedCookiesToResponse->handle(Object(Illuminate\\Http\\Request), Object(Closure))
#33 C:\\Users\\62812\\Documents\\LARAVEL FUNDAMENTAL\\laravel vue ecommerce\\ecommerce\\vendor\\laravel\\framework\\src\\Illuminate\\Cookie\\Middleware\\EncryptCookies.php(75): Illuminate\\Pipeline\\Pipeline->Illuminate\\Pipeline\\{closure}(Object(Illuminate\\Http\\Request))
#34 C:\\Users\\62812\\Documents\\LARAVEL FUNDAMENTAL\\laravel vue ecommerce\\ecommerce\\vendor\\laravel\\framework\\src\\Illuminate\\Pipeline\\Pipeline.php(209): Illuminate\\Cookie\\Middleware\\EncryptCookies->handle(Object(Illuminate\\Http\\Request), Object(Closure))
#35 C:\\Users\\62812\\Documents\\LARAVEL FUNDAMENTAL\\laravel vue ecommerce\\ecommerce\\vendor\\laravel\\framework\\src\\Illuminate\\Pipeline\\Pipeline.php(127): Illuminate\\Pipeline\\Pipeline->Illuminate\\Pipeline\\{closure}(Object(Illuminate\\Http\\Request))
#36 C:\\Users\\62812\\Documents\\LARAVEL FUNDAMENTAL\\laravel vue ecommerce\\ecommerce\\vendor\\laravel\\framework\\src\\Illuminate\\Routing\\Router.php(807): Illuminate\\Pipeline\\Pipeline->then(Object(Closure))
#37 C:\\Users\\62812\\Documents\\LARAVEL FUNDAMENTAL\\laravel vue ecommerce\\ecommerce\\vendor\\laravel\\framework\\src\\Illuminate\\Routing\\Router.php(786): Illuminate\\Routing\\Router->runRouteWithinStack(Object(Illuminate\\Routing\\Route), Object(Illuminate\\Http\\Request))
#38 C:\\Users\\62812\\Documents\\LARAVEL FUNDAMENTAL\\laravel vue ecommerce\\ecommerce\\vendor\\laravel\\framework\\src\\Illuminate\\Routing\\Router.php(750): Illuminate\\Routing\\Router->runRoute(Object(Illuminate\\Http\\Request), Object(Illuminate\\Routing\\Route))
#39 C:\\Users\\62812\\Documents\\LARAVEL FUNDAMENTAL\\laravel vue ecommerce\\ecommerce\\vendor\\laravel\\framework\\src\\Illuminate\\Routing\\Router.php(739): Illuminate\\Routing\\Router->dispatchToRoute(Object(Illuminate\\Http\\Request))
#40 C:\\Users\\62812\\Documents\\LARAVEL FUNDAMENTAL\\laravel vue ecommerce\\ecommerce\\vendor\\laravel\\framework\\src\\Illuminate\\Foundation\\Http\\Kernel.php(201): Illuminate\\Routing\\Router->dispatch(Object(Illuminate\\Http\\Request))
#41 C:\\Users\\62812\\Documents\\LARAVEL FUNDAMENTAL\\laravel vue ecommerce\\ecommerce\\vendor\\laravel\\framework\\src\\Illuminate\\Pipeline\\Pipeline.php(170): Illuminate\\Foundation\\Http\\Kernel->Illuminate\\Foundation\\Http\\{closure}(Object(Illuminate\\Http\\Request))
#42 C:\\Users\\62812\\Documents\\LARAVEL FUNDAMENTAL\\laravel vue ecommerce\\ecommerce\\vendor\\laravel\\framework\\src\\Illuminate\\Foundation\\Http\\Middleware\\TransformsRequest.php(21): Illuminate\\Pipeline\\Pipeline->Illuminate\\Pipeline\\{closure}(Object(Illuminate\\Http\\Request))
#43 C:\\Users\\62812\\Documents\\LARAVEL FUNDAMENTAL\\laravel vue ecommerce\\ecommerce\\vendor\\laravel\\framework\\src\\Illuminate\\Foundation\\Http\\Middleware\\ConvertEmptyStringsToNull.php(31): Illuminate\\Foundation\\Http\\Middleware\\TransformsRequest->handle(Object(Illuminate\\Http\\Request), Object(Closure))
#44 C:\\Users\\62812\\Documents\\LARAVEL FUNDAMENTAL\\laravel vue ecommerce\\ecommerce\\vendor\\laravel\\framework\\src\\Illuminate\\Pipeline\\Pipeline.php(209): Illuminate\\Foundation\\Http\\Middleware\\ConvertEmptyStringsToNull->handle(Object(Illuminate\\Http\\Request), Object(Closure))
#45 C:\\Users\\62812\\Documents\\LARAVEL FUNDAMENTAL\\laravel vue ecommerce\\ecommerce\\vendor\\laravel\\framework\\src\\Illuminate\\Foundation\\Http\\Middleware\\TransformsRequest.php(21): Illuminate\\Pipeline\\Pipeline->Illuminate\\Pipeline\\{closure}(Object(Illuminate\\Http\\Request))
#46 C:\\Users\\62812\\Documents\\LARAVEL FUNDAMENTAL\\laravel vue ecommerce\\ecommerce\\vendor\\laravel\\framework\\src\\Illuminate\\Foundation\\Http\\Middleware\\TrimStrings.php(51): Illuminate\\Foundation\\Http\\Middleware\\TransformsRequest->handle(Object(Illuminate\\Http\\Request), Object(Closure))
#47 C:\\Users\\62812\\Documents\\LARAVEL FUNDAMENTAL\\laravel vue ecommerce\\ecommerce\\vendor\\laravel\\framework\\src\\Illuminate\\Pipeline\\Pipeline.php(209): Illuminate\\Foundation\\Http\\Middleware\\TrimStrings->handle(Object(Illuminate\\Http\\Request), Object(Closure))
#48 C:\\Users\\62812\\Documents\\LARAVEL FUNDAMENTAL\\laravel vue ecommerce\\ecommerce\\vendor\\laravel\\framework\\src\\Illuminate\\Http\\Middleware\\ValidatePostSize.php(27): Illuminate\\Pipeline\\Pipeline->Illuminate\\Pipeline\\{closure}(Object(Illuminate\\Http\\Request))
#49 C:\\Users\\62812\\Documents\\LARAVEL FUNDAMENTAL\\laravel vue ecommerce\\ecommerce\\vendor\\laravel\\framework\\src\\Illuminate\\Pipeline\\Pipeline.php(209): Illuminate\\Http\\Middleware\\ValidatePostSize->handle(Object(Illuminate\\Http\\Request), Object(Closure))
#50 C:\\Users\\62812\\Documents\\LARAVEL FUNDAMENTAL\\laravel vue ecommerce\\ecommerce\\vendor\\laravel\\framework\\src\\Illuminate\\Foundation\\Http\\Middleware\\PreventRequestsDuringMaintenance.php(110): Illuminate\\Pipeline\\Pipeline->Illuminate\\Pipeline\\{closure}(Object(Illuminate\\Http\\Request))
#51 C:\\Users\\62812\\Documents\\LARAVEL FUNDAMENTAL\\laravel vue ecommerce\\ecommerce\\vendor\\laravel\\framework\\src\\Illuminate\\Pipeline\\Pipeline.php(209): Illuminate\\Foundation\\Http\\Middleware\\PreventRequestsDuringMaintenance->handle(Object(Illuminate\\Http\\Request), Object(Closure))
#52 C:\\Users\\62812\\Documents\\LARAVEL FUNDAMENTAL\\laravel vue ecommerce\\ecommerce\\vendor\\laravel\\framework\\src\\Illuminate\\Http\\Middleware\\HandleCors.php(49): Illuminate\\Pipeline\\Pipeline->Illuminate\\Pipeline\\{closure}(Object(Illuminate\\Http\\Request))
#53 C:\\Users\\62812\\Documents\\LARAVEL FUNDAMENTAL\\laravel vue ecommerce\\ecommerce\\vendor\\laravel\\framework\\src\\Illuminate\\Pipeline\\Pipeline.php(209): Illuminate\\Http\\Middleware\\HandleCors->handle(Object(Illuminate\\Http\\Request), Object(Closure))
#54 C:\\Users\\62812\\Documents\\LARAVEL FUNDAMENTAL\\laravel vue ecommerce\\ecommerce\\vendor\\laravel\\framework\\src\\Illuminate\\Http\\Middleware\\TrustProxies.php(58): Illuminate\\Pipeline\\Pipeline->Illuminate\\Pipeline\\{closure}(Object(Illuminate\\Http\\Request))
#55 C:\\Users\\62812\\Documents\\LARAVEL FUNDAMENTAL\\laravel vue ecommerce\\ecommerce\\vendor\\laravel\\framework\\src\\Illuminate\\Pipeline\\Pipeline.php(209): Illuminate\\Http\\Middleware\\TrustProxies->handle(Object(Illuminate\\Http\\Request), Object(Closure))
#56 C:\\Users\\62812\\Documents\\LARAVEL FUNDAMENTAL\\laravel vue ecommerce\\ecommerce\\vendor\\laravel\\framework\\src\\Illuminate\\Foundation\\Http\\Middleware\\InvokeDeferredCallbacks.php(22): Illuminate\\Pipeline\\Pipeline->Illuminate\\Pipeline\\{closure}(Object(Illuminate\\Http\\Request))
#57 C:\\Users\\62812\\Documents\\LARAVEL FUNDAMENTAL\\laravel vue ecommerce\\ecommerce\\vendor\\laravel\\framework\\src\\Illuminate\\Pipeline\\Pipeline.php(209): Illuminate\\Foundation\\Http\\Middleware\\InvokeDeferredCallbacks->handle(Object(Illuminate\\Http\\Request), Object(Closure))
#58 C:\\Users\\62812\\Documents\\LARAVEL FUNDAMENTAL\\laravel vue ecommerce\\ecommerce\\vendor\\laravel\\framework\\src\\Illuminate\\Pipeline\\Pipeline.php(127): Illuminate\\Pipeline\\Pipeline->Illuminate\\Pipeline\\{closure}(Object(Illuminate\\Http\\Request))
#59 C:\\Users\\62812\\Documents\\LARAVEL FUNDAMENTAL\\laravel vue ecommerce\\ecommerce\\vendor\\laravel\\framework\\src\\Illuminate\\Foundation\\Http\\Kernel.php(176): Illuminate\\Pipeline\\Pipeline->then(Object(Closure))
#60 C:\\Users\\62812\\Documents\\LARAVEL FUNDAMENTAL\\laravel vue ecommerce\\ecommerce\\vendor\\laravel\\framework\\src\\Illuminate\\Foundation\\Http\\Kernel.php(145): Illuminate\\Foundation\\Http\\Kernel->sendRequestThroughRouter(Object(Illuminate\\Http\\Request))
#61 C:\\Users\\62812\\Documents\\LARAVEL FUNDAMENTAL\\laravel vue ecommerce\\ecommerce\\vendor\\laravel\\framework\\src\\Illuminate\\Foundation\\Application.php(1220): Illuminate\\Foundation\\Http\\Kernel->handle(Object(Illuminate\\Http\\Request))
#62 C:\\Users\\62812\\Documents\\LARAVEL FUNDAMENTAL\\laravel vue ecommerce\\ecommerce\\public\\index.php(17): Illuminate\\Foundation\\Application->handleRequest(Object(Illuminate\\Http\\Request))
#63 C:\\Users\\62812\\Documents\\LARAVEL FUNDAMENTAL\\laravel vue ecommerce\\ecommerce\\vendor\\laravel\\framework\\src\\Illuminate\\Foundation\\resources\\server.php(23): require_once('C:\\\\Users\\\\62812\\\\...')
#64 {main}

[previous exception] [object] (ParseError(code: 0): syntax error, unexpected token \"{\" at C:\\Users\\62812\\Documents\\LARAVEL FUNDAMENTAL\\laravel vue ecommerce\\ecommerce\\storage\\framework\\views\\6ab588b43760987b97a79ebf9f80de33.php:83)
[stacktrace]
#0 C:\\Users\\62812\\Documents\\LARAVEL FUNDAMENTAL\\laravel vue ecommerce\\ecommerce\\vendor\\laravel\\framework\\src\\Illuminate\\Filesystem\\Filesystem.php(124): Illuminate\\Filesystem\\Filesystem::Illuminate\\Filesystem\\{closure}()
#1 C:\\Users\\62812\\Documents\\LARAVEL FUNDAMENTAL\\laravel vue ecommerce\\ecommerce\\vendor\\laravel\\framework\\src\\Illuminate\\View\\Engines\\PhpEngine.php(58): Illuminate\\Filesystem\\Filesystem->getRequire('C:\\\\Users\\\\62812\\\\...', Array)
#2 C:\\Users\\62812\\Documents\\LARAVEL FUNDAMENTAL\\laravel vue ecommerce\\ecommerce\\vendor\\laravel\\framework\\src\\Illuminate\\View\\Engines\\CompilerEngine.php(75): Illuminate\\View\\Engines\\PhpEngine->evaluatePath('C:\\\\Users\\\\62812\\\\...', Array)
#3 C:\\Users\\62812\\Documents\\LARAVEL FUNDAMENTAL\\laravel vue ecommerce\\ecommerce\\vendor\\laravel\\framework\\src\\Illuminate\\View\\View.php(209): Illuminate\\View\\Engines\\CompilerEngine->get('C:\\\\Users\\\\62812\\\\...', Array)
#4 C:\\Users\\62812\\Documents\\LARAVEL FUNDAMENTAL\\laravel vue ecommerce\\ecommerce\\vendor\\laravel\\framework\\src\\Illuminate\\View\\View.php(192): Illuminate\\View\\View->getContents()
#5 C:\\Users\\62812\\Documents\\LARAVEL FUNDAMENTAL\\laravel vue ecommerce\\ecommerce\\vendor\\laravel\\framework\\src\\Illuminate\\View\\View.php(161): Illuminate\\View\\View->renderContents()
#6 C:\\Users\\62812\\Documents\\LARAVEL FUNDAMENTAL\\laravel vue ecommerce\\ecommerce\\storage\\framework\\views\\abf812e0c61f495834822098d3a19595.php(21): Illuminate\\View\\View->render()
#7 C:\\Users\\62812\\Documents\\LARAVEL FUNDAMENTAL\\laravel vue ecommerce\\ecommerce\\vendor\\laravel\\framework\\src\\Illuminate\\Filesystem\\Filesystem.php(123): require('C:\\\\Users\\\\62812\\\\...')
#8 C:\\Users\\62812\\Documents\\LARAVEL FUNDAMENTAL\\laravel vue ecommerce\\ecommerce\\vendor\\laravel\\framework\\src\\Illuminate\\Filesystem\\Filesystem.php(124): Illuminate\\Filesystem\\Filesystem::Illuminate\\Filesystem\\{closure}()
#9 C:\\Users\\62812\\Documents\\LARAVEL FUNDAMENTAL\\laravel vue ecommerce\\ecommerce\\vendor\\laravel\\framework\\src\\Illuminate\\View\\Engines\\PhpEngine.php(58): Illuminate\\Filesystem\\Filesystem->getRequire('C:\\\\Users\\\\62812\\\\...', Array)
#10 C:\\Users\\62812\\Documents\\LARAVEL FUNDAMENTAL\\laravel vue ecommerce\\ecommerce\\vendor\\laravel\\framework\\src\\Illuminate\\View\\Engines\\CompilerEngine.php(75): Illuminate\\View\\Engines\\PhpEngine->evaluatePath('C:\\\\Users\\\\62812\\\\...', Array)
#11 C:\\Users\\62812\\Documents\\LARAVEL FUNDAMENTAL\\laravel vue ecommerce\\ecommerce\\vendor\\laravel\\framework\\src\\Illuminate\\View\\View.php(209): Illuminate\\View\\Engines\\CompilerEngine->get('C:\\\\Users\\\\62812\\\\...', Array)
#12 C:\\Users\\62812\\Documents\\LARAVEL FUNDAMENTAL\\laravel vue ecommerce\\ecommerce\\vendor\\laravel\\framework\\src\\Illuminate\\View\\View.php(192): Illuminate\\View\\View->getContents()
#13 C:\\Users\\62812\\Documents\\LARAVEL FUNDAMENTAL\\laravel vue ecommerce\\ecommerce\\vendor\\laravel\\framework\\src\\Illuminate\\View\\View.php(161): Illuminate\\View\\View->renderContents()
#14 C:\\Users\\62812\\Documents\\LARAVEL FUNDAMENTAL\\laravel vue ecommerce\\ecommerce\\vendor\\laravel\\framework\\src\\Illuminate\\View\\Concerns\\ManagesComponents.php(99): Illuminate\\View\\View->render()
#15 C:\\Users\\62812\\Documents\\LARAVEL FUNDAMENTAL\\laravel vue ecommerce\\ecommerce\\storage\\framework\\views\\81f2304a786e2dfc849130d6323387df.php(12): Illuminate\\View\\Factory->renderComponent()
#16 C:\\Users\\62812\\Documents\\LARAVEL FUNDAMENTAL\\laravel vue ecommerce\\ecommerce\\vendor\\laravel\\framework\\src\\Illuminate\\Filesystem\\Filesystem.php(123): require('C:\\\\Users\\\\62812\\\\...')
#17 C:\\Users\\62812\\Documents\\LARAVEL FUNDAMENTAL\\laravel vue ecommerce\\ecommerce\\vendor\\laravel\\framework\\src\\Illuminate\\Filesystem\\Filesystem.php(124): Illuminate\\Filesystem\\Filesystem::Illuminate\\Filesystem\\{closure}()
#18 C:\\Users\\62812\\Documents\\LARAVEL FUNDAMENTAL\\laravel vue ecommerce\\ecommerce\\vendor\\laravel\\framework\\src\\Illuminate\\View\\Engines\\PhpEngine.php(58): Illuminate\\Filesystem\\Filesystem->getRequire('C:\\\\Users\\\\62812\\\\...', Array)
#19 C:\\Users\\62812\\Documents\\LARAVEL FUNDAMENTAL\\laravel vue ecommerce\\ecommerce\\vendor\\laravel\\framework\\src\\Illuminate\\View\\Engines\\CompilerEngine.php(75): Illuminate\\View\\Engines\\PhpEngine->evaluatePath('C:\\\\Users\\\\62812\\\\...', Array)
#20 C:\\Users\\62812\\Documents\\LARAVEL FUNDAMENTAL\\laravel vue ecommerce\\ecommerce\\vendor\\laravel\\framework\\src\\Illuminate\\View\\View.php(209): Illuminate\\View\\Engines\\CompilerEngine->get('C:\\\\Users\\\\62812\\\\...', Array)
#21 C:\\Users\\62812\\Documents\\LARAVEL FUNDAMENTAL\\laravel vue ecommerce\\ecommerce\\vendor\\laravel\\framework\\src\\Illuminate\\View\\View.php(192): Illuminate\\View\\View->getContents()
#22 C:\\Users\\62812\\Documents\\LARAVEL FUNDAMENTAL\\laravel vue ecommerce\\ecommerce\\vendor\\laravel\\framework\\src\\Illuminate\\View\\View.php(161): Illuminate\\View\\View->renderContents()
#23 C:\\Users\\62812\\Documents\\LARAVEL FUNDAMENTAL\\laravel vue ecommerce\\ecommerce\\vendor\\laravel\\framework\\src\\Illuminate\\Http\\Response.php(79): Illuminate\\View\\View->render()
#24 C:\\Users\\62812\\Documents\\LARAVEL FUNDAMENTAL\\laravel vue ecommerce\\ecommerce\\vendor\\laravel\\framework\\src\\Illuminate\\Http\\Response.php(35): Illuminate\\Http\\Response->setContent(Object(Illuminate\\View\\View))
#25 C:\\Users\\62812\\Documents\\LARAVEL FUNDAMENTAL\\laravel vue ecommerce\\ecommerce\\vendor\\laravel\\framework\\src\\Illuminate\\Routing\\Router.php(920): Illuminate\\Http\\Response->__construct(Object(Illuminate\\View\\View), 200, Array)
#26 C:\\Users\\62812\\Documents\\LARAVEL FUNDAMENTAL\\laravel vue ecommerce\\ecommerce\\vendor\\laravel\\framework\\src\\Illuminate\\Routing\\Router.php(887): Illuminate\\Routing\\Router::toResponse(Object(Illuminate\\Http\\Request), Object(Illuminate\\View\\View))
#27 C:\\Users\\62812\\Documents\\LARAVEL FUNDAMENTAL\\laravel vue ecommerce\\ecommerce\\vendor\\laravel\\framework\\src\\Illuminate\\Routing\\Router.php(807): Illuminate\\Routing\\Router->prepareResponse(Object(Illuminate\\Http\\Request), Object(Illuminate\\View\\View))
#28 C:\\Users\\62812\\Documents\\LARAVEL FUNDAMENTAL\\laravel vue ecommerce\\ecommerce\\vendor\\laravel\\framework\\src\\Illuminate\\Pipeline\\Pipeline.php(170): Illuminate\\Routing\\Router->Illuminate\\Routing\\{closure}(Object(Illuminate\\Http\\Request))
#29 C:\\Users\\62812\\Documents\\LARAVEL FUNDAMENTAL\\laravel vue ecommerce\\ecommerce\\vendor\\laravel\\framework\\src\\Illuminate\\Routing\\Middleware\\SubstituteBindings.php(51): Illuminate\\Pipeline\\Pipeline->Illuminate\\Pipeline\\{closure}(Object(Illuminate\\Http\\Request))
#30 C:\\Users\\62812\\Documents\\LARAVEL FUNDAMENTAL\\laravel vue ecommerce\\ecommerce\\vendor\\laravel\\framework\\src\\Illuminate\\Pipeline\\Pipeline.php(209): Illuminate\\Routing\\Middleware\\SubstituteBindings->handle(Object(Illuminate\\Http\\Request), Object(Closure))
#31 C:\\Users\\62812\\Documents\\LARAVEL FUNDAMENTAL\\laravel vue ecommerce\\ecommerce\\vendor\\laravel\\framework\\src\\Illuminate\\Foundation\\Http\\Middleware\\VerifyCsrfToken.php(88): Illuminate\\Pipeline\\Pipeline->Illuminate\\Pipeline\\{closure}(Object(Illuminate\\Http\\Request))
#32 C:\\Users\\62812\\Documents\\LARAVEL FUNDAMENTAL\\laravel vue ecommerce\\ecommerce\\vendor\\laravel\\framework\\src\\Illuminate\\Pipeline\\Pipeline.php(209): Illuminate\\Foundation\\Http\\Middleware\\VerifyCsrfToken->handle(Object(Illuminate\\Http\\Request), Object(Closure))
#33 C:\\Users\\62812\\Documents\\LARAVEL FUNDAMENTAL\\laravel vue ecommerce\\ecommerce\\vendor\\laravel\\framework\\src\\Illuminate\\View\\Middleware\\ShareErrorsFromSession.php(49): Illuminate\\Pipeline\\Pipeline->Illuminate\\Pipeline\\{closure}(Object(Illuminate\\Http\\Request))
#34 C:\\Users\\62812\\Documents\\LARAVEL FUNDAMENTAL\\laravel vue ecommerce\\ecommerce\\vendor\\laravel\\framework\\src\\Illuminate\\Pipeline\\Pipeline.php(209): Illuminate\\View\\Middleware\\ShareErrorsFromSession->handle(Object(Illuminate\\Http\\Request), Object(Closure))
#35 C:\\Users\\62812\\Documents\\LARAVEL FUNDAMENTAL\\laravel vue ecommerce\\ecommerce\\vendor\\laravel\\framework\\src\\Illuminate\\Session\\Middleware\\StartSession.php(121): Illuminate\\Pipeline\\Pipeline->Illuminate\\Pipeline\\{closure}(Object(Illuminate\\Http\\Request))
#36 C:\\Users\\62812\\Documents\\LARAVEL FUNDAMENTAL\\laravel vue ecommerce\\ecommerce\\vendor\\laravel\\framework\\src\\Illuminate\\Session\\Middleware\\StartSession.php(64): Illuminate\\Session\\Middleware\\StartSession->handleStatefulRequest(Object(Illuminate\\Http\\Request), Object(Illuminate\\Session\\Store), Object(Closure))
#37 C:\\Users\\62812\\Documents\\LARAVEL FUNDAMENTAL\\laravel vue ecommerce\\ecommerce\\vendor\\laravel\\framework\\src\\Illuminate\\Pipeline\\Pipeline.php(209): Illuminate\\Session\\Middleware\\StartSession->handle(Object(Illuminate\\Http\\Request), Object(Closure))
#38 C:\\Users\\62812\\Documents\\LARAVEL FUNDAMENTAL\\laravel vue ecommerce\\ecommerce\\vendor\\laravel\\framework\\src\\Illuminate\\Cookie\\Middleware\\AddQueuedCookiesToResponse.php(37): Illuminate\\Pipeline\\Pipeline->Illuminate\\Pipeline\\{closure}(Object(Illuminate\\Http\\Request))
#39 C:\\Users\\62812\\Documents\\LARAVEL FUNDAMENTAL\\laravel vue ecommerce\\ecommerce\\vendor\\laravel\\framework\\src\\Illuminate\\Pipeline\\Pipeline.php(209): Illuminate\\Cookie\\Middleware\\AddQueuedCookiesToResponse->handle(Object(Illuminate\\Http\\Request), Object(Closure))
#40 C:\\Users\\62812\\Documents\\LARAVEL FUNDAMENTAL\\laravel vue ecommerce\\ecommerce\\vendor\\laravel\\framework\\src\\Illuminate\\Cookie\\Middleware\\EncryptCookies.php(75): Illuminate\\Pipeline\\Pipeline->Illuminate\\Pipeline\\{closure}(Object(Illuminate\\Http\\Request))
#41 C:\\Users\\62812\\Documents\\LARAVEL FUNDAMENTAL\\laravel vue ecommerce\\ecommerce\\vendor\\laravel\\framework\\src\\Illuminate\\Pipeline\\Pipeline.php(209): Illuminate\\Cookie\\Middleware\\EncryptCookies->handle(Object(Illuminate\\Http\\Request), Object(Closure))
#42 C:\\Users\\62812\\Documents\\LARAVEL FUNDAMENTAL\\laravel vue ecommerce\\ecommerce\\vendor\\laravel\\framework\\src\\Illuminate\\Pipeline\\Pipeline.php(127): Illuminate\\Pipeline\\Pipeline->Illuminate\\Pipeline\\{closure}(Object(Illuminate\\Http\\Request))
#43 C:\\Users\\62812\\Documents\\LARAVEL FUNDAMENTAL\\laravel vue ecommerce\\ecommerce\\vendor\\laravel\\framework\\src\\Illuminate\\Routing\\Router.php(807): Illuminate\\Pipeline\\Pipeline->then(Object(Closure))
#44 C:\\Users\\62812\\Documents\\LARAVEL FUNDAMENTAL\\laravel vue ecommerce\\ecommerce\\vendor\\laravel\\framework\\src\\Illuminate\\Routing\\Router.php(786): Illuminate\\Routing\\Router->runRouteWithinStack(Object(Illuminate\\Routing\\Route), Object(Illuminate\\Http\\Request))
#45 C:\\Users\\62812\\Documents\\LARAVEL FUNDAMENTAL\\laravel vue ecommerce\\ecommerce\\vendor\\laravel\\framework\\src\\Illuminate\\Routing\\Router.php(750): Illuminate\\Routing\\Router->runRoute(Object(Illuminate\\Http\\Request), Object(Illuminate\\Routing\\Route))
#46 C:\\Users\\62812\\Documents\\LARAVEL FUNDAMENTAL\\laravel vue ecommerce\\ecommerce\\vendor\\laravel\\framework\\src\\Illuminate\\Routing\\Router.php(739): Illuminate\\Routing\\Router->dispatchToRoute(Object(Illuminate\\Http\\Request))
#47 C:\\Users\\62812\\Documents\\LARAVEL FUNDAMENTAL\\laravel vue ecommerce\\ecommerce\\vendor\\laravel\\framework\\src\\Illuminate\\Foundation\\Http\\Kernel.php(201): Illuminate\\Routing\\Router->dispatch(Object(Illuminate\\Http\\Request))
#48 C:\\Users\\62812\\Documents\\LARAVEL FUNDAMENTAL\\laravel vue ecommerce\\ecommerce\\vendor\\laravel\\framework\\src\\Illuminate\\Pipeline\\Pipeline.php(170): Illuminate\\Foundation\\Http\\Kernel->Illuminate\\Foundation\\Http\\{closure}(Object(Illuminate\\Http\\Request))
#49 C:\\Users\\62812\\Documents\\LARAVEL FUNDAMENTAL\\laravel vue ecommerce\\ecommerce\\vendor\\laravel\\framework\\src\\Illuminate\\Foundation\\Http\\Middleware\\TransformsRequest.php(21): Illuminate\\Pipeline\\Pipeline->Illuminate\\Pipeline\\{closure}(Object(Illuminate\\Http\\Request))
#50 C:\\Users\\62812\\Documents\\LARAVEL FUNDAMENTAL\\laravel vue ecommerce\\ecommerce\\vendor\\laravel\\framework\\src\\Illuminate\\Foundation\\Http\\Middleware\\ConvertEmptyStringsToNull.php(31): Illuminate\\Foundation\\Http\\Middleware\\TransformsRequest->handle(Object(Illuminate\\Http\\Request), Object(Closure))
#51 C:\\Users\\62812\\Documents\\LARAVEL FUNDAMENTAL\\laravel vue ecommerce\\ecommerce\\vendor\\laravel\\framework\\src\\Illuminate\\Pipeline\\Pipeline.php(209): Illuminate\\Foundation\\Http\\Middleware\\ConvertEmptyStringsToNull->handle(Object(Illuminate\\Http\\Request), Object(Closure))
#52 C:\\Users\\62812\\Documents\\LARAVEL FUNDAMENTAL\\laravel vue ecommerce\\ecommerce\\vendor\\laravel\\framework\\src\\Illuminate\\Foundation\\Http\\Middleware\\TransformsRequest.php(21): Illuminate\\Pipeline\\Pipeline->Illuminate\\Pipeline\\{closure}(Object(Illuminate\\Http\\Request))
#53 C:\\Users\\62812\\Documents\\LARAVEL FUNDAMENTAL\\laravel vue ecommerce\\ecommerce\\vendor\\laravel\\framework\\src\\Illuminate\\Foundation\\Http\\Middleware\\TrimStrings.php(51): Illuminate\\Foundation\\Http\\Middleware\\TransformsRequest->handle(Object(Illuminate\\Http\\Request), Object(Closure))
#54 C:\\Users\\62812\\Documents\\LARAVEL FUNDAMENTAL\\laravel vue ecommerce\\ecommerce\\vendor\\laravel\\framework\\src\\Illuminate\\Pipeline\\Pipeline.php(209): Illuminate\\Foundation\\Http\\Middleware\\TrimStrings->handle(Object(Illuminate\\Http\\Request), Object(Closure))
#55 C:\\Users\\62812\\Documents\\LARAVEL FUNDAMENTAL\\laravel vue ecommerce\\ecommerce\\vendor\\laravel\\framework\\src\\Illuminate\\Http\\Middleware\\ValidatePostSize.php(27): Illuminate\\Pipeline\\Pipeline->Illuminate\\Pipeline\\{closure}(Object(Illuminate\\Http\\Request))
#56 C:\\Users\\62812\\Documents\\LARAVEL FUNDAMENTAL\\laravel vue ecommerce\\ecommerce\\vendor\\laravel\\framework\\src\\Illuminate\\Pipeline\\Pipeline.php(209): Illuminate\\Http\\Middleware\\ValidatePostSize->handle(Object(Illuminate\\Http\\Request), Object(Closure))
#57 C:\\Users\\62812\\Documents\\LARAVEL FUNDAMENTAL\\laravel vue ecommerce\\ecommerce\\vendor\\laravel\\framework\\src\\Illuminate\\Foundation\\Http\\Middleware\\PreventRequestsDuringMaintenance.php(110): Illuminate\\Pipeline\\Pipeline->Illuminate\\Pipeline\\{closure}(Object(Illuminate\\Http\\Request))
#58 C:\\Users\\62812\\Documents\\LARAVEL FUNDAMENTAL\\laravel vue ecommerce\\ecommerce\\vendor\\laravel\\framework\\src\\Illuminate\\Pipeline\\Pipeline.php(209): Illuminate\\Foundation\\Http\\Middleware\\PreventRequestsDuringMaintenance->handle(Object(Illuminate\\Http\\Request), Object(Closure))
#59 C:\\Users\\62812\\Documents\\LARAVEL FUNDAMENTAL\\laravel vue ecommerce\\ecommerce\\vendor\\laravel\\framework\\src\\Illuminate\\Http\\Middleware\\HandleCors.php(49): Illuminate\\Pipeline\\Pipeline->Illuminate\\Pipeline\\{closure}(Object(Illuminate\\Http\\Request))
#60 C:\\Users\\62812\\Documents\\LARAVEL FUNDAMENTAL\\laravel vue ecommerce\\ecommerce\\vendor\\laravel\\framework\\src\\Illuminate\\Pipeline\\Pipeline.php(209): Illuminate\\Http\\Middleware\\HandleCors->handle(Object(Illuminate\\Http\\Request), Object(Closure))
#61 C:\\Users\\62812\\Documents\\LARAVEL FUNDAMENTAL\\laravel vue ecommerce\\ecommerce\\vendor\\laravel\\framework\\src\\Illuminate\\Http\\Middleware\\TrustProxies.php(58): Illuminate\\Pipeline\\Pipeline->Illuminate\\Pipeline\\{closure}(Object(Illuminate\\Http\\Request))
#62 C:\\Users\\62812\\Documents\\LARAVEL FUNDAMENTAL\\laravel vue ecommerce\\ecommerce\\vendor\\laravel\\framework\\src\\Illuminate\\Pipeline\\Pipeline.php(209): Illuminate\\Http\\Middleware\\TrustProxies->handle(Object(Illuminate\\Http\\Request), Object(Closure))
#63 C:\\Users\\62812\\Documents\\LARAVEL FUNDAMENTAL\\laravel vue ecommerce\\ecommerce\\vendor\\laravel\\framework\\src\\Illuminate\\Foundation\\Http\\Middleware\\InvokeDeferredCallbacks.php(22): Illuminate\\Pipeline\\Pipeline->Illuminate\\Pipeline\\{closure}(Object(Illuminate\\Http\\Request))
#64 C:\\Users\\62812\\Documents\\LARAVEL FUNDAMENTAL\\laravel vue ecommerce\\ecommerce\\vendor\\laravel\\framework\\src\\Illuminate\\Pipeline\\Pipeline.php(209): Illuminate\\Foundation\\Http\\Middleware\\InvokeDeferredCallbacks->handle(Object(Illuminate\\Http\\Request), Object(Closure))
#65 C:\\Users\\62812\\Documents\\LARAVEL FUNDAMENTAL\\laravel vue ecommerce\\ecommerce\\vendor\\laravel\\framework\\src\\Illuminate\\Pipeline\\Pipeline.php(127): Illuminate\\Pipeline\\Pipeline->Illuminate\\Pipeline\\{closure}(Object(Illuminate\\Http\\Request))
#66 C:\\Users\\62812\\Documents\\LARAVEL FUNDAMENTAL\\laravel vue ecommerce\\ecommerce\\vendor\\laravel\\framework\\src\\Illuminate\\Foundation\\Http\\Kernel.php(176): Illuminate\\Pipeline\\Pipeline->then(Object(Closure))
#67 C:\\Users\\62812\\Documents\\LARAVEL FUNDAMENTAL\\laravel vue ecommerce\\ecommerce\\vendor\\laravel\\framework\\src\\Illuminate\\Foundation\\Http\\Kernel.php(145): Illuminate\\Foundation\\Http\\Kernel->sendRequestThroughRouter(Object(Illuminate\\Http\\Request))
#68 C:\\Users\\62812\\Documents\\LARAVEL FUNDAMENTAL\\laravel vue ecommerce\\ecommerce\\vendor\\laravel\\framework\\src\\Illuminate\\Foundation\\Application.php(1220): Illuminate\\Foundation\\Http\\Kernel->handle(Object(Illuminate\\Http\\Request))
#69 C:\\Users\\62812\\Documents\\LARAVEL FUNDAMENTAL\\laravel vue ecommerce\\ecommerce\\public\\index.php(17): Illuminate\\Foundation\\Application->handleRequest(Object(Illuminate\\Http\\Request))
#70 C:\\Users\\62812\\Documents\\LARAVEL FUNDAMENTAL\\laravel vue ecommerce\\ecommerce\\vendor\\laravel\\framework\\src\\Illuminate\\Foundation\\resources\\server.php(23): require_once('C:\\\\Users\\\\62812\\\\...')
#71 {main}
"} 
[2025-09-25 05:15:59] local.ERROR: Too few arguments to function route(), 0 passed in C:\Users\62812\Documents\LARAVEL FUNDAMENTAL\laravel vue ecommerce\ecommerce\storage\framework\views\6ab588b43760987b97a79ebf9f80de33.php on line 229 and at least 1 expected {"view":{"view":"C:\\Users\\62812\\Documents\\LARAVEL FUNDAMENTAL\\laravel vue ecommerce\\ecommerce\\resources\\views\\layouts\\navigation.blade.php","data":{"errors":"<pre class=sf-dump id=sf-dump-2009086717 data-indent-pad=\"  \"><span class=sf-dump-note>Illuminate\\Support\\ViewErrorBag</span> {<a class=sf-dump-ref>#1288</a><samp data-depth=1 class=sf-dump-expanded>
  #<span class=sf-dump-protected title=\"Protected property\">bags</span>: []
</samp>}
</pre><script>Sfdump(\"sf-dump-2009086717\", {\"maxDepth\":3,\"maxStringLength\":160})</script>
","componentName":"<pre class=sf-dump id=sf-dump-570336865 data-indent-pad=\"  \">\"<span class=sf-dump-str title=\"10 characters\">app-layout</span>\"
</pre><script>Sfdump(\"sf-dump-570336865\", {\"maxDepth\":3,\"maxStringLength\":160})</script>
","attributes":"<pre class=sf-dump id=sf-dump-562524618 data-indent-pad=\"  \"><span class=sf-dump-note>Illuminate\\View\\ComponentAttributeBag</span> {<a class=sf-dump-ref>#1309</a><samp data-depth=1 class=sf-dump-expanded>
  #<span class=sf-dump-protected title=\"Protected property\">attributes</span>: []
</samp>}
</pre><script>Sfdump(\"sf-dump-562524618\", {\"maxDepth\":3,\"maxStringLength\":160})</script>
","ignoredParameterNames":"<pre class=sf-dump id=sf-dump-443426017 data-indent-pad=\"  \"><span class=sf-dump-note>Illuminate\\View\\InvokableComponentVariable</span> {<a class=sf-dump-ref>#1323</a><samp data-depth=1 class=sf-dump-expanded>
  #<span class=sf-dump-protected title=\"Protected property\">callable</span>: <span class=sf-dump-note>Closure()</span> {<a class=sf-dump-ref>#1322</a><samp data-depth=2 class=sf-dump-compact>
    <span class=sf-dump-meta>class</span>: \"<span class=\"sf-dump-str sf-dump-ellipsization\" title=\"App\\View\\Components\\AppLayout
29 characters\"><span class=\"sf-dump-ellipsis sf-dump-ellipsis-class\">App\\View\\Components</span><span class=\"sf-dump-ellipsis sf-dump-ellipsis-class\">\\</span><span class=\"sf-dump-ellipsis-tail\">AppLayout</span></span>\"
    <span class=sf-dump-meta>this</span>: <span class=\"sf-dump-note sf-dump-ellipsization\" title=\"App\\View\\Components\\AppLayout
\"><span class=\"sf-dump-ellipsis sf-dump-ellipsis-note\">App\\View\\Components</span><span class=\"sf-dump-ellipsis sf-dump-ellipsis-note\">\\</span><span class=\"sf-dump-ellipsis-tail\">AppLayout</span></span> {<a class=sf-dump-ref>#1307</a> &#8230;}
    <span class=sf-dump-meta>use</span>: {<samp data-depth=3 class=sf-dump-compact>
      <span class=sf-dump-meta>$method</span>: \"<span class=sf-dump-str title=\"21 characters\">ignoredParameterNames</span>\"
    </samp>}
    <span class=sf-dump-meta>file</span>: \"<span class=\"sf-dump-str sf-dump-ellipsization\" title=\"C:\\Users\\62812\\Documents\\LARAVEL FUNDAMENTAL\\laravel vue ecommerce\\ecommerce\\vendor\\laravel\\framework\\src\\Illuminate\\View\\Component.php
135 characters\"><span class=\"sf-dump-ellipsis sf-dump-ellipsis-path\">C:\\Users\\62812\\Documents\\LARAVEL FUNDAMENTAL\\laravel vue ecommerce\\ecommerce\\vendor</span><span class=\"sf-dump-ellipsis sf-dump-ellipsis-path\">\\laravel\\framework\\</span><span class=\"sf-dump-ellipsis-tail\">src\\Illuminate\\View\\Component.php</span></span>\"
    <span class=sf-dump-meta>line</span>: \"<span class=sf-dump-str title=\"10 characters\">303 to 305</span>\"
  </samp>}
</samp>}
</pre><script>Sfdump(\"sf-dump-443426017\", {\"maxDepth\":3,\"maxStringLength\":160})</script>
","slot":"<pre class=sf-dump id=sf-dump-1784251128 data-indent-pad=\"  \"><span class=sf-dump-note>Illuminate\\View\\ComponentSlot</span> {<a class=sf-dump-ref>#1310</a><samp data-depth=1 class=sf-dump-expanded>
  +<span class=sf-dump-public title=\"Public property\">attributes</span>: <span class=\"sf-dump-note sf-dump-ellipsization\" title=\"Illuminate\\View\\ComponentAttributeBag
\"><span class=\"sf-dump-ellipsis sf-dump-ellipsis-note\">Illuminate\\View</span><span class=\"sf-dump-ellipsis sf-dump-ellipsis-note\">\\</span><span class=\"sf-dump-ellipsis-tail\">ComponentAttributeBag</span></span> {<a class=sf-dump-ref>#1320</a><samp data-depth=2 class=sf-dump-compact>
    #<span class=sf-dump-protected title=\"Protected property\">attributes</span>: []
  </samp>}
  #<span class=sf-dump-protected title=\"Protected property\">contents</span>: \"<span class=sf-dump-str title=\"7 characters\">welcome</span>\"
</samp>}
</pre><script>Sfdump(\"sf-dump-1784251128\", {\"maxDepth\":3,\"maxStringLength\":160})</script>
","__laravel_slots":"<pre class=sf-dump id=sf-dump-756659527 data-indent-pad=\"  \"><span class=sf-dump-note>array:1</span> [<samp data-depth=1 class=sf-dump-expanded>
  \"<span class=sf-dump-key>__default</span>\" => <span class=\"sf-dump-note sf-dump-ellipsization\" title=\"Illuminate\\View\\ComponentSlot
\"><span class=\"sf-dump-ellipsis sf-dump-ellipsis-note\">Illuminate\\View</span><span class=\"sf-dump-ellipsis sf-dump-ellipsis-note\">\\</span><span class=\"sf-dump-ellipsis-tail\">ComponentSlot</span></span> {<a class=sf-dump-ref>#1310</a><samp data-depth=2 class=sf-dump-compact>
    +<span class=sf-dump-public title=\"Public property\">attributes</span>: <span class=\"sf-dump-note sf-dump-ellipsization\" title=\"Illuminate\\View\\ComponentAttributeBag
\"><span class=\"sf-dump-ellipsis sf-dump-ellipsis-note\">Illuminate\\View</span><span class=\"sf-dump-ellipsis sf-dump-ellipsis-note\">\\</span><span class=\"sf-dump-ellipsis-tail\">ComponentAttributeBag</span></span> {<a class=sf-dump-ref>#1320</a><samp data-depth=3 class=sf-dump-compact>
      #<span class=sf-dump-protected title=\"Protected property\">attributes</span>: []
    </samp>}
    #<span class=sf-dump-protected title=\"Protected property\">contents</span>: \"<span class=sf-dump-str title=\"7 characters\">welcome</span>\"
  </samp>}
</samp>]
</pre><script>Sfdump(\"sf-dump-756659527\", {\"maxDepth\":3,\"maxStringLength\":160})</script>
"}},"exception":"[object] (Spatie\\LaravelIgnition\\Exceptions\\ViewException(code: 0): Too few arguments to function route(), 0 passed in C:\\Users\\62812\\Documents\\LARAVEL FUNDAMENTAL\\laravel vue ecommerce\\ecommerce\\storage\\framework\\views\\6ab588b43760987b97a79ebf9f80de33.php on line 229 and at least 1 expected at C:\\Users\\62812\\Documents\\LARAVEL FUNDAMENTAL\\laravel vue ecommerce\\ecommerce\\vendor\\laravel\\framework\\src\\Illuminate\\Foundation\\helpers.php:851)
[stacktrace]
#0 C:\\Users\\62812\\Documents\\LARAVEL FUNDAMENTAL\\laravel vue ecommerce\\ecommerce\\resources\\views\\layouts\\navigation.blade.php(229): route()
#1 C:\\Users\\62812\\Documents\\LARAVEL FUNDAMENTAL\\laravel vue ecommerce\\ecommerce\\vendor\\laravel\\framework\\src\\Illuminate\\Filesystem\\Filesystem.php(123): require('C:\\\\Users\\\\62812\\\\...')
#2 C:\\Users\\62812\\Documents\\LARAVEL FUNDAMENTAL\\laravel vue ecommerce\\ecommerce\\vendor\\laravel\\framework\\src\\Illuminate\\Filesystem\\Filesystem.php(124): Illuminate\\Filesystem\\Filesystem::Illuminate\\Filesystem\\{closure}()
#3 C:\\Users\\62812\\Documents\\LARAVEL FUNDAMENTAL\\laravel vue ecommerce\\ecommerce\\vendor\\laravel\\framework\\src\\Illuminate\\View\\Engines\\PhpEngine.php(58): Illuminate\\Filesystem\\Filesystem->getRequire('C:\\\\Users\\\\62812\\\\...', Array)
#4 C:\\Users\\62812\\Documents\\LARAVEL FUNDAMENTAL\\laravel vue ecommerce\\ecommerce\\vendor\\laravel\\framework\\src\\Illuminate\\View\\Engines\\CompilerEngine.php(75): Illuminate\\View\\Engines\\PhpEngine->evaluatePath('C:\\\\Users\\\\62812\\\\...', Array)
#5 C:\\Users\\62812\\Documents\\LARAVEL FUNDAMENTAL\\laravel vue ecommerce\\ecommerce\\vendor\\laravel\\framework\\src\\Illuminate\\View\\View.php(209): Illuminate\\View\\Engines\\CompilerEngine->get('C:\\\\Users\\\\62812\\\\...', Array)
#6 C:\\Users\\62812\\Documents\\LARAVEL FUNDAMENTAL\\laravel vue ecommerce\\ecommerce\\vendor\\laravel\\framework\\src\\Illuminate\\View\\View.php(192): Illuminate\\View\\View->getContents()
#7 C:\\Users\\62812\\Documents\\LARAVEL FUNDAMENTAL\\laravel vue ecommerce\\ecommerce\\vendor\\laravel\\framework\\src\\Illuminate\\View\\View.php(161): Illuminate\\View\\View->renderContents()
#8 C:\\Users\\62812\\Documents\\LARAVEL FUNDAMENTAL\\laravel vue ecommerce\\ecommerce\\resources\\views\\layouts\\app.blade.php(21): Illuminate\\View\\View->render()
#9 C:\\Users\\62812\\Documents\\LARAVEL FUNDAMENTAL\\laravel vue ecommerce\\ecommerce\\vendor\\laravel\\framework\\src\\Illuminate\\Filesystem\\Filesystem.php(123): require('C:\\\\Users\\\\62812\\\\...')
#10 C:\\Users\\62812\\Documents\\LARAVEL FUNDAMENTAL\\laravel vue ecommerce\\ecommerce\\vendor\\laravel\\framework\\src\\Illuminate\\Filesystem\\Filesystem.php(124): Illuminate\\Filesystem\\Filesystem::Illuminate\\Filesystem\\{closure}()
#11 C:\\Users\\62812\\Documents\\LARAVEL FUNDAMENTAL\\laravel vue ecommerce\\ecommerce\\vendor\\laravel\\framework\\src\\Illuminate\\View\\Engines\\PhpEngine.php(58): Illuminate\\Filesystem\\Filesystem->getRequire('C:\\\\Users\\\\62812\\\\...', Array)
#12 C:\\Users\\62812\\Documents\\LARAVEL FUNDAMENTAL\\laravel vue ecommerce\\ecommerce\\vendor\\laravel\\framework\\src\\Illuminate\\View\\Engines\\CompilerEngine.php(75): Illuminate\\View\\Engines\\PhpEngine->evaluatePath('C:\\\\Users\\\\62812\\\\...', Array)
#13 C:\\Users\\62812\\Documents\\LARAVEL FUNDAMENTAL\\laravel vue ecommerce\\ecommerce\\vendor\\laravel\\framework\\src\\Illuminate\\View\\View.php(209): Illuminate\\View\\Engines\\CompilerEngine->get('C:\\\\Users\\\\62812\\\\...', Array)
#14 C:\\Users\\62812\\Documents\\LARAVEL FUNDAMENTAL\\laravel vue ecommerce\\ecommerce\\vendor\\laravel\\framework\\src\\Illuminate\\View\\View.php(192): Illuminate\\View\\View->getContents()
#15 C:\\Users\\62812\\Documents\\LARAVEL FUNDAMENTAL\\laravel vue ecommerce\\ecommerce\\vendor\\laravel\\framework\\src\\Illuminate\\View\\View.php(161): Illuminate\\View\\View->renderContents()
#16 C:\\Users\\62812\\Documents\\LARAVEL FUNDAMENTAL\\laravel vue ecommerce\\ecommerce\\vendor\\laravel\\framework\\src\\Illuminate\\View\\Concerns\\ManagesComponents.php(99): Illuminate\\View\\View->render()
#17 C:\\Users\\62812\\Documents\\LARAVEL FUNDAMENTAL\\laravel vue ecommerce\\ecommerce\\resources\\views\\welcome.blade.php(1): Illuminate\\View\\Factory->renderComponent()
#18 C:\\Users\\62812\\Documents\\LARAVEL FUNDAMENTAL\\laravel vue ecommerce\\ecommerce\\vendor\\laravel\\framework\\src\\Illuminate\\Filesystem\\Filesystem.php(123): require('C:\\\\Users\\\\62812\\\\...')
#19 C:\\Users\\62812\\Documents\\LARAVEL FUNDAMENTAL\\laravel vue ecommerce\\ecommerce\\vendor\\laravel\\framework\\src\\Illuminate\\Filesystem\\Filesystem.php(124): Illuminate\\Filesystem\\Filesystem::Illuminate\\Filesystem\\{closure}()
#20 C:\\Users\\62812\\Documents\\LARAVEL FUNDAMENTAL\\laravel vue ecommerce\\ecommerce\\vendor\\laravel\\framework\\src\\Illuminate\\View\\Engines\\PhpEngine.php(58): Illuminate\\Filesystem\\Filesystem->getRequire('C:\\\\Users\\\\62812\\\\...', Array)
#21 C:\\Users\\62812\\Documents\\LARAVEL FUNDAMENTAL\\laravel vue ecommerce\\ecommerce\\vendor\\laravel\\framework\\src\\Illuminate\\View\\Engines\\CompilerEngine.php(75): Illuminate\\View\\Engines\\PhpEngine->evaluatePath('C:\\\\Users\\\\62812\\\\...', Array)
#22 C:\\Users\\62812\\Documents\\LARAVEL FUNDAMENTAL\\laravel vue ecommerce\\ecommerce\\vendor\\laravel\\framework\\src\\Illuminate\\View\\View.php(209): Illuminate\\View\\Engines\\CompilerEngine->get('C:\\\\Users\\\\62812\\\\...', Array)
#23 C:\\Users\\62812\\Documents\\LARAVEL FUNDAMENTAL\\laravel vue ecommerce\\ecommerce\\vendor\\laravel\\framework\\src\\Illuminate\\View\\View.php(192): Illuminate\\View\\View->getContents()
#24 C:\\Users\\62812\\Documents\\LARAVEL FUNDAMENTAL\\laravel vue ecommerce\\ecommerce\\vendor\\laravel\\framework\\src\\Illuminate\\View\\View.php(161): Illuminate\\View\\View->renderContents()
#25 C:\\Users\\62812\\Documents\\LARAVEL FUNDAMENTAL\\laravel vue ecommerce\\ecommerce\\vendor\\laravel\\framework\\src\\Illuminate\\Http\\Response.php(79): Illuminate\\View\\View->render()
#26 C:\\Users\\62812\\Documents\\LARAVEL FUNDAMENTAL\\laravel vue ecommerce\\ecommerce\\vendor\\laravel\\framework\\src\\Illuminate\\Http\\Response.php(35): Illuminate\\Http\\Response->setContent(Object(Illuminate\\View\\View))
#27 C:\\Users\\62812\\Documents\\LARAVEL FUNDAMENTAL\\laravel vue ecommerce\\ecommerce\\vendor\\laravel\\framework\\src\\Illuminate\\Routing\\Router.php(920): Illuminate\\Http\\Response->__construct(Object(Illuminate\\View\\View), 200, Array)
#28 C:\\Users\\62812\\Documents\\LARAVEL FUNDAMENTAL\\laravel vue ecommerce\\ecommerce\\vendor\\laravel\\framework\\src\\Illuminate\\Routing\\Router.php(887): Illuminate\\Routing\\Router::toResponse(Object(Illuminate\\Http\\Request), Object(Illuminate\\View\\View))
#29 C:\\Users\\62812\\Documents\\LARAVEL FUNDAMENTAL\\laravel vue ecommerce\\ecommerce\\vendor\\laravel\\framework\\src\\Illuminate\\Routing\\Router.php(807): Illuminate\\Routing\\Router->prepareResponse(Object(Illuminate\\Http\\Request), Object(Illuminate\\View\\View))
#30 C:\\Users\\62812\\Documents\\LARAVEL FUNDAMENTAL\\laravel vue ecommerce\\ecommerce\\vendor\\laravel\\framework\\src\\Illuminate\\Pipeline\\Pipeline.php(170): Illuminate\\Routing\\Router->Illuminate\\Routing\\{closure}(Object(Illuminate\\Http\\Request))
#31 C:\\Users\\62812\\Documents\\LARAVEL FUNDAMENTAL\\laravel vue ecommerce\\ecommerce\\vendor\\laravel\\framework\\src\\Illuminate\\Routing\\Middleware\\SubstituteBindings.php(51): Illuminate\\Pipeline\\Pipeline->Illuminate\\Pipeline\\{closure}(Object(Illuminate\\Http\\Request))
#32 C:\\Users\\62812\\Documents\\LARAVEL FUNDAMENTAL\\laravel vue ecommerce\\ecommerce\\vendor\\laravel\\framework\\src\\Illuminate\\Pipeline\\Pipeline.php(209): Illuminate\\Routing\\Middleware\\SubstituteBindings->handle(Object(Illuminate\\Http\\Request), Object(Closure))
#33 C:\\Users\\62812\\Documents\\LARAVEL FUNDAMENTAL\\laravel vue ecommerce\\ecommerce\\vendor\\laravel\\framework\\src\\Illuminate\\Foundation\\Http\\Middleware\\VerifyCsrfToken.php(88): Illuminate\\Pipeline\\Pipeline->Illuminate\\Pipeline\\{closure}(Object(Illuminate\\Http\\Request))
#34 C:\\Users\\62812\\Documents\\LARAVEL FUNDAMENTAL\\laravel vue ecommerce\\ecommerce\\vendor\\laravel\\framework\\src\\Illuminate\\Pipeline\\Pipeline.php(209): Illuminate\\Foundation\\Http\\Middleware\\VerifyCsrfToken->handle(Object(Illuminate\\Http\\Request), Object(Closure))
#35 C:\\Users\\62812\\Documents\\LARAVEL FUNDAMENTAL\\laravel vue ecommerce\\ecommerce\\vendor\\laravel\\framework\\src\\Illuminate\\View\\Middleware\\ShareErrorsFromSession.php(49): Illuminate\\Pipeline\\Pipeline->Illuminate\\Pipeline\\{closure}(Object(Illuminate\\Http\\Request))
#36 C:\\Users\\62812\\Documents\\LARAVEL FUNDAMENTAL\\laravel vue ecommerce\\ecommerce\\vendor\\laravel\\framework\\src\\Illuminate\\Pipeline\\Pipeline.php(209): Illuminate\\View\\Middleware\\ShareErrorsFromSession->handle(Object(Illuminate\\Http\\Request), Object(Closure))
#37 C:\\Users\\62812\\Documents\\LARAVEL FUNDAMENTAL\\laravel vue ecommerce\\ecommerce\\vendor\\laravel\\framework\\src\\Illuminate\\Session\\Middleware\\StartSession.php(121): Illuminate\\Pipeline\\Pipeline->Illuminate\\Pipeline\\{closure}(Object(Illuminate\\Http\\Request))
#38 C:\\Users\\62812\\Documents\\LARAVEL FUNDAMENTAL\\laravel vue ecommerce\\ecommerce\\vendor\\laravel\\framework\\src\\Illuminate\\Session\\Middleware\\StartSession.php(64): Illuminate\\Session\\Middleware\\StartSession->handleStatefulRequest(Object(Illuminate\\Http\\Request), Object(Illuminate\\Session\\Store), Object(Closure))
#39 C:\\Users\\62812\\Documents\\LARAVEL FUNDAMENTAL\\laravel vue ecommerce\\ecommerce\\vendor\\laravel\\framework\\src\\Illuminate\\Pipeline\\Pipeline.php(209): Illuminate\\Session\\Middleware\\StartSession->handle(Object(Illuminate\\Http\\Request), Object(Closure))
#40 C:\\Users\\62812\\Documents\\LARAVEL FUNDAMENTAL\\laravel vue ecommerce\\ecommerce\\vendor\\laravel\\framework\\src\\Illuminate\\Cookie\\Middleware\\AddQueuedCookiesToResponse.php(37): Illuminate\\Pipeline\\Pipeline->Illuminate\\Pipeline\\{closure}(Object(Illuminate\\Http\\Request))
#41 C:\\Users\\62812\\Documents\\LARAVEL FUNDAMENTAL\\laravel vue ecommerce\\ecommerce\\vendor\\laravel\\framework\\src\\Illuminate\\Pipeline\\Pipeline.php(209): Illuminate\\Cookie\\Middleware\\AddQueuedCookiesToResponse->handle(Object(Illuminate\\Http\\Request), Object(Closure))
#42 C:\\Users\\62812\\Documents\\LARAVEL FUNDAMENTAL\\laravel vue ecommerce\\ecommerce\\vendor\\laravel\\framework\\src\\Illuminate\\Cookie\\Middleware\\EncryptCookies.php(75): Illuminate\\Pipeline\\Pipeline->Illuminate\\Pipeline\\{closure}(Object(Illuminate\\Http\\Request))
#43 C:\\Users\\62812\\Documents\\LARAVEL FUNDAMENTAL\\laravel vue ecommerce\\ecommerce\\vendor\\laravel\\framework\\src\\Illuminate\\Pipeline\\Pipeline.php(209): Illuminate\\Cookie\\Middleware\\EncryptCookies->handle(Object(Illuminate\\Http\\Request), Object(Closure))
#44 C:\\Users\\62812\\Documents\\LARAVEL FUNDAMENTAL\\laravel vue ecommerce\\ecommerce\\vendor\\laravel\\framework\\src\\Illuminate\\Pipeline\\Pipeline.php(127): Illuminate\\Pipeline\\Pipeline->Illuminate\\Pipeline\\{closure}(Object(Illuminate\\Http\\Request))
#45 C:\\Users\\62812\\Documents\\LARAVEL FUNDAMENTAL\\laravel vue ecommerce\\ecommerce\\vendor\\laravel\\framework\\src\\Illuminate\\Routing\\Router.php(807): Illuminate\\Pipeline\\Pipeline->then(Object(Closure))
#46 C:\\Users\\62812\\Documents\\LARAVEL FUNDAMENTAL\\laravel vue ecommerce\\ecommerce\\vendor\\laravel\\framework\\src\\Illuminate\\Routing\\Router.php(786): Illuminate\\Routing\\Router->runRouteWithinStack(Object(Illuminate\\Routing\\Route), Object(Illuminate\\Http\\Request))
#47 C:\\Users\\62812\\Documents\\LARAVEL FUNDAMENTAL\\laravel vue ecommerce\\ecommerce\\vendor\\laravel\\framework\\src\\Illuminate\\Routing\\Router.php(750): Illuminate\\Routing\\Router->runRoute(Object(Illuminate\\Http\\Request), Object(Illuminate\\Routing\\Route))
#48 C:\\Users\\62812\\Documents\\LARAVEL FUNDAMENTAL\\laravel vue ecommerce\\ecommerce\\vendor\\laravel\\framework\\src\\Illuminate\\Routing\\Router.php(739): Illuminate\\Routing\\Router->dispatchToRoute(Object(Illuminate\\Http\\Request))
#49 C:\\Users\\62812\\Documents\\LARAVEL FUNDAMENTAL\\laravel vue ecommerce\\ecommerce\\vendor\\laravel\\framework\\src\\Illuminate\\Foundation\\Http\\Kernel.php(201): Illuminate\\Routing\\Router->dispatch(Object(Illuminate\\Http\\Request))
#50 C:\\Users\\62812\\Documents\\LARAVEL FUNDAMENTAL\\laravel vue ecommerce\\ecommerce\\vendor\\laravel\\framework\\src\\Illuminate\\Pipeline\\Pipeline.php(170): Illuminate\\Foundation\\Http\\Kernel->Illuminate\\Foundation\\Http\\{closure}(Object(Illuminate\\Http\\Request))
#51 C:\\Users\\62812\\Documents\\LARAVEL FUNDAMENTAL\\laravel vue ecommerce\\ecommerce\\vendor\\laravel\\framework\\src\\Illuminate\\Foundation\\Http\\Middleware\\TransformsRequest.php(21): Illuminate\\Pipeline\\Pipeline->Illuminate\\Pipeline\\{closure}(Object(Illuminate\\Http\\Request))
#52 C:\\Users\\62812\\Documents\\LARAVEL FUNDAMENTAL\\laravel vue ecommerce\\ecommerce\\vendor\\laravel\\framework\\src\\Illuminate\\Foundation\\Http\\Middleware\\ConvertEmptyStringsToNull.php(31): Illuminate\\Foundation\\Http\\Middleware\\TransformsRequest->handle(Object(Illuminate\\Http\\Request), Object(Closure))
#53 C:\\Users\\62812\\Documents\\LARAVEL FUNDAMENTAL\\laravel vue ecommerce\\ecommerce\\vendor\\laravel\\framework\\src\\Illuminate\\Pipeline\\Pipeline.php(209): Illuminate\\Foundation\\Http\\Middleware\\ConvertEmptyStringsToNull->handle(Object(Illuminate\\Http\\Request), Object(Closure))
#54 C:\\Users\\62812\\Documents\\LARAVEL FUNDAMENTAL\\laravel vue ecommerce\\ecommerce\\vendor\\laravel\\framework\\src\\Illuminate\\Foundation\\Http\\Middleware\\TransformsRequest.php(21): Illuminate\\Pipeline\\Pipeline->Illuminate\\Pipeline\\{closure}(Object(Illuminate\\Http\\Request))
#55 C:\\Users\\62812\\Documents\\LARAVEL FUNDAMENTAL\\laravel vue ecommerce\\ecommerce\\vendor\\laravel\\framework\\src\\Illuminate\\Foundation\\Http\\Middleware\\TrimStrings.php(51): Illuminate\\Foundation\\Http\\Middleware\\TransformsRequest->handle(Object(Illuminate\\Http\\Request), Object(Closure))
#56 C:\\Users\\62812\\Documents\\LARAVEL FUNDAMENTAL\\laravel vue ecommerce\\ecommerce\\vendor\\laravel\\framework\\src\\Illuminate\\Pipeline\\Pipeline.php(209): Illuminate\\Foundation\\Http\\Middleware\\TrimStrings->handle(Object(Illuminate\\Http\\Request), Object(Closure))
#57 C:\\Users\\62812\\Documents\\LARAVEL FUNDAMENTAL\\laravel vue ecommerce\\ecommerce\\vendor\\laravel\\framework\\src\\Illuminate\\Http\\Middleware\\ValidatePostSize.php(27): Illuminate\\Pipeline\\Pipeline->Illuminate\\Pipeline\\{closure}(Object(Illuminate\\Http\\Request))
#58 C:\\Users\\62812\\Documents\\LARAVEL FUNDAMENTAL\\laravel vue ecommerce\\ecommerce\\vendor\\laravel\\framework\\src\\Illuminate\\Pipeline\\Pipeline.php(209): Illuminate\\Http\\Middleware\\ValidatePostSize->handle(Object(Illuminate\\Http\\Request), Object(Closure))
#59 C:\\Users\\62812\\Documents\\LARAVEL FUNDAMENTAL\\laravel vue ecommerce\\ecommerce\\vendor\\laravel\\framework\\src\\Illuminate\\Foundation\\Http\\Middleware\\PreventRequestsDuringMaintenance.php(110): Illuminate\\Pipeline\\Pipeline->Illuminate\\Pipeline\\{closure}(Object(Illuminate\\Http\\Request))
#60 C:\\Users\\62812\\Documents\\LARAVEL FUNDAMENTAL\\laravel vue ecommerce\\ecommerce\\vendor\\laravel\\framework\\src\\Illuminate\\Pipeline\\Pipeline.php(209): Illuminate\\Foundation\\Http\\Middleware\\PreventRequestsDuringMaintenance->handle(Object(Illuminate\\Http\\Request), Object(Closure))
#61 C:\\Users\\62812\\Documents\\LARAVEL FUNDAMENTAL\\laravel vue ecommerce\\ecommerce\\vendor\\laravel\\framework\\src\\Illuminate\\Http\\Middleware\\HandleCors.php(49): Illuminate\\Pipeline\\Pipeline->Illuminate\\Pipeline\\{closure}(Object(Illuminate\\Http\\Request))
#62 C:\\Users\\62812\\Documents\\LARAVEL FUNDAMENTAL\\laravel vue ecommerce\\ecommerce\\vendor\\laravel\\framework\\src\\Illuminate\\Pipeline\\Pipeline.php(209): Illuminate\\Http\\Middleware\\HandleCors->handle(Object(Illuminate\\Http\\Request), Object(Closure))
#63 C:\\Users\\62812\\Documents\\LARAVEL FUNDAMENTAL\\laravel vue ecommerce\\ecommerce\\vendor\\laravel\\framework\\src\\Illuminate\\Http\\Middleware\\TrustProxies.php(58): Illuminate\\Pipeline\\Pipeline->Illuminate\\Pipeline\\{closure}(Object(Illuminate\\Http\\Request))
#64 C:\\Users\\62812\\Documents\\LARAVEL FUNDAMENTAL\\laravel vue ecommerce\\ecommerce\\vendor\\laravel\\framework\\src\\Illuminate\\Pipeline\\Pipeline.php(209): Illuminate\\Http\\Middleware\\TrustProxies->handle(Object(Illuminate\\Http\\Request), Object(Closure))
#65 C:\\Users\\62812\\Documents\\LARAVEL FUNDAMENTAL\\laravel vue ecommerce\\ecommerce\\vendor\\laravel\\framework\\src\\Illuminate\\Foundation\\Http\\Middleware\\InvokeDeferredCallbacks.php(22): Illuminate\\Pipeline\\Pipeline->Illuminate\\Pipeline\\{closure}(Object(Illuminate\\Http\\Request))
#66 C:\\Users\\62812\\Documents\\LARAVEL FUNDAMENTAL\\laravel vue ecommerce\\ecommerce\\vendor\\laravel\\framework\\src\\Illuminate\\Pipeline\\Pipeline.php(209): Illuminate\\Foundation\\Http\\Middleware\\InvokeDeferredCallbacks->handle(Object(Illuminate\\Http\\Request), Object(Closure))
#67 C:\\Users\\62812\\Documents\\LARAVEL FUNDAMENTAL\\laravel vue ecommerce\\ecommerce\\vendor\\laravel\\framework\\src\\Illuminate\\Pipeline\\Pipeline.php(127): Illuminate\\Pipeline\\Pipeline->Illuminate\\Pipeline\\{closure}(Object(Illuminate\\Http\\Request))
#68 C:\\Users\\62812\\Documents\\LARAVEL FUNDAMENTAL\\laravel vue ecommerce\\ecommerce\\vendor\\laravel\\framework\\src\\Illuminate\\Foundation\\Http\\Kernel.php(176): Illuminate\\Pipeline\\Pipeline->then(Object(Closure))
#69 C:\\Users\\62812\\Documents\\LARAVEL FUNDAMENTAL\\laravel vue ecommerce\\ecommerce\\vendor\\laravel\\framework\\src\\Illuminate\\Foundation\\Http\\Kernel.php(145): Illuminate\\Foundation\\Http\\Kernel->sendRequestThroughRouter(Object(Illuminate\\Http\\Request))
#70 C:\\Users\\62812\\Documents\\LARAVEL FUNDAMENTAL\\laravel vue ecommerce\\ecommerce\\vendor\\laravel\\framework\\src\\Illuminate\\Foundation\\Application.php(1220): Illuminate\\Foundation\\Http\\Kernel->handle(Object(Illuminate\\Http\\Request))
#71 C:\\Users\\62812\\Documents\\LARAVEL FUNDAMENTAL\\laravel vue ecommerce\\ecommerce\\public\\index.php(17): Illuminate\\Foundation\\Application->handleRequest(Object(Illuminate\\Http\\Request))
#72 C:\\Users\\62812\\Documents\\LARAVEL FUNDAMENTAL\\laravel vue ecommerce\\ecommerce\\vendor\\laravel\\framework\\src\\Illuminate\\Foundation\\resources\\server.php(23): require_once('C:\\\\Users\\\\62812\\\\...')
#73 {main}

[previous exception] [object] (ArgumentCountError(code: 0): Too few arguments to function route(), 0 passed in C:\\Users\\62812\\Documents\\LARAVEL FUNDAMENTAL\\laravel vue ecommerce\\ecommerce\\storage\\framework\\views\\6ab588b43760987b97a79ebf9f80de33.php on line 229 and at least 1 expected at C:\\Users\\62812\\Documents\\LARAVEL FUNDAMENTAL\\laravel vue ecommerce\\ecommerce\\vendor\\laravel\\framework\\src\\Illuminate\\Foundation\\helpers.php:851)
[stacktrace]
#0 C:\\Users\\62812\\Documents\\LARAVEL FUNDAMENTAL\\laravel vue ecommerce\\ecommerce\\storage\\framework\\views\\6ab588b43760987b97a79ebf9f80de33.php(229): route()
#1 C:\\Users\\62812\\Documents\\LARAVEL FUNDAMENTAL\\laravel vue ecommerce\\ecommerce\\vendor\\laravel\\framework\\src\\Illuminate\\Filesystem\\Filesystem.php(123): require('C:\\\\Users\\\\62812\\\\...')
#2 C:\\Users\\62812\\Documents\\LARAVEL FUNDAMENTAL\\laravel vue ecommerce\\ecommerce\\vendor\\laravel\\framework\\src\\Illuminate\\Filesystem\\Filesystem.php(124): Illuminate\\Filesystem\\Filesystem::Illuminate\\Filesystem\\{closure}()
#3 C:\\Users\\62812\\Documents\\LARAVEL FUNDAMENTAL\\laravel vue ecommerce\\ecommerce\\vendor\\laravel\\framework\\src\\Illuminate\\View\\Engines\\PhpEngine.php(58): Illuminate\\Filesystem\\Filesystem->getRequire('C:\\\\Users\\\\62812\\\\...', Array)
#4 C:\\Users\\62812\\Documents\\LARAVEL FUNDAMENTAL\\laravel vue ecommerce\\ecommerce\\vendor\\laravel\\framework\\src\\Illuminate\\View\\Engines\\CompilerEngine.php(75): Illuminate\\View\\Engines\\PhpEngine->evaluatePath('C:\\\\Users\\\\62812\\\\...', Array)
#5 C:\\Users\\62812\\Documents\\LARAVEL FUNDAMENTAL\\laravel vue ecommerce\\ecommerce\\vendor\\laravel\\framework\\src\\Illuminate\\View\\View.php(209): Illuminate\\View\\Engines\\CompilerEngine->get('C:\\\\Users\\\\62812\\\\...', Array)
#6 C:\\Users\\62812\\Documents\\LARAVEL FUNDAMENTAL\\laravel vue ecommerce\\ecommerce\\vendor\\laravel\\framework\\src\\Illuminate\\View\\View.php(192): Illuminate\\View\\View->getContents()
#7 C:\\Users\\62812\\Documents\\LARAVEL FUNDAMENTAL\\laravel vue ecommerce\\ecommerce\\vendor\\laravel\\framework\\src\\Illuminate\\View\\View.php(161): Illuminate\\View\\View->renderContents()
#8 C:\\Users\\62812\\Documents\\LARAVEL FUNDAMENTAL\\laravel vue ecommerce\\ecommerce\\storage\\framework\\views\\abf812e0c61f495834822098d3a19595.php(21): Illuminate\\View\\View->render()
#9 C:\\Users\\62812\\Documents\\LARAVEL FUNDAMENTAL\\laravel vue ecommerce\\ecommerce\\vendor\\laravel\\framework\\src\\Illuminate\\Filesystem\\Filesystem.php(123): require('C:\\\\Users\\\\62812\\\\...')
#10 C:\\Users\\62812\\Documents\\LARAVEL FUNDAMENTAL\\laravel vue ecommerce\\ecommerce\\vendor\\laravel\\framework\\src\\Illuminate\\Filesystem\\Filesystem.php(124): Illuminate\\Filesystem\\Filesystem::Illuminate\\Filesystem\\{closure}()
#11 C:\\Users\\62812\\Documents\\LARAVEL FUNDAMENTAL\\laravel vue ecommerce\\ecommerce\\vendor\\laravel\\framework\\src\\Illuminate\\View\\Engines\\PhpEngine.php(58): Illuminate\\Filesystem\\Filesystem->getRequire('C:\\\\Users\\\\62812\\\\...', Array)
#12 C:\\Users\\62812\\Documents\\LARAVEL FUNDAMENTAL\\laravel vue ecommerce\\ecommerce\\vendor\\laravel\\framework\\src\\Illuminate\\View\\Engines\\CompilerEngine.php(75): Illuminate\\View\\Engines\\PhpEngine->evaluatePath('C:\\\\Users\\\\62812\\\\...', Array)
#13 C:\\Users\\62812\\Documents\\LARAVEL FUNDAMENTAL\\laravel vue ecommerce\\ecommerce\\vendor\\laravel\\framework\\src\\Illuminate\\View\\View.php(209): Illuminate\\View\\Engines\\CompilerEngine->get('C:\\\\Users\\\\62812\\\\...', Array)
#14 C:\\Users\\62812\\Documents\\LARAVEL FUNDAMENTAL\\laravel vue ecommerce\\ecommerce\\vendor\\laravel\\framework\\src\\Illuminate\\View\\View.php(192): Illuminate\\View\\View->getContents()
#15 C:\\Users\\62812\\Documents\\LARAVEL FUNDAMENTAL\\laravel vue ecommerce\\ecommerce\\vendor\\laravel\\framework\\src\\Illuminate\\View\\View.php(161): Illuminate\\View\\View->renderContents()
#16 C:\\Users\\62812\\Documents\\LARAVEL FUNDAMENTAL\\laravel vue ecommerce\\ecommerce\\vendor\\laravel\\framework\\src\\Illuminate\\View\\Concerns\\ManagesComponents.php(99): Illuminate\\View\\View->render()
#17 C:\\Users\\62812\\Documents\\LARAVEL FUNDAMENTAL\\laravel vue ecommerce\\ecommerce\\storage\\framework\\views\\81f2304a786e2dfc849130d6323387df.php(12): Illuminate\\View\\Factory->renderComponent()
#18 C:\\Users\\62812\\Documents\\LARAVEL FUNDAMENTAL\\laravel vue ecommerce\\ecommerce\\vendor\\laravel\\framework\\src\\Illuminate\\Filesystem\\Filesystem.php(123): require('C:\\\\Users\\\\62812\\\\...')
#19 C:\\Users\\62812\\Documents\\LARAVEL FUNDAMENTAL\\laravel vue ecommerce\\ecommerce\\vendor\\laravel\\framework\\src\\Illuminate\\Filesystem\\Filesystem.php(124): Illuminate\\Filesystem\\Filesystem::Illuminate\\Filesystem\\{closure}()
#20 C:\\Users\\62812\\Documents\\LARAVEL FUNDAMENTAL\\laravel vue ecommerce\\ecommerce\\vendor\\laravel\\framework\\src\\Illuminate\\View\\Engines\\PhpEngine.php(58): Illuminate\\Filesystem\\Filesystem->getRequire('C:\\\\Users\\\\62812\\\\...', Array)
#21 C:\\Users\\62812\\Documents\\LARAVEL FUNDAMENTAL\\laravel vue ecommerce\\ecommerce\\vendor\\laravel\\framework\\src\\Illuminate\\View\\Engines\\CompilerEngine.php(75): Illuminate\\View\\Engines\\PhpEngine->evaluatePath('C:\\\\Users\\\\62812\\\\...', Array)
#22 C:\\Users\\62812\\Documents\\LARAVEL FUNDAMENTAL\\laravel vue ecommerce\\ecommerce\\vendor\\laravel\\framework\\src\\Illuminate\\View\\View.php(209): Illuminate\\View\\Engines\\CompilerEngine->get('C:\\\\Users\\\\62812\\\\...', Array)
#23 C:\\Users\\62812\\Documents\\LARAVEL FUNDAMENTAL\\laravel vue ecommerce\\ecommerce\\vendor\\laravel\\framework\\src\\Illuminate\\View\\View.php(192): Illuminate\\View\\View->getContents()
#24 C:\\Users\\62812\\Documents\\LARAVEL FUNDAMENTAL\\laravel vue ecommerce\\ecommerce\\vendor\\laravel\\framework\\src\\Illuminate\\View\\View.php(161): Illuminate\\View\\View->renderContents()
#25 C:\\Users\\62812\\Documents\\LARAVEL FUNDAMENTAL\\laravel vue ecommerce\\ecommerce\\vendor\\laravel\\framework\\src\\Illuminate\\Http\\Response.php(79): Illuminate\\View\\View->render()
#26 C:\\Users\\62812\\Documents\\LARAVEL FUNDAMENTAL\\laravel vue ecommerce\\ecommerce\\vendor\\laravel\\framework\\src\\Illuminate\\Http\\Response.php(35): Illuminate\\Http\\Response->setContent(Object(Illuminate\\View\\View))
#27 C:\\Users\\62812\\Documents\\LARAVEL FUNDAMENTAL\\laravel vue ecommerce\\ecommerce\\vendor\\laravel\\framework\\src\\Illuminate\\Routing\\Router.php(920): Illuminate\\Http\\Response->__construct(Object(Illuminate\\View\\View), 200, Array)
#28 C:\\Users\\62812\\Documents\\LARAVEL FUNDAMENTAL\\laravel vue ecommerce\\ecommerce\\vendor\\laravel\\framework\\src\\Illuminate\\Routing\\Router.php(887): Illuminate\\Routing\\Router::toResponse(Object(Illuminate\\Http\\Request), Object(Illuminate\\View\\View))
#29 C:\\Users\\62812\\Documents\\LARAVEL FUNDAMENTAL\\laravel vue ecommerce\\ecommerce\\vendor\\laravel\\framework\\src\\Illuminate\\Routing\\Router.php(807): Illuminate\\Routing\\Router->prepareResponse(Object(Illuminate\\Http\\Request), Object(Illuminate\\View\\View))
#30 C:\\Users\\62812\\Documents\\LARAVEL FUNDAMENTAL\\laravel vue ecommerce\\ecommerce\\vendor\\laravel\\framework\\src\\Illuminate\\Pipeline\\Pipeline.php(170): Illuminate\\Routing\\Router->Illuminate\\Routing\\{closure}(Object(Illuminate\\Http\\Request))
#31 C:\\Users\\62812\\Documents\\LARAVEL FUNDAMENTAL\\laravel vue ecommerce\\ecommerce\\vendor\\laravel\\framework\\src\\Illuminate\\Routing\\Middleware\\SubstituteBindings.php(51): Illuminate\\Pipeline\\Pipeline->Illuminate\\Pipeline\\{closure}(Object(Illuminate\\Http\\Request))
#32 C:\\Users\\62812\\Documents\\LARAVEL FUNDAMENTAL\\laravel vue ecommerce\\ecommerce\\vendor\\laravel\\framework\\src\\Illuminate\\Pipeline\\Pipeline.php(209): Illuminate\\Routing\\Middleware\\SubstituteBindings->handle(Object(Illuminate\\Http\\Request), Object(Closure))
#33 C:\\Users\\62812\\Documents\\LARAVEL FUNDAMENTAL\\laravel vue ecommerce\\ecommerce\\vendor\\laravel\\framework\\src\\Illuminate\\Foundation\\Http\\Middleware\\VerifyCsrfToken.php(88): Illuminate\\Pipeline\\Pipeline->Illuminate\\Pipeline\\{closure}(Object(Illuminate\\Http\\Request))
#34 C:\\Users\\62812\\Documents\\LARAVEL FUNDAMENTAL\\laravel vue ecommerce\\ecommerce\\vendor\\laravel\\framework\\src\\Illuminate\\Pipeline\\Pipeline.php(209): Illuminate\\Foundation\\Http\\Middleware\\VerifyCsrfToken->handle(Object(Illuminate\\Http\\Request), Object(Closure))
#35 C:\\Users\\62812\\Documents\\LARAVEL FUNDAMENTAL\\laravel vue ecommerce\\ecommerce\\vendor\\laravel\\framework\\src\\Illuminate\\View\\Middleware\\ShareErrorsFromSession.php(49): Illuminate\\Pipeline\\Pipeline->Illuminate\\Pipeline\\{closure}(Object(Illuminate\\Http\\Request))
#36 C:\\Users\\62812\\Documents\\LARAVEL FUNDAMENTAL\\laravel vue ecommerce\\ecommerce\\vendor\\laravel\\framework\\src\\Illuminate\\Pipeline\\Pipeline.php(209): Illuminate\\View\\Middleware\\ShareErrorsFromSession->handle(Object(Illuminate\\Http\\Request), Object(Closure))
#37 C:\\Users\\62812\\Documents\\LARAVEL FUNDAMENTAL\\laravel vue ecommerce\\ecommerce\\vendor\\laravel\\framework\\src\\Illuminate\\Session\\Middleware\\StartSession.php(121): Illuminate\\Pipeline\\Pipeline->Illuminate\\Pipeline\\{closure}(Object(Illuminate\\Http\\Request))
#38 C:\\Users\\62812\\Documents\\LARAVEL FUNDAMENTAL\\laravel vue ecommerce\\ecommerce\\vendor\\laravel\\framework\\src\\Illuminate\\Session\\Middleware\\StartSession.php(64): Illuminate\\Session\\Middleware\\StartSession->handleStatefulRequest(Object(Illuminate\\Http\\Request), Object(Illuminate\\Session\\Store), Object(Closure))
#39 C:\\Users\\62812\\Documents\\LARAVEL FUNDAMENTAL\\laravel vue ecommerce\\ecommerce\\vendor\\laravel\\framework\\src\\Illuminate\\Pipeline\\Pipeline.php(209): Illuminate\\Session\\Middleware\\StartSession->handle(Object(Illuminate\\Http\\Request), Object(Closure))
#40 C:\\Users\\62812\\Documents\\LARAVEL FUNDAMENTAL\\laravel vue ecommerce\\ecommerce\\vendor\\laravel\\framework\\src\\Illuminate\\Cookie\\Middleware\\AddQueuedCookiesToResponse.php(37): Illuminate\\Pipeline\\Pipeline->Illuminate\\Pipeline\\{closure}(Object(Illuminate\\Http\\Request))
#41 C:\\Users\\62812\\Documents\\LARAVEL FUNDAMENTAL\\laravel vue ecommerce\\ecommerce\\vendor\\laravel\\framework\\src\\Illuminate\\Pipeline\\Pipeline.php(209): Illuminate\\Cookie\\Middleware\\AddQueuedCookiesToResponse->handle(Object(Illuminate\\Http\\Request), Object(Closure))
#42 C:\\Users\\62812\\Documents\\LARAVEL FUNDAMENTAL\\laravel vue ecommerce\\ecommerce\\vendor\\laravel\\framework\\src\\Illuminate\\Cookie\\Middleware\\EncryptCookies.php(75): Illuminate\\Pipeline\\Pipeline->Illuminate\\Pipeline\\{closure}(Object(Illuminate\\Http\\Request))
#43 C:\\Users\\62812\\Documents\\LARAVEL FUNDAMENTAL\\laravel vue ecommerce\\ecommerce\\vendor\\laravel\\framework\\src\\Illuminate\\Pipeline\\Pipeline.php(209): Illuminate\\Cookie\\Middleware\\EncryptCookies->handle(Object(Illuminate\\Http\\Request), Object(Closure))
#44 C:\\Users\\62812\\Documents\\LARAVEL FUNDAMENTAL\\laravel vue ecommerce\\ecommerce\\vendor\\laravel\\framework\\src\\Illuminate\\Pipeline\\Pipeline.php(127): Illuminate\\Pipeline\\Pipeline->Illuminate\\Pipeline\\{closure}(Object(Illuminate\\Http\\Request))
#45 C:\\Users\\62812\\Documents\\LARAVEL FUNDAMENTAL\\laravel vue ecommerce\\ecommerce\\vendor\\laravel\\framework\\src\\Illuminate\\Routing\\Router.php(807): Illuminate\\Pipeline\\Pipeline->then(Object(Closure))
#46 C:\\Users\\62812\\Documents\\LARAVEL FUNDAMENTAL\\laravel vue ecommerce\\ecommerce\\vendor\\laravel\\framework\\src\\Illuminate\\Routing\\Router.php(786): Illuminate\\Routing\\Router->runRouteWithinStack(Object(Illuminate\\Routing\\Route), Object(Illuminate\\Http\\Request))
#47 C:\\Users\\62812\\Documents\\LARAVEL FUNDAMENTAL\\laravel vue ecommerce\\ecommerce\\vendor\\laravel\\framework\\src\\Illuminate\\Routing\\Router.php(750): Illuminate\\Routing\\Router->runRoute(Object(Illuminate\\Http\\Request), Object(Illuminate\\Routing\\Route))
#48 C:\\Users\\62812\\Documents\\LARAVEL FUNDAMENTAL\\laravel vue ecommerce\\ecommerce\\vendor\\laravel\\framework\\src\\Illuminate\\Routing\\Router.php(739): Illuminate\\Routing\\Router->dispatchToRoute(Object(Illuminate\\Http\\Request))
#49 C:\\Users\\62812\\Documents\\LARAVEL FUNDAMENTAL\\laravel vue ecommerce\\ecommerce\\vendor\\laravel\\framework\\src\\Illuminate\\Foundation\\Http\\Kernel.php(201): Illuminate\\Routing\\Router->dispatch(Object(Illuminate\\Http\\Request))
#50 C:\\Users\\62812\\Documents\\LARAVEL FUNDAMENTAL\\laravel vue ecommerce\\ecommerce\\vendor\\laravel\\framework\\src\\Illuminate\\Pipeline\\Pipeline.php(170): Illuminate\\Foundation\\Http\\Kernel->Illuminate\\Foundation\\Http\\{closure}(Object(Illuminate\\Http\\Request))
#51 C:\\Users\\62812\\Documents\\LARAVEL FUNDAMENTAL\\laravel vue ecommerce\\ecommerce\\vendor\\laravel\\framework\\src\\Illuminate\\Foundation\\Http\\Middleware\\TransformsRequest.php(21): Illuminate\\Pipeline\\Pipeline->Illuminate\\Pipeline\\{closure}(Object(Illuminate\\Http\\Request))
#52 C:\\Users\\62812\\Documents\\LARAVEL FUNDAMENTAL\\laravel vue ecommerce\\ecommerce\\vendor\\laravel\\framework\\src\\Illuminate\\Foundation\\Http\\Middleware\\ConvertEmptyStringsToNull.php(31): Illuminate\\Foundation\\Http\\Middleware\\TransformsRequest->handle(Object(Illuminate\\Http\\Request), Object(Closure))
#53 C:\\Users\\62812\\Documents\\LARAVEL FUNDAMENTAL\\laravel vue ecommerce\\ecommerce\\vendor\\laravel\\framework\\src\\Illuminate\\Pipeline\\Pipeline.php(209): Illuminate\\Foundation\\Http\\Middleware\\ConvertEmptyStringsToNull->handle(Object(Illuminate\\Http\\Request), Object(Closure))
#54 C:\\Users\\62812\\Documents\\LARAVEL FUNDAMENTAL\\laravel vue ecommerce\\ecommerce\\vendor\\laravel\\framework\\src\\Illuminate\\Foundation\\Http\\Middleware\\TransformsRequest.php(21): Illuminate\\Pipeline\\Pipeline->Illuminate\\Pipeline\\{closure}(Object(Illuminate\\Http\\Request))
#55 C:\\Users\\62812\\Documents\\LARAVEL FUNDAMENTAL\\laravel vue ecommerce\\ecommerce\\vendor\\laravel\\framework\\src\\Illuminate\\Foundation\\Http\\Middleware\\TrimStrings.php(51): Illuminate\\Foundation\\Http\\Middleware\\TransformsRequest->handle(Object(Illuminate\\Http\\Request), Object(Closure))
#56 C:\\Users\\62812\\Documents\\LARAVEL FUNDAMENTAL\\laravel vue ecommerce\\ecommerce\\vendor\\laravel\\framework\\src\\Illuminate\\Pipeline\\Pipeline.php(209): Illuminate\\Foundation\\Http\\Middleware\\TrimStrings->handle(Object(Illuminate\\Http\\Request), Object(Closure))
#57 C:\\Users\\62812\\Documents\\LARAVEL FUNDAMENTAL\\laravel vue ecommerce\\ecommerce\\vendor\\laravel\\framework\\src\\Illuminate\\Http\\Middleware\\ValidatePostSize.php(27): Illuminate\\Pipeline\\Pipeline->Illuminate\\Pipeline\\{closure}(Object(Illuminate\\Http\\Request))
#58 C:\\Users\\62812\\Documents\\LARAVEL FUNDAMENTAL\\laravel vue ecommerce\\ecommerce\\vendor\\laravel\\framework\\src\\Illuminate\\Pipeline\\Pipeline.php(209): Illuminate\\Http\\Middleware\\ValidatePostSize->handle(Object(Illuminate\\Http\\Request), Object(Closure))
#59 C:\\Users\\62812\\Documents\\LARAVEL FUNDAMENTAL\\laravel vue ecommerce\\ecommerce\\vendor\\laravel\\framework\\src\\Illuminate\\Foundation\\Http\\Middleware\\PreventRequestsDuringMaintenance.php(110): Illuminate\\Pipeline\\Pipeline->Illuminate\\Pipeline\\{closure}(Object(Illuminate\\Http\\Request))
#60 C:\\Users\\62812\\Documents\\LARAVEL FUNDAMENTAL\\laravel vue ecommerce\\ecommerce\\vendor\\laravel\\framework\\src\\Illuminate\\Pipeline\\Pipeline.php(209): Illuminate\\Foundation\\Http\\Middleware\\PreventRequestsDuringMaintenance->handle(Object(Illuminate\\Http\\Request), Object(Closure))
#61 C:\\Users\\62812\\Documents\\LARAVEL FUNDAMENTAL\\laravel vue ecommerce\\ecommerce\\vendor\\laravel\\framework\\src\\Illuminate\\Http\\Middleware\\HandleCors.php(49): Illuminate\\Pipeline\\Pipeline->Illuminate\\Pipeline\\{closure}(Object(Illuminate\\Http\\Request))
#62 C:\\Users\\62812\\Documents\\LARAVEL FUNDAMENTAL\\laravel vue ecommerce\\ecommerce\\vendor\\laravel\\framework\\src\\Illuminate\\Pipeline\\Pipeline.php(209): Illuminate\\Http\\Middleware\\HandleCors->handle(Object(Illuminate\\Http\\Request), Object(Closure))
#63 C:\\Users\\62812\\Documents\\LARAVEL FUNDAMENTAL\\laravel vue ecommerce\\ecommerce\\vendor\\laravel\\framework\\src\\Illuminate\\Http\\Middleware\\TrustProxies.php(58): Illuminate\\Pipeline\\Pipeline->Illuminate\\Pipeline\\{closure}(Object(Illuminate\\Http\\Request))
#64 C:\\Users\\62812\\Documents\\LARAVEL FUNDAMENTAL\\laravel vue ecommerce\\ecommerce\\vendor\\laravel\\framework\\src\\Illuminate\\Pipeline\\Pipeline.php(209): Illuminate\\Http\\Middleware\\TrustProxies->handle(Object(Illuminate\\Http\\Request), Object(Closure))
#65 C:\\Users\\62812\\Documents\\LARAVEL FUNDAMENTAL\\laravel vue ecommerce\\ecommerce\\vendor\\laravel\\framework\\src\\Illuminate\\Foundation\\Http\\Middleware\\InvokeDeferredCallbacks.php(22): Illuminate\\Pipeline\\Pipeline->Illuminate\\Pipeline\\{closure}(Object(Illuminate\\Http\\Request))
#66 C:\\Users\\62812\\Documents\\LARAVEL FUNDAMENTAL\\laravel vue ecommerce\\ecommerce\\vendor\\laravel\\framework\\src\\Illuminate\\Pipeline\\Pipeline.php(209): Illuminate\\Foundation\\Http\\Middleware\\InvokeDeferredCallbacks->handle(Object(Illuminate\\Http\\Request), Object(Closure))
#67 C:\\Users\\62812\\Documents\\LARAVEL FUNDAMENTAL\\laravel vue ecommerce\\ecommerce\\vendor\\laravel\\framework\\src\\Illuminate\\Pipeline\\Pipeline.php(127): Illuminate\\Pipeline\\Pipeline->Illuminate\\Pipeline\\{closure}(Object(Illuminate\\Http\\Request))
#68 C:\\Users\\62812\\Documents\\LARAVEL FUNDAMENTAL\\laravel vue ecommerce\\ecommerce\\vendor\\laravel\\framework\\src\\Illuminate\\Foundation\\Http\\Kernel.php(176): Illuminate\\Pipeline\\Pipeline->then(Object(Closure))
#69 C:\\Users\\62812\\Documents\\LARAVEL FUNDAMENTAL\\laravel vue ecommerce\\ecommerce\\vendor\\laravel\\framework\\src\\Illuminate\\Foundation\\Http\\Kernel.php(145): Illuminate\\Foundation\\Http\\Kernel->sendRequestThroughRouter(Object(Illuminate\\Http\\Request))
#70 C:\\Users\\62812\\Documents\\LARAVEL FUNDAMENTAL\\laravel vue ecommerce\\ecommerce\\vendor\\laravel\\framework\\src\\Illuminate\\Foundation\\Application.php(1220): Illuminate\\Foundation\\Http\\Kernel->handle(Object(Illuminate\\Http\\Request))
#71 C:\\Users\\62812\\Documents\\LARAVEL FUNDAMENTAL\\laravel vue ecommerce\\ecommerce\\public\\index.php(17): Illuminate\\Foundation\\Application->handleRequest(Object(Illuminate\\Http\\Request))
#72 C:\\Users\\62812\\Documents\\LARAVEL FUNDAMENTAL\\laravel vue ecommerce\\ecommerce\\vendor\\laravel\\framework\\src\\Illuminate\\Foundation\\resources\\server.php(23): require_once('C:\\\\Users\\\\62812\\\\...')
#73 {main}
"} 
[2025-12-11 06:37:42] local.ERROR: SQLSTATE[HY000] [2002] No connection could be made because the target machine actively refused it (Connection: mysql, SQL: select * from `sessions` where `id` = duHDDmRqUGrqkPrkdM882VZlUrgxaQYVRJma8sYO limit 1) {"exception":"[object] (Illuminate\\Database\\QueryException(code: 2002): SQLSTATE[HY000] [2002] No connection could be made because the target machine actively refused it (Connection: mysql, SQL: select * from `sessions` where `id` = duHDDmRqUGrqkPrkdM882VZlUrgxaQYVRJma8sYO limit 1) at C:\\Users\\62812\\Documents\\LARAVEL FUNDAMENTAL\\laravel vue ecommerce\\ecommerce\\vendor\\laravel\\framework\\src\\Illuminate\\Database\\Connection.php:825)
[stacktrace]
#0 C:\\Users\\62812\\Documents\\LARAVEL FUNDAMENTAL\\laravel vue ecommerce\\ecommerce\\vendor\\laravel\\framework\\src\\Illuminate\\Database\\Connection.php(979): Illuminate\\Database\\Connection->runQueryCallback('select * from `...', Array, Object(Closure))
#1 C:\\Users\\62812\\Documents\\LARAVEL FUNDAMENTAL\\laravel vue ecommerce\\ecommerce\\vendor\\laravel\\framework\\src\\Illuminate\\Database\\Connection.php(958): Illuminate\\Database\\Connection->tryAgainIfCausedByLostConnection(Object(Illuminate\\Database\\QueryException), 'select * from `...', Array, Object(Closure))
#2 C:\\Users\\62812\\Documents\\LARAVEL FUNDAMENTAL\\laravel vue ecommerce\\ecommerce\\vendor\\laravel\\framework\\src\\Illuminate\\Database\\Connection.php(781): Illuminate\\Database\\Connection->handleQueryException(Object(Illuminate\\Database\\QueryException), 'select * from `...', Array, Object(Closure))
#3 C:\\Users\\62812\\Documents\\LARAVEL FUNDAMENTAL\\laravel vue ecommerce\\ecommerce\\vendor\\laravel\\framework\\src\\Illuminate\\Database\\Connection.php(398): Illuminate\\Database\\Connection->run('select * from `...', Array, Object(Closure))
#4 C:\\Users\\62812\\Documents\\LARAVEL FUNDAMENTAL\\laravel vue ecommerce\\ecommerce\\vendor\\laravel\\framework\\src\\Illuminate\\Database\\Query\\Builder.php(3106): Illuminate\\Database\\Connection->select('select * from `...', Array, false)
#5 C:\\Users\\62812\\Documents\\LARAVEL FUNDAMENTAL\\laravel vue ecommerce\\ecommerce\\vendor\\laravel\\framework\\src\\Illuminate\\Database\\Query\\Builder.php(3091): Illuminate\\Database\\Query\\Builder->runSelect()
#6 C:\\Users\\62812\\Documents\\LARAVEL FUNDAMENTAL\\laravel vue ecommerce\\ecommerce\\vendor\\laravel\\framework\\src\\Illuminate\\Database\\Query\\Builder.php(3676): Illuminate\\Database\\Query\\Builder->Illuminate\\Database\\Query\\{closure}()
#7 C:\\Users\\62812\\Documents\\LARAVEL FUNDAMENTAL\\laravel vue ecommerce\\ecommerce\\vendor\\laravel\\framework\\src\\Illuminate\\Database\\Query\\Builder.php(3090): Illuminate\\Database\\Query\\Builder->onceWithColumns(Array, Object(Closure))
#8 C:\\Users\\62812\\Documents\\LARAVEL FUNDAMENTAL\\laravel vue ecommerce\\ecommerce\\vendor\\laravel\\framework\\src\\Illuminate\\Database\\Concerns\\BuildsQueries.php(343): Illuminate\\Database\\Query\\Builder->get(Array)
#9 C:\\Users\\62812\\Documents\\LARAVEL FUNDAMENTAL\\laravel vue ecommerce\\ecommerce\\vendor\\laravel\\framework\\src\\Illuminate\\Database\\Query\\Builder.php(3013): Illuminate\\Database\\Query\\Builder->first(Array)
#10 C:\\Users\\62812\\Documents\\LARAVEL FUNDAMENTAL\\laravel vue ecommerce\\ecommerce\\vendor\\laravel\\framework\\src\\Illuminate\\Session\\DatabaseSessionHandler.php(97): Illuminate\\Database\\Query\\Builder->find('duHDDmRqUGrqkPr...')
#11 C:\\Users\\62812\\Documents\\LARAVEL FUNDAMENTAL\\laravel vue ecommerce\\ecommerce\\vendor\\laravel\\framework\\src\\Illuminate\\Session\\Store.php(117): Illuminate\\Session\\DatabaseSessionHandler->read('duHDDmRqUGrqkPr...')
#12 C:\\Users\\62812\\Documents\\LARAVEL FUNDAMENTAL\\laravel vue ecommerce\\ecommerce\\vendor\\laravel\\framework\\src\\Illuminate\\Session\\Store.php(105): Illuminate\\Session\\Store->readFromHandler()
#13 C:\\Users\\62812\\Documents\\LARAVEL FUNDAMENTAL\\laravel vue ecommerce\\ecommerce\\vendor\\laravel\\framework\\src\\Illuminate\\Session\\Store.php(89): Illuminate\\Session\\Store->loadSession()
#14 C:\\Users\\62812\\Documents\\LARAVEL FUNDAMENTAL\\laravel vue ecommerce\\ecommerce\\vendor\\laravel\\framework\\src\\Illuminate\\Session\\Middleware\\StartSession.php(147): Illuminate\\Session\\Store->start()
#15 C:\\Users\\62812\\Documents\\LARAVEL FUNDAMENTAL\\laravel vue ecommerce\\ecommerce\\vendor\\laravel\\framework\\src\\Illuminate\\Support\\helpers.php(399): Illuminate\\Session\\Middleware\\StartSession->Illuminate\\Session\\Middleware\\{closure}(Object(Illuminate\\Session\\Store))
#16 C:\\Users\\62812\\Documents\\LARAVEL FUNDAMENTAL\\laravel vue ecommerce\\ecommerce\\vendor\\laravel\\framework\\src\\Illuminate\\Session\\Middleware\\StartSession.php(144): tap(Object(Illuminate\\Session\\Store), Object(Closure))
#17 C:\\Users\\62812\\Documents\\LARAVEL FUNDAMENTAL\\laravel vue ecommerce\\ecommerce\\vendor\\laravel\\framework\\src\\Illuminate\\Session\\Middleware\\StartSession.php(116): Illuminate\\Session\\Middleware\\StartSession->startSession(Object(Illuminate\\Http\\Request), Object(Illuminate\\Session\\Store))
#18 C:\\Users\\62812\\Documents\\LARAVEL FUNDAMENTAL\\laravel vue ecommerce\\ecommerce\\vendor\\laravel\\framework\\src\\Illuminate\\Session\\Middleware\\StartSession.php(64): Illuminate\\Session\\Middleware\\StartSession->handleStatefulRequest(Object(Illuminate\\Http\\Request), Object(Illuminate\\Session\\Store), Object(Closure))
#19 C:\\Users\\62812\\Documents\\LARAVEL FUNDAMENTAL\\laravel vue ecommerce\\ecommerce\\vendor\\laravel\\framework\\src\\Illuminate\\Pipeline\\Pipeline.php(209): Illuminate\\Session\\Middleware\\StartSession->handle(Object(Illuminate\\Http\\Request), Object(Closure))
#20 C:\\Users\\62812\\Documents\\LARAVEL FUNDAMENTAL\\laravel vue ecommerce\\ecommerce\\vendor\\laravel\\framework\\src\\Illuminate\\Cookie\\Middleware\\AddQueuedCookiesToResponse.php(37): Illuminate\\Pipeline\\Pipeline->Illuminate\\Pipeline\\{closure}(Object(Illuminate\\Http\\Request))
#21 C:\\Users\\62812\\Documents\\LARAVEL FUNDAMENTAL\\laravel vue ecommerce\\ecommerce\\vendor\\laravel\\framework\\src\\Illuminate\\Pipeline\\Pipeline.php(209): Illuminate\\Cookie\\Middleware\\AddQueuedCookiesToResponse->handle(Object(Illuminate\\Http\\Request), Object(Closure))
#22 C:\\Users\\62812\\Documents\\LARAVEL FUNDAMENTAL\\laravel vue ecommerce\\ecommerce\\vendor\\laravel\\framework\\src\\Illuminate\\Cookie\\Middleware\\EncryptCookies.php(75): Illuminate\\Pipeline\\Pipeline->Illuminate\\Pipeline\\{closure}(Object(Illuminate\\Http\\Request))
#23 C:\\Users\\62812\\Documents\\LARAVEL FUNDAMENTAL\\laravel vue ecommerce\\ecommerce\\vendor\\laravel\\framework\\src\\Illuminate\\Pipeline\\Pipeline.php(209): Illuminate\\Cookie\\Middleware\\EncryptCookies->handle(Object(Illuminate\\Http\\Request), Object(Closure))
#24 C:\\Users\\62812\\Documents\\LARAVEL FUNDAMENTAL\\laravel vue ecommerce\\ecommerce\\vendor\\laravel\\framework\\src\\Illuminate\\Pipeline\\Pipeline.php(127): Illuminate\\Pipeline\\Pipeline->Illuminate\\Pipeline\\{closure}(Object(Illuminate\\Http\\Request))
#25 C:\\Users\\62812\\Documents\\LARAVEL FUNDAMENTAL\\laravel vue ecommerce\\ecommerce\\vendor\\laravel\\framework\\src\\Illuminate\\Routing\\Router.php(807): Illuminate\\Pipeline\\Pipeline->then(Object(Closure))
#26 C:\\Users\\62812\\Documents\\LARAVEL FUNDAMENTAL\\laravel vue ecommerce\\ecommerce\\vendor\\laravel\\framework\\src\\Illuminate\\Routing\\Router.php(786): Illuminate\\Routing\\Router->runRouteWithinStack(Object(Illuminate\\Routing\\Route), Object(Illuminate\\Http\\Request))
#27 C:\\Users\\62812\\Documents\\LARAVEL FUNDAMENTAL\\laravel vue ecommerce\\ecommerce\\vendor\\laravel\\framework\\src\\Illuminate\\Routing\\Router.php(750): Illuminate\\Routing\\Router->runRoute(Object(Illuminate\\Http\\Request), Object(Illuminate\\Routing\\Route))
#28 C:\\Users\\62812\\Documents\\LARAVEL FUNDAMENTAL\\laravel vue ecommerce\\ecommerce\\vendor\\laravel\\framework\\src\\Illuminate\\Routing\\Router.php(739): Illuminate\\Routing\\Router->dispatchToRoute(Object(Illuminate\\Http\\Request))
#29 C:\\Users\\62812\\Documents\\LARAVEL FUNDAMENTAL\\laravel vue ecommerce\\ecommerce\\vendor\\laravel\\framework\\src\\Illuminate\\Foundation\\Http\\Kernel.php(201): Illuminate\\Routing\\Router->dispatch(Object(Illuminate\\Http\\Request))
#30 C:\\Users\\62812\\Documents\\LARAVEL FUNDAMENTAL\\laravel vue ecommerce\\ecommerce\\vendor\\laravel\\framework\\src\\Illuminate\\Pipeline\\Pipeline.php(170): Illuminate\\Foundation\\Http\\Kernel->Illuminate\\Foundation\\Http\\{closure}(Object(Illuminate\\Http\\Request))
#31 C:\\Users\\62812\\Documents\\LARAVEL FUNDAMENTAL\\laravel vue ecommerce\\ecommerce\\vendor\\laravel\\framework\\src\\Illuminate\\Foundation\\Http\\Middleware\\TransformsRequest.php(21): Illuminate\\Pipeline\\Pipeline->Illuminate\\Pipeline\\{closure}(Object(Illuminate\\Http\\Request))
#32 C:\\Users\\62812\\Documents\\LARAVEL FUNDAMENTAL\\laravel vue ecommerce\\ecommerce\\vendor\\laravel\\framework\\src\\Illuminate\\Foundation\\Http\\Middleware\\ConvertEmptyStringsToNull.php(31): Illuminate\\Foundation\\Http\\Middleware\\TransformsRequest->handle(Object(Illuminate\\Http\\Request), Object(Closure))
#33 C:\\Users\\62812\\Documents\\LARAVEL FUNDAMENTAL\\laravel vue ecommerce\\ecommerce\\vendor\\laravel\\framework\\src\\Illuminate\\Pipeline\\Pipeline.php(209): Illuminate\\Foundation\\Http\\Middleware\\ConvertEmptyStringsToNull->handle(Object(Illuminate\\Http\\Request), Object(Closure))
#34 C:\\Users\\62812\\Documents\\LARAVEL FUNDAMENTAL\\laravel vue ecommerce\\ecommerce\\vendor\\laravel\\framework\\src\\Illuminate\\Foundation\\Http\\Middleware\\TransformsRequest.php(21): Illuminate\\Pipeline\\Pipeline->Illuminate\\Pipeline\\{closure}(Object(Illuminate\\Http\\Request))
#35 C:\\Users\\62812\\Documents\\LARAVEL FUNDAMENTAL\\laravel vue ecommerce\\ecommerce\\vendor\\laravel\\framework\\src\\Illuminate\\Foundation\\Http\\Middleware\\TrimStrings.php(51): Illuminate\\Foundation\\Http\\Middleware\\TransformsRequest->handle(Object(Illuminate\\Http\\Request), Object(Closure))
#36 C:\\Users\\62812\\Documents\\LARAVEL FUNDAMENTAL\\laravel vue ecommerce\\ecommerce\\vendor\\laravel\\framework\\src\\Illuminate\\Pipeline\\Pipeline.php(209): Illuminate\\Foundation\\Http\\Middleware\\TrimStrings->handle(Object(Illuminate\\Http\\Request), Object(Closure))
#37 C:\\Users\\62812\\Documents\\LARAVEL FUNDAMENTAL\\laravel vue ecommerce\\ecommerce\\vendor\\laravel\\framework\\src\\Illuminate\\Http\\Middleware\\ValidatePostSize.php(27): Illuminate\\Pipeline\\Pipeline->Illuminate\\Pipeline\\{closure}(Object(Illuminate\\Http\\Request))
#38 C:\\Users\\62812\\Documents\\LARAVEL FUNDAMENTAL\\laravel vue ecommerce\\ecommerce\\vendor\\laravel\\framework\\src\\Illuminate\\Pipeline\\Pipeline.php(209): Illuminate\\Http\\Middleware\\ValidatePostSize->handle(Object(Illuminate\\Http\\Request), Object(Closure))
#39 C:\\Users\\62812\\Documents\\LARAVEL FUNDAMENTAL\\laravel vue ecommerce\\ecommerce\\vendor\\laravel\\framework\\src\\Illuminate\\Foundation\\Http\\Middleware\\PreventRequestsDuringMaintenance.php(110): Illuminate\\Pipeline\\Pipeline->Illuminate\\Pipeline\\{closure}(Object(Illuminate\\Http\\Request))
#40 C:\\Users\\62812\\Documents\\LARAVEL FUNDAMENTAL\\laravel vue ecommerce\\ecommerce\\vendor\\laravel\\framework\\src\\Illuminate\\Pipeline\\Pipeline.php(209): Illuminate\\Foundation\\Http\\Middleware\\PreventRequestsDuringMaintenance->handle(Object(Illuminate\\Http\\Request), Object(Closure))
#41 C:\\Users\\62812\\Documents\\LARAVEL FUNDAMENTAL\\laravel vue ecommerce\\ecommerce\\vendor\\laravel\\framework\\src\\Illuminate\\Http\\Middleware\\HandleCors.php(49): Illuminate\\Pipeline\\Pipeline->Illuminate\\Pipeline\\{closure}(Object(Illuminate\\Http\\Request))
#42 C:\\Users\\62812\\Documents\\LARAVEL FUNDAMENTAL\\laravel vue ecommerce\\ecommerce\\vendor\\laravel\\framework\\src\\Illuminate\\Pipeline\\Pipeline.php(209): Illuminate\\Http\\Middleware\\HandleCors->handle(Object(Illuminate\\Http\\Request), Object(Closure))
#43 C:\\Users\\62812\\Documents\\LARAVEL FUNDAMENTAL\\laravel vue ecommerce\\ecommerce\\vendor\\laravel\\framework\\src\\Illuminate\\Http\\Middleware\\TrustProxies.php(58): Illuminate\\Pipeline\\Pipeline->Illuminate\\Pipeline\\{closure}(Object(Illuminate\\Http\\Request))
#44 C:\\Users\\62812\\Documents\\LARAVEL FUNDAMENTAL\\laravel vue ecommerce\\ecommerce\\vendor\\laravel\\framework\\src\\Illuminate\\Pipeline\\Pipeline.php(209): Illuminate\\Http\\Middleware\\TrustProxies->handle(Object(Illuminate\\Http\\Request), Object(Closure))
#45 C:\\Users\\62812\\Documents\\LARAVEL FUNDAMENTAL\\laravel vue ecommerce\\ecommerce\\vendor\\laravel\\framework\\src\\Illuminate\\Foundation\\Http\\Middleware\\InvokeDeferredCallbacks.php(22): Illuminate\\Pipeline\\Pipeline->Illuminate\\Pipeline\\{closure}(Object(Illuminate\\Http\\Request))
#46 C:\\Users\\62812\\Documents\\LARAVEL FUNDAMENTAL\\laravel vue ecommerce\\ecommerce\\vendor\\laravel\\framework\\src\\Illuminate\\Pipeline\\Pipeline.php(209): Illuminate\\Foundation\\Http\\Middleware\\InvokeDeferredCallbacks->handle(Object(Illuminate\\Http\\Request), Object(Closure))
#47 C:\\Users\\62812\\Documents\\LARAVEL FUNDAMENTAL\\laravel vue ecommerce\\ecommerce\\vendor\\laravel\\framework\\src\\Illuminate\\Pipeline\\Pipeline.php(127): Illuminate\\Pipeline\\Pipeline->Illuminate\\Pipeline\\{closure}(Object(Illuminate\\Http\\Request))
#48 C:\\Users\\62812\\Documents\\LARAVEL FUNDAMENTAL\\laravel vue ecommerce\\ecommerce\\vendor\\laravel\\framework\\src\\Illuminate\\Foundation\\Http\\Kernel.php(176): Illuminate\\Pipeline\\Pipeline->then(Object(Closure))
#49 C:\\Users\\62812\\Documents\\LARAVEL FUNDAMENTAL\\laravel vue ecommerce\\ecommerce\\vendor\\laravel\\framework\\src\\Illuminate\\Foundation\\Http\\Kernel.php(145): Illuminate\\Foundation\\Http\\Kernel->sendRequestThroughRouter(Object(Illuminate\\Http\\Request))
#50 C:\\Users\\62812\\Documents\\LARAVEL FUNDAMENTAL\\laravel vue ecommerce\\ecommerce\\vendor\\laravel\\framework\\src\\Illuminate\\Foundation\\Application.php(1220): Illuminate\\Foundation\\Http\\Kernel->handle(Object(Illuminate\\Http\\Request))
#51 C:\\Users\\62812\\Documents\\LARAVEL FUNDAMENTAL\\laravel vue ecommerce\\ecommerce\\public\\index.php(17): Illuminate\\Foundation\\Application->handleRequest(Object(Illuminate\\Http\\Request))
#52 C:\\Users\\62812\\Documents\\LARAVEL FUNDAMENTAL\\laravel vue ecommerce\\ecommerce\\vendor\\laravel\\framework\\src\\Illuminate\\Foundation\\resources\\server.php(23): require_once('C:\\\\Users\\\\62812\\\\...')
#53 {main}

[previous exception] [object] (PDOException(code: 2002): SQLSTATE[HY000] [2002] No connection could be made because the target machine actively refused it at C:\\Users\\62812\\Documents\\LARAVEL FUNDAMENTAL\\laravel vue ecommerce\\ecommerce\\vendor\\laravel\\framework\\src\\Illuminate\\Database\\Connectors\\Connector.php:66)
[stacktrace]
#0 C:\\Users\\62812\\Documents\\LARAVEL FUNDAMENTAL\\laravel vue ecommerce\\ecommerce\\vendor\\laravel\\framework\\src\\Illuminate\\Database\\Connectors\\Connector.php(66): PDO->__construct('mysql:host=127....', 'hanif', Object(SensitiveParameterValue), Array)
#1 C:\\Users\\62812\\Documents\\LARAVEL FUNDAMENTAL\\laravel vue ecommerce\\ecommerce\\vendor\\laravel\\framework\\src\\Illuminate\\Database\\Connectors\\Connector.php(85): Illuminate\\Database\\Connectors\\Connector->createPdoConnection('mysql:host=127....', 'hanif', Object(SensitiveParameterValue), Array)
#2 C:\\Users\\62812\\Documents\\LARAVEL FUNDAMENTAL\\laravel vue ecommerce\\ecommerce\\vendor\\laravel\\framework\\src\\Illuminate\\Database\\Connectors\\Connector.php(48): Illuminate\\Database\\Connectors\\Connector->tryAgainIfCausedByLostConnection(Object(PDOException), 'mysql:host=127....', 'hanif', Object(SensitiveParameterValue), Array)
#3 C:\\Users\\62812\\Documents\\LARAVEL FUNDAMENTAL\\laravel vue ecommerce\\ecommerce\\vendor\\laravel\\framework\\src\\Illuminate\\Database\\Connectors\\MySqlConnector.php(24): Illuminate\\Database\\Connectors\\Connector->createConnection('mysql:host=127....', Array, Array)
#4 C:\\Users\\62812\\Documents\\LARAVEL FUNDAMENTAL\\laravel vue ecommerce\\ecommerce\\vendor\\laravel\\framework\\src\\Illuminate\\Database\\Connectors\\ConnectionFactory.php(185): Illuminate\\Database\\Connectors\\MySqlConnector->connect(Array)
#5 [internal function]: Illuminate\\Database\\Connectors\\ConnectionFactory->Illuminate\\Database\\Connectors\\{closure}()
#6 C:\\Users\\62812\\Documents\\LARAVEL FUNDAMENTAL\\laravel vue ecommerce\\ecommerce\\vendor\\laravel\\framework\\src\\Illuminate\\Database\\Connection.php(1231): call_user_func(Object(Closure))
#7 C:\\Users\\62812\\Documents\\LARAVEL FUNDAMENTAL\\laravel vue ecommerce\\ecommerce\\vendor\\laravel\\framework\\src\\Illuminate\\Database\\Connection.php(512): Illuminate\\Database\\Connection->getPdo()
#8 C:\\Users\\62812\\Documents\\LARAVEL FUNDAMENTAL\\laravel vue ecommerce\\ecommerce\\vendor\\laravel\\framework\\src\\Illuminate\\Database\\Connection.php(407): Illuminate\\Database\\Connection->getPdoForSelect(false)
#9 C:\\Users\\62812\\Documents\\LARAVEL FUNDAMENTAL\\laravel vue ecommerce\\ecommerce\\vendor\\laravel\\framework\\src\\Illuminate\\Database\\Connection.php(812): Illuminate\\Database\\Connection->Illuminate\\Database\\{closure}('select * from `...', Array)
#10 C:\\Users\\62812\\Documents\\LARAVEL FUNDAMENTAL\\laravel vue ecommerce\\ecommerce\\vendor\\laravel\\framework\\src\\Illuminate\\Database\\Connection.php(979): Illuminate\\Database\\Connection->runQueryCallback('select * from `...', Array, Object(Closure))
#11 C:\\Users\\62812\\Documents\\LARAVEL FUNDAMENTAL\\laravel vue ecommerce\\ecommerce\\vendor\\laravel\\framework\\src\\Illuminate\\Database\\Connection.php(958): Illuminate\\Database\\Connection->tryAgainIfCausedByLostConnection(Object(Illuminate\\Database\\QueryException), 'select * from `...', Array, Object(Closure))
#12 C:\\Users\\62812\\Documents\\LARAVEL FUNDAMENTAL\\laravel vue ecommerce\\ecommerce\\vendor\\laravel\\framework\\src\\Illuminate\\Database\\Connection.php(781): Illuminate\\Database\\Connection->handleQueryException(Object(Illuminate\\Database\\QueryException), 'select * from `...', Array, Object(Closure))
#13 C:\\Users\\62812\\Documents\\LARAVEL FUNDAMENTAL\\laravel vue ecommerce\\ecommerce\\vendor\\laravel\\framework\\src\\Illuminate\\Database\\Connection.php(398): Illuminate\\Database\\Connection->run('select * from `...', Array, Object(Closure))
#14 C:\\Users\\62812\\Documents\\LARAVEL FUNDAMENTAL\\laravel vue ecommerce\\ecommerce\\vendor\\laravel\\framework\\src\\Illuminate\\Database\\Query\\Builder.php(3106): Illuminate\\Database\\Connection->select('select * from `...', Array, false)
#15 C:\\Users\\62812\\Documents\\LARAVEL FUNDAMENTAL\\laravel vue ecommerce\\ecommerce\\vendor\\laravel\\framework\\src\\Illuminate\\Database\\Query\\Builder.php(3091): Illuminate\\Database\\Query\\Builder->runSelect()
#16 C:\\Users\\62812\\Documents\\LARAVEL FUNDAMENTAL\\laravel vue ecommerce\\ecommerce\\vendor\\laravel\\framework\\src\\Illuminate\\Database\\Query\\Builder.php(3676): Illuminate\\Database\\Query\\Builder->Illuminate\\Database\\Query\\{closure}()
#17 C:\\Users\\62812\\Documents\\LARAVEL FUNDAMENTAL\\laravel vue ecommerce\\ecommerce\\vendor\\laravel\\framework\\src\\Illuminate\\Database\\Query\\Builder.php(3090): Illuminate\\Database\\Query\\Builder->onceWithColumns(Array, Object(Closure))
#18 C:\\Users\\62812\\Documents\\LARAVEL FUNDAMENTAL\\laravel vue ecommerce\\ecommerce\\vendor\\laravel\\framework\\src\\Illuminate\\Database\\Concerns\\BuildsQueries.php(343): Illuminate\\Database\\Query\\Builder->get(Array)
#19 C:\\Users\\62812\\Documents\\LARAVEL FUNDAMENTAL\\laravel vue ecommerce\\ecommerce\\vendor\\laravel\\framework\\src\\Illuminate\\Database\\Query\\Builder.php(3013): Illuminate\\Database\\Query\\Builder->first(Array)
#20 C:\\Users\\62812\\Documents\\LARAVEL FUNDAMENTAL\\laravel vue ecommerce\\ecommerce\\vendor\\laravel\\framework\\src\\Illuminate\\Session\\DatabaseSessionHandler.php(97): Illuminate\\Database\\Query\\Builder->find('duHDDmRqUGrqkPr...')
#21 C:\\Users\\62812\\Documents\\LARAVEL FUNDAMENTAL\\laravel vue ecommerce\\ecommerce\\vendor\\laravel\\framework\\src\\Illuminate\\Session\\Store.php(117): Illuminate\\Session\\DatabaseSessionHandler->read('duHDDmRqUGrqkPr...')
#22 C:\\Users\\62812\\Documents\\LARAVEL FUNDAMENTAL\\laravel vue ecommerce\\ecommerce\\vendor\\laravel\\framework\\src\\Illuminate\\Session\\Store.php(105): Illuminate\\Session\\Store->readFromHandler()
#23 C:\\Users\\62812\\Documents\\LARAVEL FUNDAMENTAL\\laravel vue ecommerce\\ecommerce\\vendor\\laravel\\framework\\src\\Illuminate\\Session\\Store.php(89): Illuminate\\Session\\Store->loadSession()
#24 C:\\Users\\62812\\Documents\\LARAVEL FUNDAMENTAL\\laravel vue ecommerce\\ecommerce\\vendor\\laravel\\framework\\src\\Illuminate\\Session\\Middleware\\StartSession.php(147): Illuminate\\Session\\Store->start()
#25 C:\\Users\\62812\\Documents\\LARAVEL FUNDAMENTAL\\laravel vue ecommerce\\ecommerce\\vendor\\laravel\\framework\\src\\Illuminate\\Support\\helpers.php(399): Illuminate\\Session\\Middleware\\StartSession->Illuminate\\Session\\Middleware\\{closure}(Object(Illuminate\\Session\\Store))
#26 C:\\Users\\62812\\Documents\\LARAVEL FUNDAMENTAL\\laravel vue ecommerce\\ecommerce\\vendor\\laravel\\framework\\src\\Illuminate\\Session\\Middleware\\StartSession.php(144): tap(Object(Illuminate\\Session\\Store), Object(Closure))
#27 C:\\Users\\62812\\Documents\\LARAVEL FUNDAMENTAL\\laravel vue ecommerce\\ecommerce\\vendor\\laravel\\framework\\src\\Illuminate\\Session\\Middleware\\StartSession.php(116): Illuminate\\Session\\Middleware\\StartSession->startSession(Object(Illuminate\\Http\\Request), Object(Illuminate\\Session\\Store))
#28 C:\\Users\\62812\\Documents\\LARAVEL FUNDAMENTAL\\laravel vue ecommerce\\ecommerce\\vendor\\laravel\\framework\\src\\Illuminate\\Session\\Middleware\\StartSession.php(64): Illuminate\\Session\\Middleware\\StartSession->handleStatefulRequest(Object(Illuminate\\Http\\Request), Object(Illuminate\\Session\\Store), Object(Closure))
#29 C:\\Users\\62812\\Documents\\LARAVEL FUNDAMENTAL\\laravel vue ecommerce\\ecommerce\\vendor\\laravel\\framework\\src\\Illuminate\\Pipeline\\Pipeline.php(209): Illuminate\\Session\\Middleware\\StartSession->handle(Object(Illuminate\\Http\\Request), Object(Closure))
#30 C:\\Users\\62812\\Documents\\LARAVEL FUNDAMENTAL\\laravel vue ecommerce\\ecommerce\\vendor\\laravel\\framework\\src\\Illuminate\\Cookie\\Middleware\\AddQueuedCookiesToResponse.php(37): Illuminate\\Pipeline\\Pipeline->Illuminate\\Pipeline\\{closure}(Object(Illuminate\\Http\\Request))
#31 C:\\Users\\62812\\Documents\\LARAVEL FUNDAMENTAL\\laravel vue ecommerce\\ecommerce\\vendor\\laravel\\framework\\src\\Illuminate\\Pipeline\\Pipeline.php(209): Illuminate\\Cookie\\Middleware\\AddQueuedCookiesToResponse->handle(Object(Illuminate\\Http\\Request), Object(Closure))
#32 C:\\Users\\62812\\Documents\\LARAVEL FUNDAMENTAL\\laravel vue ecommerce\\ecommerce\\vendor\\laravel\\framework\\src\\Illuminate\\Cookie\\Middleware\\EncryptCookies.php(75): Illuminate\\Pipeline\\Pipeline->Illuminate\\Pipeline\\{closure}(Object(Illuminate\\Http\\Request))
#33 C:\\Users\\62812\\Documents\\LARAVEL FUNDAMENTAL\\laravel vue ecommerce\\ecommerce\\vendor\\laravel\\framework\\src\\Illuminate\\Pipeline\\Pipeline.php(209): Illuminate\\Cookie\\Middleware\\EncryptCookies->handle(Object(Illuminate\\Http\\Request), Object(Closure))
#34 C:\\Users\\62812\\Documents\\LARAVEL FUNDAMENTAL\\laravel vue ecommerce\\ecommerce\\vendor\\laravel\\framework\\src\\Illuminate\\Pipeline\\Pipeline.php(127): Illuminate\\Pipeline\\Pipeline->Illuminate\\Pipeline\\{closure}(Object(Illuminate\\Http\\Request))
#35 C:\\Users\\62812\\Documents\\LARAVEL FUNDAMENTAL\\laravel vue ecommerce\\ecommerce\\vendor\\laravel\\framework\\src\\Illuminate\\Routing\\Router.php(807): Illuminate\\Pipeline\\Pipeline->then(Object(Closure))
#36 C:\\Users\\62812\\Documents\\LARAVEL FUNDAMENTAL\\laravel vue ecommerce\\ecommerce\\vendor\\laravel\\framework\\src\\Illuminate\\Routing\\Router.php(786): Illuminate\\Routing\\Router->runRouteWithinStack(Object(Illuminate\\Routing\\Route), Object(Illuminate\\Http\\Request))
#37 C:\\Users\\62812\\Documents\\LARAVEL FUNDAMENTAL\\laravel vue ecommerce\\ecommerce\\vendor\\laravel\\framework\\src\\Illuminate\\Routing\\Router.php(750): Illuminate\\Routing\\Router->runRoute(Object(Illuminate\\Http\\Request), Object(Illuminate\\Routing\\Route))
#38 C:\\Users\\62812\\Documents\\LARAVEL FUNDAMENTAL\\laravel vue ecommerce\\ecommerce\\vendor\\laravel\\framework\\src\\Illuminate\\Routing\\Router.php(739): Illuminate\\Routing\\Router->dispatchToRoute(Object(Illuminate\\Http\\Request))
#39 C:\\Users\\62812\\Documents\\LARAVEL FUNDAMENTAL\\laravel vue ecommerce\\ecommerce\\vendor\\laravel\\framework\\src\\Illuminate\\Foundation\\Http\\Kernel.php(201): Illuminate\\Routing\\Router->dispatch(Object(Illuminate\\Http\\Request))
#40 C:\\Users\\62812\\Documents\\LARAVEL FUNDAMENTAL\\laravel vue ecommerce\\ecommerce\\vendor\\laravel\\framework\\src\\Illuminate\\Pipeline\\Pipeline.php(170): Illuminate\\Foundation\\Http\\Kernel->Illuminate\\Foundation\\Http\\{closure}(Object(Illuminate\\Http\\Request))
#41 C:\\Users\\62812\\Documents\\LARAVEL FUNDAMENTAL\\laravel vue ecommerce\\ecommerce\\vendor\\laravel\\framework\\src\\Illuminate\\Foundation\\Http\\Middleware\\TransformsRequest.php(21): Illuminate\\Pipeline\\Pipeline->Illuminate\\Pipeline\\{closure}(Object(Illuminate\\Http\\Request))
#42 C:\\Users\\62812\\Documents\\LARAVEL FUNDAMENTAL\\laravel vue ecommerce\\ecommerce\\vendor\\laravel\\framework\\src\\Illuminate\\Foundation\\Http\\Middleware\\ConvertEmptyStringsToNull.php(31): Illuminate\\Foundation\\Http\\Middleware\\TransformsRequest->handle(Object(Illuminate\\Http\\Request), Object(Closure))
#43 C:\\Users\\62812\\Documents\\LARAVEL FUNDAMENTAL\\laravel vue ecommerce\\ecommerce\\vendor\\laravel\\framework\\src\\Illuminate\\Pipeline\\Pipeline.php(209): Illuminate\\Foundation\\Http\\Middleware\\ConvertEmptyStringsToNull->handle(Object(Illuminate\\Http\\Request), Object(Closure))
#44 C:\\Users\\62812\\Documents\\LARAVEL FUNDAMENTAL\\laravel vue ecommerce\\ecommerce\\vendor\\laravel\\framework\\src\\Illuminate\\Foundation\\Http\\Middleware\\TransformsRequest.php(21): Illuminate\\Pipeline\\Pipeline->Illuminate\\Pipeline\\{closure}(Object(Illuminate\\Http\\Request))
#45 C:\\Users\\62812\\Documents\\LARAVEL FUNDAMENTAL\\laravel vue ecommerce\\ecommerce\\vendor\\laravel\\framework\\src\\Illuminate\\Foundation\\Http\\Middleware\\TrimStrings.php(51): Illuminate\\Foundation\\Http\\Middleware\\TransformsRequest->handle(Object(Illuminate\\Http\\Request), Object(Closure))
#46 C:\\Users\\62812\\Documents\\LARAVEL FUNDAMENTAL\\laravel vue ecommerce\\ecommerce\\vendor\\laravel\\framework\\src\\Illuminate\\Pipeline\\Pipeline.php(209): Illuminate\\Foundation\\Http\\Middleware\\TrimStrings->handle(Object(Illuminate\\Http\\Request), Object(Closure))
#47 C:\\Users\\62812\\Documents\\LARAVEL FUNDAMENTAL\\laravel vue ecommerce\\ecommerce\\vendor\\laravel\\framework\\src\\Illuminate\\Http\\Middleware\\ValidatePostSize.php(27): Illuminate\\Pipeline\\Pipeline->Illuminate\\Pipeline\\{closure}(Object(Illuminate\\Http\\Request))
#48 C:\\Users\\62812\\Documents\\LARAVEL FUNDAMENTAL\\laravel vue ecommerce\\ecommerce\\vendor\\laravel\\framework\\src\\Illuminate\\Pipeline\\Pipeline.php(209): Illuminate\\Http\\Middleware\\ValidatePostSize->handle(Object(Illuminate\\Http\\Request), Object(Closure))
#49 C:\\Users\\62812\\Documents\\LARAVEL FUNDAMENTAL\\laravel vue ecommerce\\ecommerce\\vendor\\laravel\\framework\\src\\Illuminate\\Foundation\\Http\\Middleware\\PreventRequestsDuringMaintenance.php(110): Illuminate\\Pipeline\\Pipeline->Illuminate\\Pipeline\\{closure}(Object(Illuminate\\Http\\Request))
#50 C:\\Users\\62812\\Documents\\LARAVEL FUNDAMENTAL\\laravel vue ecommerce\\ecommerce\\vendor\\laravel\\framework\\src\\Illuminate\\Pipeline\\Pipeline.php(209): Illuminate\\Foundation\\Http\\Middleware\\PreventRequestsDuringMaintenance->handle(Object(Illuminate\\Http\\Request), Object(Closure))
#51 C:\\Users\\62812\\Documents\\LARAVEL FUNDAMENTAL\\laravel vue ecommerce\\ecommerce\\vendor\\laravel\\framework\\src\\Illuminate\\Http\\Middleware\\HandleCors.php(49): Illuminate\\Pipeline\\Pipeline->Illuminate\\Pipeline\\{closure}(Object(Illuminate\\Http\\Request))
#52 C:\\Users\\62812\\Documents\\LARAVEL FUNDAMENTAL\\laravel vue ecommerce\\ecommerce\\vendor\\laravel\\framework\\src\\Illuminate\\Pipeline\\Pipeline.php(209): Illuminate\\Http\\Middleware\\HandleCors->handle(Object(Illuminate\\Http\\Request), Object(Closure))
#53 C:\\Users\\62812\\Documents\\LARAVEL FUNDAMENTAL\\laravel vue ecommerce\\ecommerce\\vendor\\laravel\\framework\\src\\Illuminate\\Http\\Middleware\\TrustProxies.php(58): Illuminate\\Pipeline\\Pipeline->Illuminate\\Pipeline\\{closure}(Object(Illuminate\\Http\\Request))
#54 C:\\Users\\62812\\Documents\\LARAVEL FUNDAMENTAL\\laravel vue ecommerce\\ecommerce\\vendor\\laravel\\framework\\src\\Illuminate\\Pipeline\\Pipeline.php(209): Illuminate\\Http\\Middleware\\TrustProxies->handle(Object(Illuminate\\Http\\Request), Object(Closure))
#55 C:\\Users\\62812\\Documents\\LARAVEL FUNDAMENTAL\\laravel vue ecommerce\\ecommerce\\vendor\\laravel\\framework\\src\\Illuminate\\Foundation\\Http\\Middleware\\InvokeDeferredCallbacks.php(22): Illuminate\\Pipeline\\Pipeline->Illuminate\\Pipeline\\{closure}(Object(Illuminate\\Http\\Request))
#56 C:\\Users\\62812\\Documents\\LARAVEL FUNDAMENTAL\\laravel vue ecommerce\\ecommerce\\vendor\\laravel\\framework\\src\\Illuminate\\Pipeline\\Pipeline.php(209): Illuminate\\Foundation\\Http\\Middleware\\InvokeDeferredCallbacks->handle(Object(Illuminate\\Http\\Request), Object(Closure))
#57 C:\\Users\\62812\\Documents\\LARAVEL FUNDAMENTAL\\laravel vue ecommerce\\ecommerce\\vendor\\laravel\\framework\\src\\Illuminate\\Pipeline\\Pipeline.php(127): Illuminate\\Pipeline\\Pipeline->Illuminate\\Pipeline\\{closure}(Object(Illuminate\\Http\\Request))
#58 C:\\Users\\62812\\Documents\\LARAVEL FUNDAMENTAL\\laravel vue ecommerce\\ecommerce\\vendor\\laravel\\framework\\src\\Illuminate\\Foundation\\Http\\Kernel.php(176): Illuminate\\Pipeline\\Pipeline->then(Object(Closure))
#59 C:\\Users\\62812\\Documents\\LARAVEL FUNDAMENTAL\\laravel vue ecommerce\\ecommerce\\vendor\\laravel\\framework\\src\\Illuminate\\Foundation\\Http\\Kernel.php(145): Illuminate\\Foundation\\Http\\Kernel->sendRequestThroughRouter(Object(Illuminate\\Http\\Request))
#60 C:\\Users\\62812\\Documents\\LARAVEL FUNDAMENTAL\\laravel vue ecommerce\\ecommerce\\vendor\\laravel\\framework\\src\\Illuminate\\Foundation\\Application.php(1220): Illuminate\\Foundation\\Http\\Kernel->handle(Object(Illuminate\\Http\\Request))
#61 C:\\Users\\62812\\Documents\\LARAVEL FUNDAMENTAL\\laravel vue ecommerce\\ecommerce\\public\\index.php(17): Illuminate\\Foundation\\Application->handleRequest(Object(Illuminate\\Http\\Request))
#62 C:\\Users\\62812\\Documents\\LARAVEL FUNDAMENTAL\\laravel vue ecommerce\\ecommerce\\vendor\\laravel\\framework\\src\\Illuminate\\Foundation\\resources\\server.php(23): require_once('C:\\\\Users\\\\62812\\\\...')
#63 {main}
"} 
[2025-12-15 06:12:36] local.ERROR: syntax error, unexpected token ")" {"view":{"view":"C:\\Users\\62812\\Documents\\LARAVEL FUNDAMENTAL\\laravel vue ecommerce\\ecommerce\\resources\\views\\layouts\\navigation.blade.php","data":{"errors":"<pre class=sf-dump id=sf-dump-1121231595 data-indent-pad=\"  \"><span class=sf-dump-note>Illuminate\\Support\\ViewErrorBag</span> {<a class=sf-dump-ref>#1286</a><samp data-depth=1 class=sf-dump-expanded>
  #<span class=sf-dump-protected title=\"Protected property\">bags</span>: []
</samp>}
</pre><script>Sfdump(\"sf-dump-1121231595\", {\"maxDepth\":3,\"maxStringLength\":160})</script>
","componentName":"<pre class=sf-dump id=sf-dump-1916115693 data-indent-pad=\"  \">\"<span class=sf-dump-str title=\"10 characters\">app-layout</span>\"
</pre><script>Sfdump(\"sf-dump-1916115693\", {\"maxDepth\":3,\"maxStringLength\":160})</script>
","attributes":"<pre class=sf-dump id=sf-dump-1760764832 data-indent-pad=\"  \"><span class=sf-dump-note>Illuminate\\View\\ComponentAttributeBag</span> {<a class=sf-dump-ref>#1308</a><samp data-depth=1 class=sf-dump-expanded>
  #<span class=sf-dump-protected title=\"Protected property\">attributes</span>: []
</samp>}
</pre><script>Sfdump(\"sf-dump-1760764832\", {\"maxDepth\":3,\"maxStringLength\":160})</script>
","ignoredParameterNames":"<pre class=sf-dump id=sf-dump-178039679 data-indent-pad=\"  \"><span class=sf-dump-note>Illuminate\\View\\InvokableComponentVariable</span> {<a class=sf-dump-ref>#1322</a><samp data-depth=1 class=sf-dump-expanded>
  #<span class=sf-dump-protected title=\"Protected property\">callable</span>: <span class=sf-dump-note>Closure()</span> {<a class=sf-dump-ref>#1321</a><samp data-depth=2 class=sf-dump-compact>
    <span class=sf-dump-meta>class</span>: \"<span class=\"sf-dump-str sf-dump-ellipsization\" title=\"App\\View\\Components\\AppLayout
29 characters\"><span class=\"sf-dump-ellipsis sf-dump-ellipsis-class\">App\\View\\Components</span><span class=\"sf-dump-ellipsis sf-dump-ellipsis-class\">\\</span><span class=\"sf-dump-ellipsis-tail\">AppLayout</span></span>\"
    <span class=sf-dump-meta>this</span>: <span class=\"sf-dump-note sf-dump-ellipsization\" title=\"App\\View\\Components\\AppLayout
\"><span class=\"sf-dump-ellipsis sf-dump-ellipsis-note\">App\\View\\Components</span><span class=\"sf-dump-ellipsis sf-dump-ellipsis-note\">\\</span><span class=\"sf-dump-ellipsis-tail\">AppLayout</span></span> {<a class=sf-dump-ref>#1306</a> &#8230;}
    <span class=sf-dump-meta>use</span>: {<samp data-depth=3 class=sf-dump-compact>
      <span class=sf-dump-meta>$method</span>: \"<span class=sf-dump-str title=\"21 characters\">ignoredParameterNames</span>\"
    </samp>}
    <span class=sf-dump-meta>file</span>: \"<span class=\"sf-dump-str sf-dump-ellipsization\" title=\"C:\\Users\\62812\\Documents\\LARAVEL FUNDAMENTAL\\laravel vue ecommerce\\ecommerce\\vendor\\laravel\\framework\\src\\Illuminate\\View\\Component.php
135 characters\"><span class=\"sf-dump-ellipsis sf-dump-ellipsis-path\">C:\\Users\\62812\\Documents\\LARAVEL FUNDAMENTAL\\laravel vue ecommerce\\ecommerce\\vendor</span><span class=\"sf-dump-ellipsis sf-dump-ellipsis-path\">\\laravel\\framework\\</span><span class=\"sf-dump-ellipsis-tail\">src\\Illuminate\\View\\Component.php</span></span>\"
    <span class=sf-dump-meta>line</span>: \"<span class=sf-dump-str title=\"10 characters\">303 to 305</span>\"
  </samp>}
</samp>}
</pre><script>Sfdump(\"sf-dump-178039679\", {\"maxDepth\":3,\"maxStringLength\":160})</script>
","slot":"<pre class=sf-dump id=sf-dump-720243492 data-indent-pad=\"  \"><span class=sf-dump-note>Illuminate\\View\\ComponentSlot</span> {<a class=sf-dump-ref>#1309</a><samp data-depth=1 class=sf-dump-expanded>
  +<span class=sf-dump-public title=\"Public property\">attributes</span>: <span class=\"sf-dump-note sf-dump-ellipsization\" title=\"Illuminate\\View\\ComponentAttributeBag
\"><span class=\"sf-dump-ellipsis sf-dump-ellipsis-note\">Illuminate\\View</span><span class=\"sf-dump-ellipsis sf-dump-ellipsis-note\">\\</span><span class=\"sf-dump-ellipsis-tail\">ComponentAttributeBag</span></span> {<a class=sf-dump-ref>#1319</a><samp data-depth=2 class=sf-dump-compact>
    #<span class=sf-dump-protected title=\"Protected property\">attributes</span>: []
  </samp>}
  #<span class=sf-dump-protected title=\"Protected property\">contents</span>: \"<span class=sf-dump-str title=\"7 characters\">welcome</span>\"
</samp>}
</pre><script>Sfdump(\"sf-dump-720243492\", {\"maxDepth\":3,\"maxStringLength\":160})</script>
","__laravel_slots":"<pre class=sf-dump id=sf-dump-656159330 data-indent-pad=\"  \"><span class=sf-dump-note>array:1</span> [<samp data-depth=1 class=sf-dump-expanded>
  \"<span class=sf-dump-key>__default</span>\" => <span class=\"sf-dump-note sf-dump-ellipsization\" title=\"Illuminate\\View\\ComponentSlot
\"><span class=\"sf-dump-ellipsis sf-dump-ellipsis-note\">Illuminate\\View</span><span class=\"sf-dump-ellipsis sf-dump-ellipsis-note\">\\</span><span class=\"sf-dump-ellipsis-tail\">ComponentSlot</span></span> {<a class=sf-dump-ref>#1309</a><samp data-depth=2 class=sf-dump-compact>
    +<span class=sf-dump-public title=\"Public property\">attributes</span>: <span class=\"sf-dump-note sf-dump-ellipsization\" title=\"Illuminate\\View\\ComponentAttributeBag
\"><span class=\"sf-dump-ellipsis sf-dump-ellipsis-note\">Illuminate\\View</span><span class=\"sf-dump-ellipsis sf-dump-ellipsis-note\">\\</span><span class=\"sf-dump-ellipsis-tail\">ComponentAttributeBag</span></span> {<a class=sf-dump-ref>#1319</a><samp data-depth=3 class=sf-dump-compact>
      #<span class=sf-dump-protected title=\"Protected property\">attributes</span>: []
    </samp>}
    #<span class=sf-dump-protected title=\"Protected property\">contents</span>: \"<span class=sf-dump-str title=\"7 characters\">welcome</span>\"
  </samp>}
</samp>]
</pre><script>Sfdump(\"sf-dump-656159330\", {\"maxDepth\":3,\"maxStringLength\":160})</script>
"}},"exception":"[object] (Spatie\\LaravelIgnition\\Exceptions\\ViewException(code: 0): syntax error, unexpected token \")\" at C:\\Users\\62812\\Documents\\LARAVEL FUNDAMENTAL\\laravel vue ecommerce\\ecommerce\\resources\\views\\layouts\\navigation.blade.php:138)
[stacktrace]
#0 C:\\Users\\62812\\Documents\\LARAVEL FUNDAMENTAL\\laravel vue ecommerce\\ecommerce\\vendor\\laravel\\framework\\src\\Illuminate\\Filesystem\\Filesystem.php(123): require('C:\\\\Users\\\\62812\\\\...')
#1 C:\\Users\\62812\\Documents\\LARAVEL FUNDAMENTAL\\laravel vue ecommerce\\ecommerce\\vendor\\laravel\\framework\\src\\Illuminate\\Filesystem\\Filesystem.php(124): Illuminate\\Filesystem\\Filesystem::Illuminate\\Filesystem\\{closure}()
#2 C:\\Users\\62812\\Documents\\LARAVEL FUNDAMENTAL\\laravel vue ecommerce\\ecommerce\\vendor\\laravel\\framework\\src\\Illuminate\\View\\Engines\\PhpEngine.php(58): Illuminate\\Filesystem\\Filesystem->getRequire('C:\\\\Users\\\\62812\\\\...', Array)
#3 C:\\Users\\62812\\Documents\\LARAVEL FUNDAMENTAL\\laravel vue ecommerce\\ecommerce\\vendor\\laravel\\framework\\src\\Illuminate\\View\\Engines\\CompilerEngine.php(75): Illuminate\\View\\Engines\\PhpEngine->evaluatePath('C:\\\\Users\\\\62812\\\\...', Array)
#4 C:\\Users\\62812\\Documents\\LARAVEL FUNDAMENTAL\\laravel vue ecommerce\\ecommerce\\vendor\\laravel\\framework\\src\\Illuminate\\View\\View.php(209): Illuminate\\View\\Engines\\CompilerEngine->get('C:\\\\Users\\\\62812\\\\...', Array)
#5 C:\\Users\\62812\\Documents\\LARAVEL FUNDAMENTAL\\laravel vue ecommerce\\ecommerce\\vendor\\laravel\\framework\\src\\Illuminate\\View\\View.php(192): Illuminate\\View\\View->getContents()
#6 C:\\Users\\62812\\Documents\\LARAVEL FUNDAMENTAL\\laravel vue ecommerce\\ecommerce\\vendor\\laravel\\framework\\src\\Illuminate\\View\\View.php(161): Illuminate\\View\\View->renderContents()
#7 C:\\Users\\62812\\Documents\\LARAVEL FUNDAMENTAL\\laravel vue ecommerce\\ecommerce\\vendor\\laravel\\framework\\src\\Illuminate\\View\\Concerns\\ManagesComponents.php(99): Illuminate\\View\\View->render()
#8 C:\\Users\\62812\\Documents\\LARAVEL FUNDAMENTAL\\laravel vue ecommerce\\ecommerce\\resources\\views\\welcome.blade.php(1): Illuminate\\View\\Factory->renderComponent()
#9 C:\\Users\\62812\\Documents\\LARAVEL FUNDAMENTAL\\laravel vue ecommerce\\ecommerce\\vendor\\laravel\\framework\\src\\Illuminate\\Filesystem\\Filesystem.php(123): require('C:\\\\Users\\\\62812\\\\...')
#10 C:\\Users\\62812\\Documents\\LARAVEL FUNDAMENTAL\\laravel vue ecommerce\\ecommerce\\vendor\\laravel\\framework\\src\\Illuminate\\Filesystem\\Filesystem.php(124): Illuminate\\Filesystem\\Filesystem::Illuminate\\Filesystem\\{closure}()
#11 C:\\Users\\62812\\Documents\\LARAVEL FUNDAMENTAL\\laravel vue ecommerce\\ecommerce\\vendor\\laravel\\framework\\src\\Illuminate\\View\\Engines\\PhpEngine.php(58): Illuminate\\Filesystem\\Filesystem->getRequire('C:\\\\Users\\\\62812\\\\...', Array)
#12 C:\\Users\\62812\\Documents\\LARAVEL FUNDAMENTAL\\laravel vue ecommerce\\ecommerce\\vendor\\laravel\\framework\\src\\Illuminate\\View\\Engines\\CompilerEngine.php(75): Illuminate\\View\\Engines\\PhpEngine->evaluatePath('C:\\\\Users\\\\62812\\\\...', Array)
#13 C:\\Users\\62812\\Documents\\LARAVEL FUNDAMENTAL\\laravel vue ecommerce\\ecommerce\\vendor\\laravel\\framework\\src\\Illuminate\\View\\View.php(209): Illuminate\\View\\Engines\\CompilerEngine->get('C:\\\\Users\\\\62812\\\\...', Array)
#14 C:\\Users\\62812\\Documents\\LARAVEL FUNDAMENTAL\\laravel vue ecommerce\\ecommerce\\vendor\\laravel\\framework\\src\\Illuminate\\View\\View.php(192): Illuminate\\View\\View->getContents()
#15 C:\\Users\\62812\\Documents\\LARAVEL FUNDAMENTAL\\laravel vue ecommerce\\ecommerce\\vendor\\laravel\\framework\\src\\Illuminate\\View\\View.php(161): Illuminate\\View\\View->renderContents()
#16 C:\\Users\\62812\\Documents\\LARAVEL FUNDAMENTAL\\laravel vue ecommerce\\ecommerce\\vendor\\laravel\\framework\\src\\Illuminate\\Http\\Response.php(79): Illuminate\\View\\View->render()
#17 C:\\Users\\62812\\Documents\\LARAVEL FUNDAMENTAL\\laravel vue ecommerce\\ecommerce\\vendor\\laravel\\framework\\src\\Illuminate\\Http\\Response.php(35): Illuminate\\Http\\Response->setContent(Object(Illuminate\\View\\View))
#18 C:\\Users\\62812\\Documents\\LARAVEL FUNDAMENTAL\\laravel vue ecommerce\\ecommerce\\vendor\\laravel\\framework\\src\\Illuminate\\Routing\\Router.php(920): Illuminate\\Http\\Response->__construct(Object(Illuminate\\View\\View), 200, Array)
#19 C:\\Users\\62812\\Documents\\LARAVEL FUNDAMENTAL\\laravel vue ecommerce\\ecommerce\\vendor\\laravel\\framework\\src\\Illuminate\\Routing\\Router.php(887): Illuminate\\Routing\\Router::toResponse(Object(Illuminate\\Http\\Request), Object(Illuminate\\View\\View))
#20 C:\\Users\\62812\\Documents\\LARAVEL FUNDAMENTAL\\laravel vue ecommerce\\ecommerce\\vendor\\laravel\\framework\\src\\Illuminate\\Routing\\Router.php(807): Illuminate\\Routing\\Router->prepareResponse(Object(Illuminate\\Http\\Request), Object(Illuminate\\View\\View))
#21 C:\\Users\\62812\\Documents\\LARAVEL FUNDAMENTAL\\laravel vue ecommerce\\ecommerce\\vendor\\laravel\\framework\\src\\Illuminate\\Pipeline\\Pipeline.php(170): Illuminate\\Routing\\Router->Illuminate\\Routing\\{closure}(Object(Illuminate\\Http\\Request))
#22 C:\\Users\\62812\\Documents\\LARAVEL FUNDAMENTAL\\laravel vue ecommerce\\ecommerce\\vendor\\laravel\\framework\\src\\Illuminate\\Routing\\Middleware\\SubstituteBindings.php(51): Illuminate\\Pipeline\\Pipeline->Illuminate\\Pipeline\\{closure}(Object(Illuminate\\Http\\Request))
#23 C:\\Users\\62812\\Documents\\LARAVEL FUNDAMENTAL\\laravel vue ecommerce\\ecommerce\\vendor\\laravel\\framework\\src\\Illuminate\\Pipeline\\Pipeline.php(209): Illuminate\\Routing\\Middleware\\SubstituteBindings->handle(Object(Illuminate\\Http\\Request), Object(Closure))
#24 C:\\Users\\62812\\Documents\\LARAVEL FUNDAMENTAL\\laravel vue ecommerce\\ecommerce\\vendor\\laravel\\framework\\src\\Illuminate\\Foundation\\Http\\Middleware\\VerifyCsrfToken.php(88): Illuminate\\Pipeline\\Pipeline->Illuminate\\Pipeline\\{closure}(Object(Illuminate\\Http\\Request))
#25 C:\\Users\\62812\\Documents\\LARAVEL FUNDAMENTAL\\laravel vue ecommerce\\ecommerce\\vendor\\laravel\\framework\\src\\Illuminate\\Pipeline\\Pipeline.php(209): Illuminate\\Foundation\\Http\\Middleware\\VerifyCsrfToken->handle(Object(Illuminate\\Http\\Request), Object(Closure))
#26 C:\\Users\\62812\\Documents\\LARAVEL FUNDAMENTAL\\laravel vue ecommerce\\ecommerce\\vendor\\laravel\\framework\\src\\Illuminate\\View\\Middleware\\ShareErrorsFromSession.php(49): Illuminate\\Pipeline\\Pipeline->Illuminate\\Pipeline\\{closure}(Object(Illuminate\\Http\\Request))
#27 C:\\Users\\62812\\Documents\\LARAVEL FUNDAMENTAL\\laravel vue ecommerce\\ecommerce\\vendor\\laravel\\framework\\src\\Illuminate\\Pipeline\\Pipeline.php(209): Illuminate\\View\\Middleware\\ShareErrorsFromSession->handle(Object(Illuminate\\Http\\Request), Object(Closure))
#28 C:\\Users\\62812\\Documents\\LARAVEL FUNDAMENTAL\\laravel vue ecommerce\\ecommerce\\vendor\\laravel\\framework\\src\\Illuminate\\Session\\Middleware\\StartSession.php(121): Illuminate\\Pipeline\\Pipeline->Illuminate\\Pipeline\\{closure}(Object(Illuminate\\Http\\Request))
#29 C:\\Users\\62812\\Documents\\LARAVEL FUNDAMENTAL\\laravel vue ecommerce\\ecommerce\\vendor\\laravel\\framework\\src\\Illuminate\\Session\\Middleware\\StartSession.php(64): Illuminate\\Session\\Middleware\\StartSession->handleStatefulRequest(Object(Illuminate\\Http\\Request), Object(Illuminate\\Session\\Store), Object(Closure))
#30 C:\\Users\\62812\\Documents\\LARAVEL FUNDAMENTAL\\laravel vue ecommerce\\ecommerce\\vendor\\laravel\\framework\\src\\Illuminate\\Pipeline\\Pipeline.php(209): Illuminate\\Session\\Middleware\\StartSession->handle(Object(Illuminate\\Http\\Request), Object(Closure))
#31 C:\\Users\\62812\\Documents\\LARAVEL FUNDAMENTAL\\laravel vue ecommerce\\ecommerce\\vendor\\laravel\\framework\\src\\Illuminate\\Cookie\\Middleware\\AddQueuedCookiesToResponse.php(37): Illuminate\\Pipeline\\Pipeline->Illuminate\\Pipeline\\{closure}(Object(Illuminate\\Http\\Request))
#32 C:\\Users\\62812\\Documents\\LARAVEL FUNDAMENTAL\\laravel vue ecommerce\\ecommerce\\vendor\\laravel\\framework\\src\\Illuminate\\Pipeline\\Pipeline.php(209): Illuminate\\Cookie\\Middleware\\AddQueuedCookiesToResponse->handle(Object(Illuminate\\Http\\Request), Object(Closure))
#33 C:\\Users\\62812\\Documents\\LARAVEL FUNDAMENTAL\\laravel vue ecommerce\\ecommerce\\vendor\\laravel\\framework\\src\\Illuminate\\Cookie\\Middleware\\EncryptCookies.php(75): Illuminate\\Pipeline\\Pipeline->Illuminate\\Pipeline\\{closure}(Object(Illuminate\\Http\\Request))
#34 C:\\Users\\62812\\Documents\\LARAVEL FUNDAMENTAL\\laravel vue ecommerce\\ecommerce\\vendor\\laravel\\framework\\src\\Illuminate\\Pipeline\\Pipeline.php(209): Illuminate\\Cookie\\Middleware\\EncryptCookies->handle(Object(Illuminate\\Http\\Request), Object(Closure))
#35 C:\\Users\\62812\\Documents\\LARAVEL FUNDAMENTAL\\laravel vue ecommerce\\ecommerce\\vendor\\laravel\\framework\\src\\Illuminate\\Pipeline\\Pipeline.php(127): Illuminate\\Pipeline\\Pipeline->Illuminate\\Pipeline\\{closure}(Object(Illuminate\\Http\\Request))
#36 C:\\Users\\62812\\Documents\\LARAVEL FUNDAMENTAL\\laravel vue ecommerce\\ecommerce\\vendor\\laravel\\framework\\src\\Illuminate\\Routing\\Router.php(807): Illuminate\\Pipeline\\Pipeline->then(Object(Closure))
#37 C:\\Users\\62812\\Documents\\LARAVEL FUNDAMENTAL\\laravel vue ecommerce\\ecommerce\\vendor\\laravel\\framework\\src\\Illuminate\\Routing\\Router.php(786): Illuminate\\Routing\\Router->runRouteWithinStack(Object(Illuminate\\Routing\\Route), Object(Illuminate\\Http\\Request))
#38 C:\\Users\\62812\\Documents\\LARAVEL FUNDAMENTAL\\laravel vue ecommerce\\ecommerce\\vendor\\laravel\\framework\\src\\Illuminate\\Routing\\Router.php(750): Illuminate\\Routing\\Router->runRoute(Object(Illuminate\\Http\\Request), Object(Illuminate\\Routing\\Route))
#39 C:\\Users\\62812\\Documents\\LARAVEL FUNDAMENTAL\\laravel vue ecommerce\\ecommerce\\vendor\\laravel\\framework\\src\\Illuminate\\Routing\\Router.php(739): Illuminate\\Routing\\Router->dispatchToRoute(Object(Illuminate\\Http\\Request))
#40 C:\\Users\\62812\\Documents\\LARAVEL FUNDAMENTAL\\laravel vue ecommerce\\ecommerce\\vendor\\laravel\\framework\\src\\Illuminate\\Foundation\\Http\\Kernel.php(201): Illuminate\\Routing\\Router->dispatch(Object(Illuminate\\Http\\Request))
#41 C:\\Users\\62812\\Documents\\LARAVEL FUNDAMENTAL\\laravel vue ecommerce\\ecommerce\\vendor\\laravel\\framework\\src\\Illuminate\\Pipeline\\Pipeline.php(170): Illuminate\\Foundation\\Http\\Kernel->Illuminate\\Foundation\\Http\\{closure}(Object(Illuminate\\Http\\Request))
#42 C:\\Users\\62812\\Documents\\LARAVEL FUNDAMENTAL\\laravel vue ecommerce\\ecommerce\\vendor\\laravel\\framework\\src\\Illuminate\\Foundation\\Http\\Middleware\\TransformsRequest.php(21): Illuminate\\Pipeline\\Pipeline->Illuminate\\Pipeline\\{closure}(Object(Illuminate\\Http\\Request))
#43 C:\\Users\\62812\\Documents\\LARAVEL FUNDAMENTAL\\laravel vue ecommerce\\ecommerce\\vendor\\laravel\\framework\\src\\Illuminate\\Foundation\\Http\\Middleware\\ConvertEmptyStringsToNull.php(31): Illuminate\\Foundation\\Http\\Middleware\\TransformsRequest->handle(Object(Illuminate\\Http\\Request), Object(Closure))
#44 C:\\Users\\62812\\Documents\\LARAVEL FUNDAMENTAL\\laravel vue ecommerce\\ecommerce\\vendor\\laravel\\framework\\src\\Illuminate\\Pipeline\\Pipeline.php(209): Illuminate\\Foundation\\Http\\Middleware\\ConvertEmptyStringsToNull->handle(Object(Illuminate\\Http\\Request), Object(Closure))
#45 C:\\Users\\62812\\Documents\\LARAVEL FUNDAMENTAL\\laravel vue ecommerce\\ecommerce\\vendor\\laravel\\framework\\src\\Illuminate\\Foundation\\Http\\Middleware\\TransformsRequest.php(21): Illuminate\\Pipeline\\Pipeline->Illuminate\\Pipeline\\{closure}(Object(Illuminate\\Http\\Request))
#46 C:\\Users\\62812\\Documents\\LARAVEL FUNDAMENTAL\\laravel vue ecommerce\\ecommerce\\vendor\\laravel\\framework\\src\\Illuminate\\Foundation\\Http\\Middleware\\TrimStrings.php(51): Illuminate\\Foundation\\Http\\Middleware\\TransformsRequest->handle(Object(Illuminate\\Http\\Request), Object(Closure))
#47 C:\\Users\\62812\\Documents\\LARAVEL FUNDAMENTAL\\laravel vue ecommerce\\ecommerce\\vendor\\laravel\\framework\\src\\Illuminate\\Pipeline\\Pipeline.php(209): Illuminate\\Foundation\\Http\\Middleware\\TrimStrings->handle(Object(Illuminate\\Http\\Request), Object(Closure))
#48 C:\\Users\\62812\\Documents\\LARAVEL FUNDAMENTAL\\laravel vue ecommerce\\ecommerce\\vendor\\laravel\\framework\\src\\Illuminate\\Http\\Middleware\\ValidatePostSize.php(27): Illuminate\\Pipeline\\Pipeline->Illuminate\\Pipeline\\{closure}(Object(Illuminate\\Http\\Request))
#49 C:\\Users\\62812\\Documents\\LARAVEL FUNDAMENTAL\\laravel vue ecommerce\\ecommerce\\vendor\\laravel\\framework\\src\\Illuminate\\Pipeline\\Pipeline.php(209): Illuminate\\Http\\Middleware\\ValidatePostSize->handle(Object(Illuminate\\Http\\Request), Object(Closure))
#50 C:\\Users\\62812\\Documents\\LARAVEL FUNDAMENTAL\\laravel vue ecommerce\\ecommerce\\vendor\\laravel\\framework\\src\\Illuminate\\Foundation\\Http\\Middleware\\PreventRequestsDuringMaintenance.php(110): Illuminate\\Pipeline\\Pipeline->Illuminate\\Pipeline\\{closure}(Object(Illuminate\\Http\\Request))
#51 C:\\Users\\62812\\Documents\\LARAVEL FUNDAMENTAL\\laravel vue ecommerce\\ecommerce\\vendor\\laravel\\framework\\src\\Illuminate\\Pipeline\\Pipeline.php(209): Illuminate\\Foundation\\Http\\Middleware\\PreventRequestsDuringMaintenance->handle(Object(Illuminate\\Http\\Request), Object(Closure))
#52 C:\\Users\\62812\\Documents\\LARAVEL FUNDAMENTAL\\laravel vue ecommerce\\ecommerce\\vendor\\laravel\\framework\\src\\Illuminate\\Http\\Middleware\\HandleCors.php(49): Illuminate\\Pipeline\\Pipeline->Illuminate\\Pipeline\\{closure}(Object(Illuminate\\Http\\Request))
#53 C:\\Users\\62812\\Documents\\LARAVEL FUNDAMENTAL\\laravel vue ecommerce\\ecommerce\\vendor\\laravel\\framework\\src\\Illuminate\\Pipeline\\Pipeline.php(209): Illuminate\\Http\\Middleware\\HandleCors->handle(Object(Illuminate\\Http\\Request), Object(Closure))
#54 C:\\Users\\62812\\Documents\\LARAVEL FUNDAMENTAL\\laravel vue ecommerce\\ecommerce\\vendor\\laravel\\framework\\src\\Illuminate\\Http\\Middleware\\TrustProxies.php(58): Illuminate\\Pipeline\\Pipeline->Illuminate\\Pipeline\\{closure}(Object(Illuminate\\Http\\Request))
#55 C:\\Users\\62812\\Documents\\LARAVEL FUNDAMENTAL\\laravel vue ecommerce\\ecommerce\\vendor\\laravel\\framework\\src\\Illuminate\\Pipeline\\Pipeline.php(209): Illuminate\\Http\\Middleware\\TrustProxies->handle(Object(Illuminate\\Http\\Request), Object(Closure))
#56 C:\\Users\\62812\\Documents\\LARAVEL FUNDAMENTAL\\laravel vue ecommerce\\ecommerce\\vendor\\laravel\\framework\\src\\Illuminate\\Foundation\\Http\\Middleware\\InvokeDeferredCallbacks.php(22): Illuminate\\Pipeline\\Pipeline->Illuminate\\Pipeline\\{closure}(Object(Illuminate\\Http\\Request))
#57 C:\\Users\\62812\\Documents\\LARAVEL FUNDAMENTAL\\laravel vue ecommerce\\ecommerce\\vendor\\laravel\\framework\\src\\Illuminate\\Pipeline\\Pipeline.php(209): Illuminate\\Foundation\\Http\\Middleware\\InvokeDeferredCallbacks->handle(Object(Illuminate\\Http\\Request), Object(Closure))
#58 C:\\Users\\62812\\Documents\\LARAVEL FUNDAMENTAL\\laravel vue ecommerce\\ecommerce\\vendor\\laravel\\framework\\src\\Illuminate\\Pipeline\\Pipeline.php(127): Illuminate\\Pipeline\\Pipeline->Illuminate\\Pipeline\\{closure}(Object(Illuminate\\Http\\Request))
#59 C:\\Users\\62812\\Documents\\LARAVEL FUNDAMENTAL\\laravel vue ecommerce\\ecommerce\\vendor\\laravel\\framework\\src\\Illuminate\\Foundation\\Http\\Kernel.php(176): Illuminate\\Pipeline\\Pipeline->then(Object(Closure))
#60 C:\\Users\\62812\\Documents\\LARAVEL FUNDAMENTAL\\laravel vue ecommerce\\ecommerce\\vendor\\laravel\\framework\\src\\Illuminate\\Foundation\\Http\\Kernel.php(145): Illuminate\\Foundation\\Http\\Kernel->sendRequestThroughRouter(Object(Illuminate\\Http\\Request))
#61 C:\\Users\\62812\\Documents\\LARAVEL FUNDAMENTAL\\laravel vue ecommerce\\ecommerce\\vendor\\laravel\\framework\\src\\Illuminate\\Foundation\\Application.php(1220): Illuminate\\Foundation\\Http\\Kernel->handle(Object(Illuminate\\Http\\Request))
#62 C:\\Users\\62812\\Documents\\LARAVEL FUNDAMENTAL\\laravel vue ecommerce\\ecommerce\\public\\index.php(17): Illuminate\\Foundation\\Application->handleRequest(Object(Illuminate\\Http\\Request))
#63 C:\\Users\\62812\\Documents\\LARAVEL FUNDAMENTAL\\laravel vue ecommerce\\ecommerce\\vendor\\laravel\\framework\\src\\Illuminate\\Foundation\\resources\\server.php(23): require_once('C:\\\\Users\\\\62812\\\\...')
#64 {main}

[previous exception] [object] (ParseError(code: 0): syntax error, unexpected token \")\" at C:\\Users\\62812\\Documents\\LARAVEL FUNDAMENTAL\\laravel vue ecommerce\\ecommerce\\storage\\framework\\views\\6ab588b43760987b97a79ebf9f80de33.php:138)
[stacktrace]
#0 C:\\Users\\62812\\Documents\\LARAVEL FUNDAMENTAL\\laravel vue ecommerce\\ecommerce\\vendor\\laravel\\framework\\src\\Illuminate\\Filesystem\\Filesystem.php(124): Illuminate\\Filesystem\\Filesystem::Illuminate\\Filesystem\\{closure}()
#1 C:\\Users\\62812\\Documents\\LARAVEL FUNDAMENTAL\\laravel vue ecommerce\\ecommerce\\vendor\\laravel\\framework\\src\\Illuminate\\View\\Engines\\PhpEngine.php(58): Illuminate\\Filesystem\\Filesystem->getRequire('C:\\\\Users\\\\62812\\\\...', Array)
#2 C:\\Users\\62812\\Documents\\LARAVEL FUNDAMENTAL\\laravel vue ecommerce\\ecommerce\\vendor\\laravel\\framework\\src\\Illuminate\\View\\Engines\\CompilerEngine.php(75): Illuminate\\View\\Engines\\PhpEngine->evaluatePath('C:\\\\Users\\\\62812\\\\...', Array)
#3 C:\\Users\\62812\\Documents\\LARAVEL FUNDAMENTAL\\laravel vue ecommerce\\ecommerce\\vendor\\laravel\\framework\\src\\Illuminate\\View\\View.php(209): Illuminate\\View\\Engines\\CompilerEngine->get('C:\\\\Users\\\\62812\\\\...', Array)
#4 C:\\Users\\62812\\Documents\\LARAVEL FUNDAMENTAL\\laravel vue ecommerce\\ecommerce\\vendor\\laravel\\framework\\src\\Illuminate\\View\\View.php(192): Illuminate\\View\\View->getContents()
#5 C:\\Users\\62812\\Documents\\LARAVEL FUNDAMENTAL\\laravel vue ecommerce\\ecommerce\\vendor\\laravel\\framework\\src\\Illuminate\\View\\View.php(161): Illuminate\\View\\View->renderContents()
#6 C:\\Users\\62812\\Documents\\LARAVEL FUNDAMENTAL\\laravel vue ecommerce\\ecommerce\\storage\\framework\\views\\abf812e0c61f495834822098d3a19595.php(24): Illuminate\\View\\View->render()
#7 C:\\Users\\62812\\Documents\\LARAVEL FUNDAMENTAL\\laravel vue ecommerce\\ecommerce\\vendor\\laravel\\framework\\src\\Illuminate\\Filesystem\\Filesystem.php(123): require('C:\\\\Users\\\\62812\\\\...')
#8 C:\\Users\\62812\\Documents\\LARAVEL FUNDAMENTAL\\laravel vue ecommerce\\ecommerce\\vendor\\laravel\\framework\\src\\Illuminate\\Filesystem\\Filesystem.php(124): Illuminate\\Filesystem\\Filesystem::Illuminate\\Filesystem\\{closure}()
#9 C:\\Users\\62812\\Documents\\LARAVEL FUNDAMENTAL\\laravel vue ecommerce\\ecommerce\\vendor\\laravel\\framework\\src\\Illuminate\\View\\Engines\\PhpEngine.php(58): Illuminate\\Filesystem\\Filesystem->getRequire('C:\\\\Users\\\\62812\\\\...', Array)
#10 C:\\Users\\62812\\Documents\\LARAVEL FUNDAMENTAL\\laravel vue ecommerce\\ecommerce\\vendor\\laravel\\framework\\src\\Illuminate\\View\\Engines\\CompilerEngine.php(75): Illuminate\\View\\Engines\\PhpEngine->evaluatePath('C:\\\\Users\\\\62812\\\\...', Array)
#11 C:\\Users\\62812\\Documents\\LARAVEL FUNDAMENTAL\\laravel vue ecommerce\\ecommerce\\vendor\\laravel\\framework\\src\\Illuminate\\View\\View.php(209): Illuminate\\View\\Engines\\CompilerEngine->get('C:\\\\Users\\\\62812\\\\...', Array)
#12 C:\\Users\\62812\\Documents\\LARAVEL FUNDAMENTAL\\laravel vue ecommerce\\ecommerce\\vendor\\laravel\\framework\\src\\Illuminate\\View\\View.php(192): Illuminate\\View\\View->getContents()
#13 C:\\Users\\62812\\Documents\\LARAVEL FUNDAMENTAL\\laravel vue ecommerce\\ecommerce\\vendor\\laravel\\framework\\src\\Illuminate\\View\\View.php(161): Illuminate\\View\\View->renderContents()
#14 C:\\Users\\62812\\Documents\\LARAVEL FUNDAMENTAL\\laravel vue ecommerce\\ecommerce\\vendor\\laravel\\framework\\src\\Illuminate\\View\\Concerns\\ManagesComponents.php(99): Illuminate\\View\\View->render()
#15 C:\\Users\\62812\\Documents\\LARAVEL FUNDAMENTAL\\laravel vue ecommerce\\ecommerce\\storage\\framework\\views\\81f2304a786e2dfc849130d6323387df.php(12): Illuminate\\View\\Factory->renderComponent()
#16 C:\\Users\\62812\\Documents\\LARAVEL FUNDAMENTAL\\laravel vue ecommerce\\ecommerce\\vendor\\laravel\\framework\\src\\Illuminate\\Filesystem\\Filesystem.php(123): require('C:\\\\Users\\\\62812\\\\...')
#17 C:\\Users\\62812\\Documents\\LARAVEL FUNDAMENTAL\\laravel vue ecommerce\\ecommerce\\vendor\\laravel\\framework\\src\\Illuminate\\Filesystem\\Filesystem.php(124): Illuminate\\Filesystem\\Filesystem::Illuminate\\Filesystem\\{closure}()
#18 C:\\Users\\62812\\Documents\\LARAVEL FUNDAMENTAL\\laravel vue ecommerce\\ecommerce\\vendor\\laravel\\framework\\src\\Illuminate\\View\\Engines\\PhpEngine.php(58): Illuminate\\Filesystem\\Filesystem->getRequire('C:\\\\Users\\\\62812\\\\...', Array)
#19 C:\\Users\\62812\\Documents\\LARAVEL FUNDAMENTAL\\laravel vue ecommerce\\ecommerce\\vendor\\laravel\\framework\\src\\Illuminate\\View\\Engines\\CompilerEngine.php(75): Illuminate\\View\\Engines\\PhpEngine->evaluatePath('C:\\\\Users\\\\62812\\\\...', Array)
#20 C:\\Users\\62812\\Documents\\LARAVEL FUNDAMENTAL\\laravel vue ecommerce\\ecommerce\\vendor\\laravel\\framework\\src\\Illuminate\\View\\View.php(209): Illuminate\\View\\Engines\\CompilerEngine->get('C:\\\\Users\\\\62812\\\\...', Array)
#21 C:\\Users\\62812\\Documents\\LARAVEL FUNDAMENTAL\\laravel vue ecommerce\\ecommerce\\vendor\\laravel\\framework\\src\\Illuminate\\View\\View.php(192): Illuminate\\View\\View->getContents()
#22 C:\\Users\\62812\\Documents\\LARAVEL FUNDAMENTAL\\laravel vue ecommerce\\ecommerce\\vendor\\laravel\\framework\\src\\Illuminate\\View\\View.php(161): Illuminate\\View\\View->renderContents()
#23 C:\\Users\\62812\\Documents\\LARAVEL FUNDAMENTAL\\laravel vue ecommerce\\ecommerce\\vendor\\laravel\\framework\\src\\Illuminate\\Http\\Response.php(79): Illuminate\\View\\View->render()
#24 C:\\Users\\62812\\Documents\\LARAVEL FUNDAMENTAL\\laravel vue ecommerce\\ecommerce\\vendor\\laravel\\framework\\src\\Illuminate\\Http\\Response.php(35): Illuminate\\Http\\Response->setContent(Object(Illuminate\\View\\View))
#25 C:\\Users\\62812\\Documents\\LARAVEL FUNDAMENTAL\\laravel vue ecommerce\\ecommerce\\vendor\\laravel\\framework\\src\\Illuminate\\Routing\\Router.php(920): Illuminate\\Http\\Response->__construct(Object(Illuminate\\View\\View), 200, Array)
#26 C:\\Users\\62812\\Documents\\LARAVEL FUNDAMENTAL\\laravel vue ecommerce\\ecommerce\\vendor\\laravel\\framework\\src\\Illuminate\\Routing\\Router.php(887): Illuminate\\Routing\\Router::toResponse(Object(Illuminate\\Http\\Request), Object(Illuminate\\View\\View))
#27 C:\\Users\\62812\\Documents\\LARAVEL FUNDAMENTAL\\laravel vue ecommerce\\ecommerce\\vendor\\laravel\\framework\\src\\Illuminate\\Routing\\Router.php(807): Illuminate\\Routing\\Router->prepareResponse(Object(Illuminate\\Http\\Request), Object(Illuminate\\View\\View))
#28 C:\\Users\\62812\\Documents\\LARAVEL FUNDAMENTAL\\laravel vue ecommerce\\ecommerce\\vendor\\laravel\\framework\\src\\Illuminate\\Pipeline\\Pipeline.php(170): Illuminate\\Routing\\Router->Illuminate\\Routing\\{closure}(Object(Illuminate\\Http\\Request))
#29 C:\\Users\\62812\\Documents\\LARAVEL FUNDAMENTAL\\laravel vue ecommerce\\ecommerce\\vendor\\laravel\\framework\\src\\Illuminate\\Routing\\Middleware\\SubstituteBindings.php(51): Illuminate\\Pipeline\\Pipeline->Illuminate\\Pipeline\\{closure}(Object(Illuminate\\Http\\Request))
#30 C:\\Users\\62812\\Documents\\LARAVEL FUNDAMENTAL\\laravel vue ecommerce\\ecommerce\\vendor\\laravel\\framework\\src\\Illuminate\\Pipeline\\Pipeline.php(209): Illuminate\\Routing\\Middleware\\SubstituteBindings->handle(Object(Illuminate\\Http\\Request), Object(Closure))
#31 C:\\Users\\62812\\Documents\\LARAVEL FUNDAMENTAL\\laravel vue ecommerce\\ecommerce\\vendor\\laravel\\framework\\src\\Illuminate\\Foundation\\Http\\Middleware\\VerifyCsrfToken.php(88): Illuminate\\Pipeline\\Pipeline->Illuminate\\Pipeline\\{closure}(Object(Illuminate\\Http\\Request))
#32 C:\\Users\\62812\\Documents\\LARAVEL FUNDAMENTAL\\laravel vue ecommerce\\ecommerce\\vendor\\laravel\\framework\\src\\Illuminate\\Pipeline\\Pipeline.php(209): Illuminate\\Foundation\\Http\\Middleware\\VerifyCsrfToken->handle(Object(Illuminate\\Http\\Request), Object(Closure))
#33 C:\\Users\\62812\\Documents\\LARAVEL FUNDAMENTAL\\laravel vue ecommerce\\ecommerce\\vendor\\laravel\\framework\\src\\Illuminate\\View\\Middleware\\ShareErrorsFromSession.php(49): Illuminate\\Pipeline\\Pipeline->Illuminate\\Pipeline\\{closure}(Object(Illuminate\\Http\\Request))
#34 C:\\Users\\62812\\Documents\\LARAVEL FUNDAMENTAL\\laravel vue ecommerce\\ecommerce\\vendor\\laravel\\framework\\src\\Illuminate\\Pipeline\\Pipeline.php(209): Illuminate\\View\\Middleware\\ShareErrorsFromSession->handle(Object(Illuminate\\Http\\Request), Object(Closure))
#35 C:\\Users\\62812\\Documents\\LARAVEL FUNDAMENTAL\\laravel vue ecommerce\\ecommerce\\vendor\\laravel\\framework\\src\\Illuminate\\Session\\Middleware\\StartSession.php(121): Illuminate\\Pipeline\\Pipeline->Illuminate\\Pipeline\\{closure}(Object(Illuminate\\Http\\Request))
#36 C:\\Users\\62812\\Documents\\LARAVEL FUNDAMENTAL\\laravel vue ecommerce\\ecommerce\\vendor\\laravel\\framework\\src\\Illuminate\\Session\\Middleware\\StartSession.php(64): Illuminate\\Session\\Middleware\\StartSession->handleStatefulRequest(Object(Illuminate\\Http\\Request), Object(Illuminate\\Session\\Store), Object(Closure))
#37 C:\\Users\\62812\\Documents\\LARAVEL FUNDAMENTAL\\laravel vue ecommerce\\ecommerce\\vendor\\laravel\\framework\\src\\Illuminate\\Pipeline\\Pipeline.php(209): Illuminate\\Session\\Middleware\\StartSession->handle(Object(Illuminate\\Http\\Request), Object(Closure))
#38 C:\\Users\\62812\\Documents\\LARAVEL FUNDAMENTAL\\laravel vue ecommerce\\ecommerce\\vendor\\laravel\\framework\\src\\Illuminate\\Cookie\\Middleware\\AddQueuedCookiesToResponse.php(37): Illuminate\\Pipeline\\Pipeline->Illuminate\\Pipeline\\{closure}(Object(Illuminate\\Http\\Request))
#39 C:\\Users\\62812\\Documents\\LARAVEL FUNDAMENTAL\\laravel vue ecommerce\\ecommerce\\vendor\\laravel\\framework\\src\\Illuminate\\Pipeline\\Pipeline.php(209): Illuminate\\Cookie\\Middleware\\AddQueuedCookiesToResponse->handle(Object(Illuminate\\Http\\Request), Object(Closure))
#40 C:\\Users\\62812\\Documents\\LARAVEL FUNDAMENTAL\\laravel vue ecommerce\\ecommerce\\vendor\\laravel\\framework\\src\\Illuminate\\Cookie\\Middleware\\EncryptCookies.php(75): Illuminate\\Pipeline\\Pipeline->Illuminate\\Pipeline\\{closure}(Object(Illuminate\\Http\\Request))
#41 C:\\Users\\62812\\Documents\\LARAVEL FUNDAMENTAL\\laravel vue ecommerce\\ecommerce\\vendor\\laravel\\framework\\src\\Illuminate\\Pipeline\\Pipeline.php(209): Illuminate\\Cookie\\Middleware\\EncryptCookies->handle(Object(Illuminate\\Http\\Request), Object(Closure))
#42 C:\\Users\\62812\\Documents\\LARAVEL FUNDAMENTAL\\laravel vue ecommerce\\ecommerce\\vendor\\laravel\\framework\\src\\Illuminate\\Pipeline\\Pipeline.php(127): Illuminate\\Pipeline\\Pipeline->Illuminate\\Pipeline\\{closure}(Object(Illuminate\\Http\\Request))
#43 C:\\Users\\62812\\Documents\\LARAVEL FUNDAMENTAL\\laravel vue ecommerce\\ecommerce\\vendor\\laravel\\framework\\src\\Illuminate\\Routing\\Router.php(807): Illuminate\\Pipeline\\Pipeline->then(Object(Closure))
#44 C:\\Users\\62812\\Documents\\LARAVEL FUNDAMENTAL\\laravel vue ecommerce\\ecommerce\\vendor\\laravel\\framework\\src\\Illuminate\\Routing\\Router.php(786): Illuminate\\Routing\\Router->runRouteWithinStack(Object(Illuminate\\Routing\\Route), Object(Illuminate\\Http\\Request))
#45 C:\\Users\\62812\\Documents\\LARAVEL FUNDAMENTAL\\laravel vue ecommerce\\ecommerce\\vendor\\laravel\\framework\\src\\Illuminate\\Routing\\Router.php(750): Illuminate\\Routing\\Router->runRoute(Object(Illuminate\\Http\\Request), Object(Illuminate\\Routing\\Route))
#46 C:\\Users\\62812\\Documents\\LARAVEL FUNDAMENTAL\\laravel vue ecommerce\\ecommerce\\vendor\\laravel\\framework\\src\\Illuminate\\Routing\\Router.php(739): Illuminate\\Routing\\Router->dispatchToRoute(Object(Illuminate\\Http\\Request))
#47 C:\\Users\\62812\\Documents\\LARAVEL FUNDAMENTAL\\laravel vue ecommerce\\ecommerce\\vendor\\laravel\\framework\\src\\Illuminate\\Foundation\\Http\\Kernel.php(201): Illuminate\\Routing\\Router->dispatch(Object(Illuminate\\Http\\Request))
#48 C:\\Users\\62812\\Documents\\LARAVEL FUNDAMENTAL\\laravel vue ecommerce\\ecommerce\\vendor\\laravel\\framework\\src\\Illuminate\\Pipeline\\Pipeline.php(170): Illuminate\\Foundation\\Http\\Kernel->Illuminate\\Foundation\\Http\\{closure}(Object(Illuminate\\Http\\Request))
#49 C:\\Users\\62812\\Documents\\LARAVEL FUNDAMENTAL\\laravel vue ecommerce\\ecommerce\\vendor\\laravel\\framework\\src\\Illuminate\\Foundation\\Http\\Middleware\\TransformsRequest.php(21): Illuminate\\Pipeline\\Pipeline->Illuminate\\Pipeline\\{closure}(Object(Illuminate\\Http\\Request))
#50 C:\\Users\\62812\\Documents\\LARAVEL FUNDAMENTAL\\laravel vue ecommerce\\ecommerce\\vendor\\laravel\\framework\\src\\Illuminate\\Foundation\\Http\\Middleware\\ConvertEmptyStringsToNull.php(31): Illuminate\\Foundation\\Http\\Middleware\\TransformsRequest->handle(Object(Illuminate\\Http\\Request), Object(Closure))
#51 C:\\Users\\62812\\Documents\\LARAVEL FUNDAMENTAL\\laravel vue ecommerce\\ecommerce\\vendor\\laravel\\framework\\src\\Illuminate\\Pipeline\\Pipeline.php(209): Illuminate\\Foundation\\Http\\Middleware\\ConvertEmptyStringsToNull->handle(Object(Illuminate\\Http\\Request), Object(Closure))
#52 C:\\Users\\62812\\Documents\\LARAVEL FUNDAMENTAL\\laravel vue ecommerce\\ecommerce\\vendor\\laravel\\framework\\src\\Illuminate\\Foundation\\Http\\Middleware\\TransformsRequest.php(21): Illuminate\\Pipeline\\Pipeline->Illuminate\\Pipeline\\{closure}(Object(Illuminate\\Http\\Request))
#53 C:\\Users\\62812\\Documents\\LARAVEL FUNDAMENTAL\\laravel vue ecommerce\\ecommerce\\vendor\\laravel\\framework\\src\\Illuminate\\Foundation\\Http\\Middleware\\TrimStrings.php(51): Illuminate\\Foundation\\Http\\Middleware\\TransformsRequest->handle(Object(Illuminate\\Http\\Request), Object(Closure))
#54 C:\\Users\\62812\\Documents\\LARAVEL FUNDAMENTAL\\laravel vue ecommerce\\ecommerce\\vendor\\laravel\\framework\\src\\Illuminate\\Pipeline\\Pipeline.php(209): Illuminate\\Foundation\\Http\\Middleware\\TrimStrings->handle(Object(Illuminate\\Http\\Request), Object(Closure))
#55 C:\\Users\\62812\\Documents\\LARAVEL FUNDAMENTAL\\laravel vue ecommerce\\ecommerce\\vendor\\laravel\\framework\\src\\Illuminate\\Http\\Middleware\\ValidatePostSize.php(27): Illuminate\\Pipeline\\Pipeline->Illuminate\\Pipeline\\{closure}(Object(Illuminate\\Http\\Request))
#56 C:\\Users\\62812\\Documents\\LARAVEL FUNDAMENTAL\\laravel vue ecommerce\\ecommerce\\vendor\\laravel\\framework\\src\\Illuminate\\Pipeline\\Pipeline.php(209): Illuminate\\Http\\Middleware\\ValidatePostSize->handle(Object(Illuminate\\Http\\Request), Object(Closure))
#57 C:\\Users\\62812\\Documents\\LARAVEL FUNDAMENTAL\\laravel vue ecommerce\\ecommerce\\vendor\\laravel\\framework\\src\\Illuminate\\Foundation\\Http\\Middleware\\PreventRequestsDuringMaintenance.php(110): Illuminate\\Pipeline\\Pipeline->Illuminate\\Pipeline\\{closure}(Object(Illuminate\\Http\\Request))
#58 C:\\Users\\62812\\Documents\\LARAVEL FUNDAMENTAL\\laravel vue ecommerce\\ecommerce\\vendor\\laravel\\framework\\src\\Illuminate\\Pipeline\\Pipeline.php(209): Illuminate\\Foundation\\Http\\Middleware\\PreventRequestsDuringMaintenance->handle(Object(Illuminate\\Http\\Request), Object(Closure))
#59 C:\\Users\\62812\\Documents\\LARAVEL FUNDAMENTAL\\laravel vue ecommerce\\ecommerce\\vendor\\laravel\\framework\\src\\Illuminate\\Http\\Middleware\\HandleCors.php(49): Illuminate\\Pipeline\\Pipeline->Illuminate\\Pipeline\\{closure}(Object(Illuminate\\Http\\Request))
#60 C:\\Users\\62812\\Documents\\LARAVEL FUNDAMENTAL\\laravel vue ecommerce\\ecommerce\\vendor\\laravel\\framework\\src\\Illuminate\\Pipeline\\Pipeline.php(209): Illuminate\\Http\\Middleware\\HandleCors->handle(Object(Illuminate\\Http\\Request), Object(Closure))
#61 C:\\Users\\62812\\Documents\\LARAVEL FUNDAMENTAL\\laravel vue ecommerce\\ecommerce\\vendor\\laravel\\framework\\src\\Illuminate\\Http\\Middleware\\TrustProxies.php(58): Illuminate\\Pipeline\\Pipeline->Illuminate\\Pipeline\\{closure}(Object(Illuminate\\Http\\Request))
#62 C:\\Users\\62812\\Documents\\LARAVEL FUNDAMENTAL\\laravel vue ecommerce\\ecommerce\\vendor\\laravel\\framework\\src\\Illuminate\\Pipeline\\Pipeline.php(209): Illuminate\\Http\\Middleware\\TrustProxies->handle(Object(Illuminate\\Http\\Request), Object(Closure))
#63 C:\\Users\\62812\\Documents\\LARAVEL FUNDAMENTAL\\laravel vue ecommerce\\ecommerce\\vendor\\laravel\\framework\\src\\Illuminate\\Foundation\\Http\\Middleware\\InvokeDeferredCallbacks.php(22): Illuminate\\Pipeline\\Pipeline->Illuminate\\Pipeline\\{closure}(Object(Illuminate\\Http\\Request))
#64 C:\\Users\\62812\\Documents\\LARAVEL FUNDAMENTAL\\laravel vue ecommerce\\ecommerce\\vendor\\laravel\\framework\\src\\Illuminate\\Pipeline\\Pipeline.php(209): Illuminate\\Foundation\\Http\\Middleware\\InvokeDeferredCallbacks->handle(Object(Illuminate\\Http\\Request), Object(Closure))
#65 C:\\Users\\62812\\Documents\\LARAVEL FUNDAMENTAL\\laravel vue ecommerce\\ecommerce\\vendor\\laravel\\framework\\src\\Illuminate\\Pipeline\\Pipeline.php(127): Illuminate\\Pipeline\\Pipeline->Illuminate\\Pipeline\\{closure}(Object(Illuminate\\Http\\Request))
#66 C:\\Users\\62812\\Documents\\LARAVEL FUNDAMENTAL\\laravel vue ecommerce\\ecommerce\\vendor\\laravel\\framework\\src\\Illuminate\\Foundation\\Http\\Kernel.php(176): Illuminate\\Pipeline\\Pipeline->then(Object(Closure))
#67 C:\\Users\\62812\\Documents\\LARAVEL FUNDAMENTAL\\laravel vue ecommerce\\ecommerce\\vendor\\laravel\\framework\\src\\Illuminate\\Foundation\\Http\\Kernel.php(145): Illuminate\\Foundation\\Http\\Kernel->sendRequestThroughRouter(Object(Illuminate\\Http\\Request))
#68 C:\\Users\\62812\\Documents\\LARAVEL FUNDAMENTAL\\laravel vue ecommerce\\ecommerce\\vendor\\laravel\\framework\\src\\Illuminate\\Foundation\\Application.php(1220): Illuminate\\Foundation\\Http\\Kernel->handle(Object(Illuminate\\Http\\Request))
#69 C:\\Users\\62812\\Documents\\LARAVEL FUNDAMENTAL\\laravel vue ecommerce\\ecommerce\\public\\index.php(17): Illuminate\\Foundation\\Application->handleRequest(Object(Illuminate\\Http\\Request))
#70 C:\\Users\\62812\\Documents\\LARAVEL FUNDAMENTAL\\laravel vue ecommerce\\ecommerce\\vendor\\laravel\\framework\\src\\Illuminate\\Foundation\\resources\\server.php(23): require_once('C:\\\\Users\\\\62812\\\\...')
#71 {main}
"} 
[2025-12-15 06:12:37] local.ERROR: syntax error, unexpected token ")" {"view":{"view":"C:\\Users\\62812\\Documents\\LARAVEL FUNDAMENTAL\\laravel vue ecommerce\\ecommerce\\resources\\views\\layouts\\navigation.blade.php","data":{"errors":"<pre class=sf-dump id=sf-dump-1366475182 data-indent-pad=\"  \"><span class=sf-dump-note>Illuminate\\Support\\ViewErrorBag</span> {<a class=sf-dump-ref>#1286</a><samp data-depth=1 class=sf-dump-expanded>
  #<span class=sf-dump-protected title=\"Protected property\">bags</span>: []
</samp>}
</pre><script>Sfdump(\"sf-dump-1366475182\", {\"maxDepth\":3,\"maxStringLength\":160})</script>
","componentName":"<pre class=sf-dump id=sf-dump-326010636 data-indent-pad=\"  \">\"<span class=sf-dump-str title=\"10 characters\">app-layout</span>\"
</pre><script>Sfdump(\"sf-dump-326010636\", {\"maxDepth\":3,\"maxStringLength\":160})</script>
","attributes":"<pre class=sf-dump id=sf-dump-476749581 data-indent-pad=\"  \"><span class=sf-dump-note>Illuminate\\View\\ComponentAttributeBag</span> {<a class=sf-dump-ref>#1308</a><samp data-depth=1 class=sf-dump-expanded>
  #<span class=sf-dump-protected title=\"Protected property\">attributes</span>: []
</samp>}
</pre><script>Sfdump(\"sf-dump-476749581\", {\"maxDepth\":3,\"maxStringLength\":160})</script>
","ignoredParameterNames":"<pre class=sf-dump id=sf-dump-2090575474 data-indent-pad=\"  \"><span class=sf-dump-note>Illuminate\\View\\InvokableComponentVariable</span> {<a class=sf-dump-ref>#1322</a><samp data-depth=1 class=sf-dump-expanded>
  #<span class=sf-dump-protected title=\"Protected property\">callable</span>: <span class=sf-dump-note>Closure()</span> {<a class=sf-dump-ref>#1321</a><samp data-depth=2 class=sf-dump-compact>
    <span class=sf-dump-meta>class</span>: \"<span class=\"sf-dump-str sf-dump-ellipsization\" title=\"App\\View\\Components\\AppLayout
29 characters\"><span class=\"sf-dump-ellipsis sf-dump-ellipsis-class\">App\\View\\Components</span><span class=\"sf-dump-ellipsis sf-dump-ellipsis-class\">\\</span><span class=\"sf-dump-ellipsis-tail\">AppLayout</span></span>\"
    <span class=sf-dump-meta>this</span>: <span class=\"sf-dump-note sf-dump-ellipsization\" title=\"App\\View\\Components\\AppLayout
\"><span class=\"sf-dump-ellipsis sf-dump-ellipsis-note\">App\\View\\Components</span><span class=\"sf-dump-ellipsis sf-dump-ellipsis-note\">\\</span><span class=\"sf-dump-ellipsis-tail\">AppLayout</span></span> {<a class=sf-dump-ref>#1306</a> &#8230;}
    <span class=sf-dump-meta>use</span>: {<samp data-depth=3 class=sf-dump-compact>
      <span class=sf-dump-meta>$method</span>: \"<span class=sf-dump-str title=\"21 characters\">ignoredParameterNames</span>\"
    </samp>}
    <span class=sf-dump-meta>file</span>: \"<span class=\"sf-dump-str sf-dump-ellipsization\" title=\"C:\\Users\\62812\\Documents\\LARAVEL FUNDAMENTAL\\laravel vue ecommerce\\ecommerce\\vendor\\laravel\\framework\\src\\Illuminate\\View\\Component.php
135 characters\"><span class=\"sf-dump-ellipsis sf-dump-ellipsis-path\">C:\\Users\\62812\\Documents\\LARAVEL FUNDAMENTAL\\laravel vue ecommerce\\ecommerce\\vendor</span><span class=\"sf-dump-ellipsis sf-dump-ellipsis-path\">\\laravel\\framework\\</span><span class=\"sf-dump-ellipsis-tail\">src\\Illuminate\\View\\Component.php</span></span>\"
    <span class=sf-dump-meta>line</span>: \"<span class=sf-dump-str title=\"10 characters\">303 to 305</span>\"
  </samp>}
</samp>}
</pre><script>Sfdump(\"sf-dump-2090575474\", {\"maxDepth\":3,\"maxStringLength\":160})</script>
","slot":"<pre class=sf-dump id=sf-dump-195580900 data-indent-pad=\"  \"><span class=sf-dump-note>Illuminate\\View\\ComponentSlot</span> {<a class=sf-dump-ref>#1309</a><samp data-depth=1 class=sf-dump-expanded>
  +<span class=sf-dump-public title=\"Public property\">attributes</span>: <span class=\"sf-dump-note sf-dump-ellipsization\" title=\"Illuminate\\View\\ComponentAttributeBag
\"><span class=\"sf-dump-ellipsis sf-dump-ellipsis-note\">Illuminate\\View</span><span class=\"sf-dump-ellipsis sf-dump-ellipsis-note\">\\</span><span class=\"sf-dump-ellipsis-tail\">ComponentAttributeBag</span></span> {<a class=sf-dump-ref>#1319</a><samp data-depth=2 class=sf-dump-compact>
    #<span class=sf-dump-protected title=\"Protected property\">attributes</span>: []
  </samp>}
  #<span class=sf-dump-protected title=\"Protected property\">contents</span>: \"<span class=sf-dump-str title=\"7 characters\">welcome</span>\"
</samp>}
</pre><script>Sfdump(\"sf-dump-195580900\", {\"maxDepth\":3,\"maxStringLength\":160})</script>
","__laravel_slots":"<pre class=sf-dump id=sf-dump-230206633 data-indent-pad=\"  \"><span class=sf-dump-note>array:1</span> [<samp data-depth=1 class=sf-dump-expanded>
  \"<span class=sf-dump-key>__default</span>\" => <span class=\"sf-dump-note sf-dump-ellipsization\" title=\"Illuminate\\View\\ComponentSlot
\"><span class=\"sf-dump-ellipsis sf-dump-ellipsis-note\">Illuminate\\View</span><span class=\"sf-dump-ellipsis sf-dump-ellipsis-note\">\\</span><span class=\"sf-dump-ellipsis-tail\">ComponentSlot</span></span> {<a class=sf-dump-ref>#1309</a><samp data-depth=2 class=sf-dump-compact>
    +<span class=sf-dump-public title=\"Public property\">attributes</span>: <span class=\"sf-dump-note sf-dump-ellipsization\" title=\"Illuminate\\View\\ComponentAttributeBag
\"><span class=\"sf-dump-ellipsis sf-dump-ellipsis-note\">Illuminate\\View</span><span class=\"sf-dump-ellipsis sf-dump-ellipsis-note\">\\</span><span class=\"sf-dump-ellipsis-tail\">ComponentAttributeBag</span></span> {<a class=sf-dump-ref>#1319</a><samp data-depth=3 class=sf-dump-compact>
      #<span class=sf-dump-protected title=\"Protected property\">attributes</span>: []
    </samp>}
    #<span class=sf-dump-protected title=\"Protected property\">contents</span>: \"<span class=sf-dump-str title=\"7 characters\">welcome</span>\"
  </samp>}
</samp>]
</pre><script>Sfdump(\"sf-dump-230206633\", {\"maxDepth\":3,\"maxStringLength\":160})</script>
"}},"exception":"[object] (Spatie\\LaravelIgnition\\Exceptions\\ViewException(code: 0): syntax error, unexpected token \")\" at C:\\Users\\62812\\Documents\\LARAVEL FUNDAMENTAL\\laravel vue ecommerce\\ecommerce\\resources\\views\\layouts\\navigation.blade.php:138)
[stacktrace]
#0 C:\\Users\\62812\\Documents\\LARAVEL FUNDAMENTAL\\laravel vue ecommerce\\ecommerce\\vendor\\laravel\\framework\\src\\Illuminate\\Filesystem\\Filesystem.php(123): require('C:\\\\Users\\\\62812\\\\...')
#1 C:\\Users\\62812\\Documents\\LARAVEL FUNDAMENTAL\\laravel vue ecommerce\\ecommerce\\vendor\\laravel\\framework\\src\\Illuminate\\Filesystem\\Filesystem.php(124): Illuminate\\Filesystem\\Filesystem::Illuminate\\Filesystem\\{closure}()
#2 C:\\Users\\62812\\Documents\\LARAVEL FUNDAMENTAL\\laravel vue ecommerce\\ecommerce\\vendor\\laravel\\framework\\src\\Illuminate\\View\\Engines\\PhpEngine.php(58): Illuminate\\Filesystem\\Filesystem->getRequire('C:\\\\Users\\\\62812\\\\...', Array)
#3 C:\\Users\\62812\\Documents\\LARAVEL FUNDAMENTAL\\laravel vue ecommerce\\ecommerce\\vendor\\laravel\\framework\\src\\Illuminate\\View\\Engines\\CompilerEngine.php(75): Illuminate\\View\\Engines\\PhpEngine->evaluatePath('C:\\\\Users\\\\62812\\\\...', Array)
#4 C:\\Users\\62812\\Documents\\LARAVEL FUNDAMENTAL\\laravel vue ecommerce\\ecommerce\\vendor\\laravel\\framework\\src\\Illuminate\\View\\View.php(209): Illuminate\\View\\Engines\\CompilerEngine->get('C:\\\\Users\\\\62812\\\\...', Array)
#5 C:\\Users\\62812\\Documents\\LARAVEL FUNDAMENTAL\\laravel vue ecommerce\\ecommerce\\vendor\\laravel\\framework\\src\\Illuminate\\View\\View.php(192): Illuminate\\View\\View->getContents()
#6 C:\\Users\\62812\\Documents\\LARAVEL FUNDAMENTAL\\laravel vue ecommerce\\ecommerce\\vendor\\laravel\\framework\\src\\Illuminate\\View\\View.php(161): Illuminate\\View\\View->renderContents()
#7 C:\\Users\\62812\\Documents\\LARAVEL FUNDAMENTAL\\laravel vue ecommerce\\ecommerce\\vendor\\laravel\\framework\\src\\Illuminate\\View\\Concerns\\ManagesComponents.php(99): Illuminate\\View\\View->render()
#8 C:\\Users\\62812\\Documents\\LARAVEL FUNDAMENTAL\\laravel vue ecommerce\\ecommerce\\resources\\views\\welcome.blade.php(1): Illuminate\\View\\Factory->renderComponent()
#9 C:\\Users\\62812\\Documents\\LARAVEL FUNDAMENTAL\\laravel vue ecommerce\\ecommerce\\vendor\\laravel\\framework\\src\\Illuminate\\Filesystem\\Filesystem.php(123): require('C:\\\\Users\\\\62812\\\\...')
#10 C:\\Users\\62812\\Documents\\LARAVEL FUNDAMENTAL\\laravel vue ecommerce\\ecommerce\\vendor\\laravel\\framework\\src\\Illuminate\\Filesystem\\Filesystem.php(124): Illuminate\\Filesystem\\Filesystem::Illuminate\\Filesystem\\{closure}()
#11 C:\\Users\\62812\\Documents\\LARAVEL FUNDAMENTAL\\laravel vue ecommerce\\ecommerce\\vendor\\laravel\\framework\\src\\Illuminate\\View\\Engines\\PhpEngine.php(58): Illuminate\\Filesystem\\Filesystem->getRequire('C:\\\\Users\\\\62812\\\\...', Array)
#12 C:\\Users\\62812\\Documents\\LARAVEL FUNDAMENTAL\\laravel vue ecommerce\\ecommerce\\vendor\\laravel\\framework\\src\\Illuminate\\View\\Engines\\CompilerEngine.php(75): Illuminate\\View\\Engines\\PhpEngine->evaluatePath('C:\\\\Users\\\\62812\\\\...', Array)
#13 C:\\Users\\62812\\Documents\\LARAVEL FUNDAMENTAL\\laravel vue ecommerce\\ecommerce\\vendor\\laravel\\framework\\src\\Illuminate\\View\\View.php(209): Illuminate\\View\\Engines\\CompilerEngine->get('C:\\\\Users\\\\62812\\\\...', Array)
#14 C:\\Users\\62812\\Documents\\LARAVEL FUNDAMENTAL\\laravel vue ecommerce\\ecommerce\\vendor\\laravel\\framework\\src\\Illuminate\\View\\View.php(192): Illuminate\\View\\View->getContents()
#15 C:\\Users\\62812\\Documents\\LARAVEL FUNDAMENTAL\\laravel vue ecommerce\\ecommerce\\vendor\\laravel\\framework\\src\\Illuminate\\View\\View.php(161): Illuminate\\View\\View->renderContents()
#16 C:\\Users\\62812\\Documents\\LARAVEL FUNDAMENTAL\\laravel vue ecommerce\\ecommerce\\vendor\\laravel\\framework\\src\\Illuminate\\Http\\Response.php(79): Illuminate\\View\\View->render()
#17 C:\\Users\\62812\\Documents\\LARAVEL FUNDAMENTAL\\laravel vue ecommerce\\ecommerce\\vendor\\laravel\\framework\\src\\Illuminate\\Http\\Response.php(35): Illuminate\\Http\\Response->setContent(Object(Illuminate\\View\\View))
#18 C:\\Users\\62812\\Documents\\LARAVEL FUNDAMENTAL\\laravel vue ecommerce\\ecommerce\\vendor\\laravel\\framework\\src\\Illuminate\\Routing\\Router.php(920): Illuminate\\Http\\Response->__construct(Object(Illuminate\\View\\View), 200, Array)
#19 C:\\Users\\62812\\Documents\\LARAVEL FUNDAMENTAL\\laravel vue ecommerce\\ecommerce\\vendor\\laravel\\framework\\src\\Illuminate\\Routing\\Router.php(887): Illuminate\\Routing\\Router::toResponse(Object(Illuminate\\Http\\Request), Object(Illuminate\\View\\View))
#20 C:\\Users\\62812\\Documents\\LARAVEL FUNDAMENTAL\\laravel vue ecommerce\\ecommerce\\vendor\\laravel\\framework\\src\\Illuminate\\Routing\\Router.php(807): Illuminate\\Routing\\Router->prepareResponse(Object(Illuminate\\Http\\Request), Object(Illuminate\\View\\View))
#21 C:\\Users\\62812\\Documents\\LARAVEL FUNDAMENTAL\\laravel vue ecommerce\\ecommerce\\vendor\\laravel\\framework\\src\\Illuminate\\Pipeline\\Pipeline.php(170): Illuminate\\Routing\\Router->Illuminate\\Routing\\{closure}(Object(Illuminate\\Http\\Request))
#22 C:\\Users\\62812\\Documents\\LARAVEL FUNDAMENTAL\\laravel vue ecommerce\\ecommerce\\vendor\\laravel\\framework\\src\\Illuminate\\Routing\\Middleware\\SubstituteBindings.php(51): Illuminate\\Pipeline\\Pipeline->Illuminate\\Pipeline\\{closure}(Object(Illuminate\\Http\\Request))
#23 C:\\Users\\62812\\Documents\\LARAVEL FUNDAMENTAL\\laravel vue ecommerce\\ecommerce\\vendor\\laravel\\framework\\src\\Illuminate\\Pipeline\\Pipeline.php(209): Illuminate\\Routing\\Middleware\\SubstituteBindings->handle(Object(Illuminate\\Http\\Request), Object(Closure))
#24 C:\\Users\\62812\\Documents\\LARAVEL FUNDAMENTAL\\laravel vue ecommerce\\ecommerce\\vendor\\laravel\\framework\\src\\Illuminate\\Foundation\\Http\\Middleware\\VerifyCsrfToken.php(88): Illuminate\\Pipeline\\Pipeline->Illuminate\\Pipeline\\{closure}(Object(Illuminate\\Http\\Request))
#25 C:\\Users\\62812\\Documents\\LARAVEL FUNDAMENTAL\\laravel vue ecommerce\\ecommerce\\vendor\\laravel\\framework\\src\\Illuminate\\Pipeline\\Pipeline.php(209): Illuminate\\Foundation\\Http\\Middleware\\VerifyCsrfToken->handle(Object(Illuminate\\Http\\Request), Object(Closure))
#26 C:\\Users\\62812\\Documents\\LARAVEL FUNDAMENTAL\\laravel vue ecommerce\\ecommerce\\vendor\\laravel\\framework\\src\\Illuminate\\View\\Middleware\\ShareErrorsFromSession.php(49): Illuminate\\Pipeline\\Pipeline->Illuminate\\Pipeline\\{closure}(Object(Illuminate\\Http\\Request))
#27 C:\\Users\\62812\\Documents\\LARAVEL FUNDAMENTAL\\laravel vue ecommerce\\ecommerce\\vendor\\laravel\\framework\\src\\Illuminate\\Pipeline\\Pipeline.php(209): Illuminate\\View\\Middleware\\ShareErrorsFromSession->handle(Object(Illuminate\\Http\\Request), Object(Closure))
#28 C:\\Users\\62812\\Documents\\LARAVEL FUNDAMENTAL\\laravel vue ecommerce\\ecommerce\\vendor\\laravel\\framework\\src\\Illuminate\\Session\\Middleware\\StartSession.php(121): Illuminate\\Pipeline\\Pipeline->Illuminate\\Pipeline\\{closure}(Object(Illuminate\\Http\\Request))
#29 C:\\Users\\62812\\Documents\\LARAVEL FUNDAMENTAL\\laravel vue ecommerce\\ecommerce\\vendor\\laravel\\framework\\src\\Illuminate\\Session\\Middleware\\StartSession.php(64): Illuminate\\Session\\Middleware\\StartSession->handleStatefulRequest(Object(Illuminate\\Http\\Request), Object(Illuminate\\Session\\Store), Object(Closure))
#30 C:\\Users\\62812\\Documents\\LARAVEL FUNDAMENTAL\\laravel vue ecommerce\\ecommerce\\vendor\\laravel\\framework\\src\\Illuminate\\Pipeline\\Pipeline.php(209): Illuminate\\Session\\Middleware\\StartSession->handle(Object(Illuminate\\Http\\Request), Object(Closure))
#31 C:\\Users\\62812\\Documents\\LARAVEL FUNDAMENTAL\\laravel vue ecommerce\\ecommerce\\vendor\\laravel\\framework\\src\\Illuminate\\Cookie\\Middleware\\AddQueuedCookiesToResponse.php(37): Illuminate\\Pipeline\\Pipeline->Illuminate\\Pipeline\\{closure}(Object(Illuminate\\Http\\Request))
#32 C:\\Users\\62812\\Documents\\LARAVEL FUNDAMENTAL\\laravel vue ecommerce\\ecommerce\\vendor\\laravel\\framework\\src\\Illuminate\\Pipeline\\Pipeline.php(209): Illuminate\\Cookie\\Middleware\\AddQueuedCookiesToResponse->handle(Object(Illuminate\\Http\\Request), Object(Closure))
#33 C:\\Users\\62812\\Documents\\LARAVEL FUNDAMENTAL\\laravel vue ecommerce\\ecommerce\\vendor\\laravel\\framework\\src\\Illuminate\\Cookie\\Middleware\\EncryptCookies.php(75): Illuminate\\Pipeline\\Pipeline->Illuminate\\Pipeline\\{closure}(Object(Illuminate\\Http\\Request))
#34 C:\\Users\\62812\\Documents\\LARAVEL FUNDAMENTAL\\laravel vue ecommerce\\ecommerce\\vendor\\laravel\\framework\\src\\Illuminate\\Pipeline\\Pipeline.php(209): Illuminate\\Cookie\\Middleware\\EncryptCookies->handle(Object(Illuminate\\Http\\Request), Object(Closure))
#35 C:\\Users\\62812\\Documents\\LARAVEL FUNDAMENTAL\\laravel vue ecommerce\\ecommerce\\vendor\\laravel\\framework\\src\\Illuminate\\Pipeline\\Pipeline.php(127): Illuminate\\Pipeline\\Pipeline->Illuminate\\Pipeline\\{closure}(Object(Illuminate\\Http\\Request))
#36 C:\\Users\\62812\\Documents\\LARAVEL FUNDAMENTAL\\laravel vue ecommerce\\ecommerce\\vendor\\laravel\\framework\\src\\Illuminate\\Routing\\Router.php(807): Illuminate\\Pipeline\\Pipeline->then(Object(Closure))
#37 C:\\Users\\62812\\Documents\\LARAVEL FUNDAMENTAL\\laravel vue ecommerce\\ecommerce\\vendor\\laravel\\framework\\src\\Illuminate\\Routing\\Router.php(786): Illuminate\\Routing\\Router->runRouteWithinStack(Object(Illuminate\\Routing\\Route), Object(Illuminate\\Http\\Request))
#38 C:\\Users\\62812\\Documents\\LARAVEL FUNDAMENTAL\\laravel vue ecommerce\\ecommerce\\vendor\\laravel\\framework\\src\\Illuminate\\Routing\\Router.php(750): Illuminate\\Routing\\Router->runRoute(Object(Illuminate\\Http\\Request), Object(Illuminate\\Routing\\Route))
#39 C:\\Users\\62812\\Documents\\LARAVEL FUNDAMENTAL\\laravel vue ecommerce\\ecommerce\\vendor\\laravel\\framework\\src\\Illuminate\\Routing\\Router.php(739): Illuminate\\Routing\\Router->dispatchToRoute(Object(Illuminate\\Http\\Request))
#40 C:\\Users\\62812\\Documents\\LARAVEL FUNDAMENTAL\\laravel vue ecommerce\\ecommerce\\vendor\\laravel\\framework\\src\\Illuminate\\Foundation\\Http\\Kernel.php(201): Illuminate\\Routing\\Router->dispatch(Object(Illuminate\\Http\\Request))
#41 C:\\Users\\62812\\Documents\\LARAVEL FUNDAMENTAL\\laravel vue ecommerce\\ecommerce\\vendor\\laravel\\framework\\src\\Illuminate\\Pipeline\\Pipeline.php(170): Illuminate\\Foundation\\Http\\Kernel->Illuminate\\Foundation\\Http\\{closure}(Object(Illuminate\\Http\\Request))
#42 C:\\Users\\62812\\Documents\\LARAVEL FUNDAMENTAL\\laravel vue ecommerce\\ecommerce\\vendor\\laravel\\framework\\src\\Illuminate\\Foundation\\Http\\Middleware\\TransformsRequest.php(21): Illuminate\\Pipeline\\Pipeline->Illuminate\\Pipeline\\{closure}(Object(Illuminate\\Http\\Request))
#43 C:\\Users\\62812\\Documents\\LARAVEL FUNDAMENTAL\\laravel vue ecommerce\\ecommerce\\vendor\\laravel\\framework\\src\\Illuminate\\Foundation\\Http\\Middleware\\ConvertEmptyStringsToNull.php(31): Illuminate\\Foundation\\Http\\Middleware\\TransformsRequest->handle(Object(Illuminate\\Http\\Request), Object(Closure))
#44 C:\\Users\\62812\\Documents\\LARAVEL FUNDAMENTAL\\laravel vue ecommerce\\ecommerce\\vendor\\laravel\\framework\\src\\Illuminate\\Pipeline\\Pipeline.php(209): Illuminate\\Foundation\\Http\\Middleware\\ConvertEmptyStringsToNull->handle(Object(Illuminate\\Http\\Request), Object(Closure))
#45 C:\\Users\\62812\\Documents\\LARAVEL FUNDAMENTAL\\laravel vue ecommerce\\ecommerce\\vendor\\laravel\\framework\\src\\Illuminate\\Foundation\\Http\\Middleware\\TransformsRequest.php(21): Illuminate\\Pipeline\\Pipeline->Illuminate\\Pipeline\\{closure}(Object(Illuminate\\Http\\Request))
#46 C:\\Users\\62812\\Documents\\LARAVEL FUNDAMENTAL\\laravel vue ecommerce\\ecommerce\\vendor\\laravel\\framework\\src\\Illuminate\\Foundation\\Http\\Middleware\\TrimStrings.php(51): Illuminate\\Foundation\\Http\\Middleware\\TransformsRequest->handle(Object(Illuminate\\Http\\Request), Object(Closure))
#47 C:\\Users\\62812\\Documents\\LARAVEL FUNDAMENTAL\\laravel vue ecommerce\\ecommerce\\vendor\\laravel\\framework\\src\\Illuminate\\Pipeline\\Pipeline.php(209): Illuminate\\Foundation\\Http\\Middleware\\TrimStrings->handle(Object(Illuminate\\Http\\Request), Object(Closure))
#48 C:\\Users\\62812\\Documents\\LARAVEL FUNDAMENTAL\\laravel vue ecommerce\\ecommerce\\vendor\\laravel\\framework\\src\\Illuminate\\Http\\Middleware\\ValidatePostSize.php(27): Illuminate\\Pipeline\\Pipeline->Illuminate\\Pipeline\\{closure}(Object(Illuminate\\Http\\Request))
#49 C:\\Users\\62812\\Documents\\LARAVEL FUNDAMENTAL\\laravel vue ecommerce\\ecommerce\\vendor\\laravel\\framework\\src\\Illuminate\\Pipeline\\Pipeline.php(209): Illuminate\\Http\\Middleware\\ValidatePostSize->handle(Object(Illuminate\\Http\\Request), Object(Closure))
#50 C:\\Users\\62812\\Documents\\LARAVEL FUNDAMENTAL\\laravel vue ecommerce\\ecommerce\\vendor\\laravel\\framework\\src\\Illuminate\\Foundation\\Http\\Middleware\\PreventRequestsDuringMaintenance.php(110): Illuminate\\Pipeline\\Pipeline->Illuminate\\Pipeline\\{closure}(Object(Illuminate\\Http\\Request))
#51 C:\\Users\\62812\\Documents\\LARAVEL FUNDAMENTAL\\laravel vue ecommerce\\ecommerce\\vendor\\laravel\\framework\\src\\Illuminate\\Pipeline\\Pipeline.php(209): Illuminate\\Foundation\\Http\\Middleware\\PreventRequestsDuringMaintenance->handle(Object(Illuminate\\Http\\Request), Object(Closure))
#52 C:\\Users\\62812\\Documents\\LARAVEL FUNDAMENTAL\\laravel vue ecommerce\\ecommerce\\vendor\\laravel\\framework\\src\\Illuminate\\Http\\Middleware\\HandleCors.php(49): Illuminate\\Pipeline\\Pipeline->Illuminate\\Pipeline\\{closure}(Object(Illuminate\\Http\\Request))
#53 C:\\Users\\62812\\Documents\\LARAVEL FUNDAMENTAL\\laravel vue ecommerce\\ecommerce\\vendor\\laravel\\framework\\src\\Illuminate\\Pipeline\\Pipeline.php(209): Illuminate\\Http\\Middleware\\HandleCors->handle(Object(Illuminate\\Http\\Request), Object(Closure))
#54 C:\\Users\\62812\\Documents\\LARAVEL FUNDAMENTAL\\laravel vue ecommerce\\ecommerce\\vendor\\laravel\\framework\\src\\Illuminate\\Http\\Middleware\\TrustProxies.php(58): Illuminate\\Pipeline\\Pipeline->Illuminate\\Pipeline\\{closure}(Object(Illuminate\\Http\\Request))
#55 C:\\Users\\62812\\Documents\\LARAVEL FUNDAMENTAL\\laravel vue ecommerce\\ecommerce\\vendor\\laravel\\framework\\src\\Illuminate\\Pipeline\\Pipeline.php(209): Illuminate\\Http\\Middleware\\TrustProxies->handle(Object(Illuminate\\Http\\Request), Object(Closure))
#56 C:\\Users\\62812\\Documents\\LARAVEL FUNDAMENTAL\\laravel vue ecommerce\\ecommerce\\vendor\\laravel\\framework\\src\\Illuminate\\Foundation\\Http\\Middleware\\InvokeDeferredCallbacks.php(22): Illuminate\\Pipeline\\Pipeline->Illuminate\\Pipeline\\{closure}(Object(Illuminate\\Http\\Request))
#57 C:\\Users\\62812\\Documents\\LARAVEL FUNDAMENTAL\\laravel vue ecommerce\\ecommerce\\vendor\\laravel\\framework\\src\\Illuminate\\Pipeline\\Pipeline.php(209): Illuminate\\Foundation\\Http\\Middleware\\InvokeDeferredCallbacks->handle(Object(Illuminate\\Http\\Request), Object(Closure))
#58 C:\\Users\\62812\\Documents\\LARAVEL FUNDAMENTAL\\laravel vue ecommerce\\ecommerce\\vendor\\laravel\\framework\\src\\Illuminate\\Pipeline\\Pipeline.php(127): Illuminate\\Pipeline\\Pipeline->Illuminate\\Pipeline\\{closure}(Object(Illuminate\\Http\\Request))
#59 C:\\Users\\62812\\Documents\\LARAVEL FUNDAMENTAL\\laravel vue ecommerce\\ecommerce\\vendor\\laravel\\framework\\src\\Illuminate\\Foundation\\Http\\Kernel.php(176): Illuminate\\Pipeline\\Pipeline->then(Object(Closure))
#60 C:\\Users\\62812\\Documents\\LARAVEL FUNDAMENTAL\\laravel vue ecommerce\\ecommerce\\vendor\\laravel\\framework\\src\\Illuminate\\Foundation\\Http\\Kernel.php(145): Illuminate\\Foundation\\Http\\Kernel->sendRequestThroughRouter(Object(Illuminate\\Http\\Request))
#61 C:\\Users\\62812\\Documents\\LARAVEL FUNDAMENTAL\\laravel vue ecommerce\\ecommerce\\vendor\\laravel\\framework\\src\\Illuminate\\Foundation\\Application.php(1220): Illuminate\\Foundation\\Http\\Kernel->handle(Object(Illuminate\\Http\\Request))
#62 C:\\Users\\62812\\Documents\\LARAVEL FUNDAMENTAL\\laravel vue ecommerce\\ecommerce\\public\\index.php(17): Illuminate\\Foundation\\Application->handleRequest(Object(Illuminate\\Http\\Request))
#63 C:\\Users\\62812\\Documents\\LARAVEL FUNDAMENTAL\\laravel vue ecommerce\\ecommerce\\vendor\\laravel\\framework\\src\\Illuminate\\Foundation\\resources\\server.php(23): require_once('C:\\\\Users\\\\62812\\\\...')
#64 {main}

[previous exception] [object] (ParseError(code: 0): syntax error, unexpected token \")\" at C:\\Users\\62812\\Documents\\LARAVEL FUNDAMENTAL\\laravel vue ecommerce\\ecommerce\\storage\\framework\\views\\6ab588b43760987b97a79ebf9f80de33.php:138)
[stacktrace]
#0 C:\\Users\\62812\\Documents\\LARAVEL FUNDAMENTAL\\laravel vue ecommerce\\ecommerce\\vendor\\laravel\\framework\\src\\Illuminate\\Filesystem\\Filesystem.php(124): Illuminate\\Filesystem\\Filesystem::Illuminate\\Filesystem\\{closure}()
#1 C:\\Users\\62812\\Documents\\LARAVEL FUNDAMENTAL\\laravel vue ecommerce\\ecommerce\\vendor\\laravel\\framework\\src\\Illuminate\\View\\Engines\\PhpEngine.php(58): Illuminate\\Filesystem\\Filesystem->getRequire('C:\\\\Users\\\\62812\\\\...', Array)
#2 C:\\Users\\62812\\Documents\\LARAVEL FUNDAMENTAL\\laravel vue ecommerce\\ecommerce\\vendor\\laravel\\framework\\src\\Illuminate\\View\\Engines\\CompilerEngine.php(75): Illuminate\\View\\Engines\\PhpEngine->evaluatePath('C:\\\\Users\\\\62812\\\\...', Array)
#3 C:\\Users\\62812\\Documents\\LARAVEL FUNDAMENTAL\\laravel vue ecommerce\\ecommerce\\vendor\\laravel\\framework\\src\\Illuminate\\View\\View.php(209): Illuminate\\View\\Engines\\CompilerEngine->get('C:\\\\Users\\\\62812\\\\...', Array)
#4 C:\\Users\\62812\\Documents\\LARAVEL FUNDAMENTAL\\laravel vue ecommerce\\ecommerce\\vendor\\laravel\\framework\\src\\Illuminate\\View\\View.php(192): Illuminate\\View\\View->getContents()
#5 C:\\Users\\62812\\Documents\\LARAVEL FUNDAMENTAL\\laravel vue ecommerce\\ecommerce\\vendor\\laravel\\framework\\src\\Illuminate\\View\\View.php(161): Illuminate\\View\\View->renderContents()
#6 C:\\Users\\62812\\Documents\\LARAVEL FUNDAMENTAL\\laravel vue ecommerce\\ecommerce\\storage\\framework\\views\\abf812e0c61f495834822098d3a19595.php(24): Illuminate\\View\\View->render()
#7 C:\\Users\\62812\\Documents\\LARAVEL FUNDAMENTAL\\laravel vue ecommerce\\ecommerce\\vendor\\laravel\\framework\\src\\Illuminate\\Filesystem\\Filesystem.php(123): require('C:\\\\Users\\\\62812\\\\...')
#8 C:\\Users\\62812\\Documents\\LARAVEL FUNDAMENTAL\\laravel vue ecommerce\\ecommerce\\vendor\\laravel\\framework\\src\\Illuminate\\Filesystem\\Filesystem.php(124): Illuminate\\Filesystem\\Filesystem::Illuminate\\Filesystem\\{closure}()
#9 C:\\Users\\62812\\Documents\\LARAVEL FUNDAMENTAL\\laravel vue ecommerce\\ecommerce\\vendor\\laravel\\framework\\src\\Illuminate\\View\\Engines\\PhpEngine.php(58): Illuminate\\Filesystem\\Filesystem->getRequire('C:\\\\Users\\\\62812\\\\...', Array)
#10 C:\\Users\\62812\\Documents\\LARAVEL FUNDAMENTAL\\laravel vue ecommerce\\ecommerce\\vendor\\laravel\\framework\\src\\Illuminate\\View\\Engines\\CompilerEngine.php(75): Illuminate\\View\\Engines\\PhpEngine->evaluatePath('C:\\\\Users\\\\62812\\\\...', Array)
#11 C:\\Users\\62812\\Documents\\LARAVEL FUNDAMENTAL\\laravel vue ecommerce\\ecommerce\\vendor\\laravel\\framework\\src\\Illuminate\\View\\View.php(209): Illuminate\\View\\Engines\\CompilerEngine->get('C:\\\\Users\\\\62812\\\\...', Array)
#12 C:\\Users\\62812\\Documents\\LARAVEL FUNDAMENTAL\\laravel vue ecommerce\\ecommerce\\vendor\\laravel\\framework\\src\\Illuminate\\View\\View.php(192): Illuminate\\View\\View->getContents()
#13 C:\\Users\\62812\\Documents\\LARAVEL FUNDAMENTAL\\laravel vue ecommerce\\ecommerce\\vendor\\laravel\\framework\\src\\Illuminate\\View\\View.php(161): Illuminate\\View\\View->renderContents()
#14 C:\\Users\\62812\\Documents\\LARAVEL FUNDAMENTAL\\laravel vue ecommerce\\ecommerce\\vendor\\laravel\\framework\\src\\Illuminate\\View\\Concerns\\ManagesComponents.php(99): Illuminate\\View\\View->render()
#15 C:\\Users\\62812\\Documents\\LARAVEL FUNDAMENTAL\\laravel vue ecommerce\\ecommerce\\storage\\framework\\views\\81f2304a786e2dfc849130d6323387df.php(12): Illuminate\\View\\Factory->renderComponent()
#16 C:\\Users\\62812\\Documents\\LARAVEL FUNDAMENTAL\\laravel vue ecommerce\\ecommerce\\vendor\\laravel\\framework\\src\\Illuminate\\Filesystem\\Filesystem.php(123): require('C:\\\\Users\\\\62812\\\\...')
#17 C:\\Users\\62812\\Documents\\LARAVEL FUNDAMENTAL\\laravel vue ecommerce\\ecommerce\\vendor\\laravel\\framework\\src\\Illuminate\\Filesystem\\Filesystem.php(124): Illuminate\\Filesystem\\Filesystem::Illuminate\\Filesystem\\{closure}()
#18 C:\\Users\\62812\\Documents\\LARAVEL FUNDAMENTAL\\laravel vue ecommerce\\ecommerce\\vendor\\laravel\\framework\\src\\Illuminate\\View\\Engines\\PhpEngine.php(58): Illuminate\\Filesystem\\Filesystem->getRequire('C:\\\\Users\\\\62812\\\\...', Array)
#19 C:\\Users\\62812\\Documents\\LARAVEL FUNDAMENTAL\\laravel vue ecommerce\\ecommerce\\vendor\\laravel\\framework\\src\\Illuminate\\View\\Engines\\CompilerEngine.php(75): Illuminate\\View\\Engines\\PhpEngine->evaluatePath('C:\\\\Users\\\\62812\\\\...', Array)
#20 C:\\Users\\62812\\Documents\\LARAVEL FUNDAMENTAL\\laravel vue ecommerce\\ecommerce\\vendor\\laravel\\framework\\src\\Illuminate\\View\\View.php(209): Illuminate\\View\\Engines\\CompilerEngine->get('C:\\\\Users\\\\62812\\\\...', Array)
#21 C:\\Users\\62812\\Documents\\LARAVEL FUNDAMENTAL\\laravel vue ecommerce\\ecommerce\\vendor\\laravel\\framework\\src\\Illuminate\\View\\View.php(192): Illuminate\\View\\View->getContents()
#22 C:\\Users\\62812\\Documents\\LARAVEL FUNDAMENTAL\\laravel vue ecommerce\\ecommerce\\vendor\\laravel\\framework\\src\\Illuminate\\View\\View.php(161): Illuminate\\View\\View->renderContents()
#23 C:\\Users\\62812\\Documents\\LARAVEL FUNDAMENTAL\\laravel vue ecommerce\\ecommerce\\vendor\\laravel\\framework\\src\\Illuminate\\Http\\Response.php(79): Illuminate\\View\\View->render()
#24 C:\\Users\\62812\\Documents\\LARAVEL FUNDAMENTAL\\laravel vue ecommerce\\ecommerce\\vendor\\laravel\\framework\\src\\Illuminate\\Http\\Response.php(35): Illuminate\\Http\\Response->setContent(Object(Illuminate\\View\\View))
#25 C:\\Users\\62812\\Documents\\LARAVEL FUNDAMENTAL\\laravel vue ecommerce\\ecommerce\\vendor\\laravel\\framework\\src\\Illuminate\\Routing\\Router.php(920): Illuminate\\Http\\Response->__construct(Object(Illuminate\\View\\View), 200, Array)
#26 C:\\Users\\62812\\Documents\\LARAVEL FUNDAMENTAL\\laravel vue ecommerce\\ecommerce\\vendor\\laravel\\framework\\src\\Illuminate\\Routing\\Router.php(887): Illuminate\\Routing\\Router::toResponse(Object(Illuminate\\Http\\Request), Object(Illuminate\\View\\View))
#27 C:\\Users\\62812\\Documents\\LARAVEL FUNDAMENTAL\\laravel vue ecommerce\\ecommerce\\vendor\\laravel\\framework\\src\\Illuminate\\Routing\\Router.php(807): Illuminate\\Routing\\Router->prepareResponse(Object(Illuminate\\Http\\Request), Object(Illuminate\\View\\View))
#28 C:\\Users\\62812\\Documents\\LARAVEL FUNDAMENTAL\\laravel vue ecommerce\\ecommerce\\vendor\\laravel\\framework\\src\\Illuminate\\Pipeline\\Pipeline.php(170): Illuminate\\Routing\\Router->Illuminate\\Routing\\{closure}(Object(Illuminate\\Http\\Request))
#29 C:\\Users\\62812\\Documents\\LARAVEL FUNDAMENTAL\\laravel vue ecommerce\\ecommerce\\vendor\\laravel\\framework\\src\\Illuminate\\Routing\\Middleware\\SubstituteBindings.php(51): Illuminate\\Pipeline\\Pipeline->Illuminate\\Pipeline\\{closure}(Object(Illuminate\\Http\\Request))
#30 C:\\Users\\62812\\Documents\\LARAVEL FUNDAMENTAL\\laravel vue ecommerce\\ecommerce\\vendor\\laravel\\framework\\src\\Illuminate\\Pipeline\\Pipeline.php(209): Illuminate\\Routing\\Middleware\\SubstituteBindings->handle(Object(Illuminate\\Http\\Request), Object(Closure))
#31 C:\\Users\\62812\\Documents\\LARAVEL FUNDAMENTAL\\laravel vue ecommerce\\ecommerce\\vendor\\laravel\\framework\\src\\Illuminate\\Foundation\\Http\\Middleware\\VerifyCsrfToken.php(88): Illuminate\\Pipeline\\Pipeline->Illuminate\\Pipeline\\{closure}(Object(Illuminate\\Http\\Request))
#32 C:\\Users\\62812\\Documents\\LARAVEL FUNDAMENTAL\\laravel vue ecommerce\\ecommerce\\vendor\\laravel\\framework\\src\\Illuminate\\Pipeline\\Pipeline.php(209): Illuminate\\Foundation\\Http\\Middleware\\VerifyCsrfToken->handle(Object(Illuminate\\Http\\Request), Object(Closure))
#33 C:\\Users\\62812\\Documents\\LARAVEL FUNDAMENTAL\\laravel vue ecommerce\\ecommerce\\vendor\\laravel\\framework\\src\\Illuminate\\View\\Middleware\\ShareErrorsFromSession.php(49): Illuminate\\Pipeline\\Pipeline->Illuminate\\Pipeline\\{closure}(Object(Illuminate\\Http\\Request))
#34 C:\\Users\\62812\\Documents\\LARAVEL FUNDAMENTAL\\laravel vue ecommerce\\ecommerce\\vendor\\laravel\\framework\\src\\Illuminate\\Pipeline\\Pipeline.php(209): Illuminate\\View\\Middleware\\ShareErrorsFromSession->handle(Object(Illuminate\\Http\\Request), Object(Closure))
#35 C:\\Users\\62812\\Documents\\LARAVEL FUNDAMENTAL\\laravel vue ecommerce\\ecommerce\\vendor\\laravel\\framework\\src\\Illuminate\\Session\\Middleware\\StartSession.php(121): Illuminate\\Pipeline\\Pipeline->Illuminate\\Pipeline\\{closure}(Object(Illuminate\\Http\\Request))
#36 C:\\Users\\62812\\Documents\\LARAVEL FUNDAMENTAL\\laravel vue ecommerce\\ecommerce\\vendor\\laravel\\framework\\src\\Illuminate\\Session\\Middleware\\StartSession.php(64): Illuminate\\Session\\Middleware\\StartSession->handleStatefulRequest(Object(Illuminate\\Http\\Request), Object(Illuminate\\Session\\Store), Object(Closure))
#37 C:\\Users\\62812\\Documents\\LARAVEL FUNDAMENTAL\\laravel vue ecommerce\\ecommerce\\vendor\\laravel\\framework\\src\\Illuminate\\Pipeline\\Pipeline.php(209): Illuminate\\Session\\Middleware\\StartSession->handle(Object(Illuminate\\Http\\Request), Object(Closure))
#38 C:\\Users\\62812\\Documents\\LARAVEL FUNDAMENTAL\\laravel vue ecommerce\\ecommerce\\vendor\\laravel\\framework\\src\\Illuminate\\Cookie\\Middleware\\AddQueuedCookiesToResponse.php(37): Illuminate\\Pipeline\\Pipeline->Illuminate\\Pipeline\\{closure}(Object(Illuminate\\Http\\Request))
#39 C:\\Users\\62812\\Documents\\LARAVEL FUNDAMENTAL\\laravel vue ecommerce\\ecommerce\\vendor\\laravel\\framework\\src\\Illuminate\\Pipeline\\Pipeline.php(209): Illuminate\\Cookie\\Middleware\\AddQueuedCookiesToResponse->handle(Object(Illuminate\\Http\\Request), Object(Closure))
#40 C:\\Users\\62812\\Documents\\LARAVEL FUNDAMENTAL\\laravel vue ecommerce\\ecommerce\\vendor\\laravel\\framework\\src\\Illuminate\\Cookie\\Middleware\\EncryptCookies.php(75): Illuminate\\Pipeline\\Pipeline->Illuminate\\Pipeline\\{closure}(Object(Illuminate\\Http\\Request))
#41 C:\\Users\\62812\\Documents\\LARAVEL FUNDAMENTAL\\laravel vue ecommerce\\ecommerce\\vendor\\laravel\\framework\\src\\Illuminate\\Pipeline\\Pipeline.php(209): Illuminate\\Cookie\\Middleware\\EncryptCookies->handle(Object(Illuminate\\Http\\Request), Object(Closure))
#42 C:\\Users\\62812\\Documents\\LARAVEL FUNDAMENTAL\\laravel vue ecommerce\\ecommerce\\vendor\\laravel\\framework\\src\\Illuminate\\Pipeline\\Pipeline.php(127): Illuminate\\Pipeline\\Pipeline->Illuminate\\Pipeline\\{closure}(Object(Illuminate\\Http\\Request))
#43 C:\\Users\\62812\\Documents\\LARAVEL FUNDAMENTAL\\laravel vue ecommerce\\ecommerce\\vendor\\laravel\\framework\\src\\Illuminate\\Routing\\Router.php(807): Illuminate\\Pipeline\\Pipeline->then(Object(Closure))
#44 C:\\Users\\62812\\Documents\\LARAVEL FUNDAMENTAL\\laravel vue ecommerce\\ecommerce\\vendor\\laravel\\framework\\src\\Illuminate\\Routing\\Router.php(786): Illuminate\\Routing\\Router->runRouteWithinStack(Object(Illuminate\\Routing\\Route), Object(Illuminate\\Http\\Request))
#45 C:\\Users\\62812\\Documents\\LARAVEL FUNDAMENTAL\\laravel vue ecommerce\\ecommerce\\vendor\\laravel\\framework\\src\\Illuminate\\Routing\\Router.php(750): Illuminate\\Routing\\Router->runRoute(Object(Illuminate\\Http\\Request), Object(Illuminate\\Routing\\Route))
#46 C:\\Users\\62812\\Documents\\LARAVEL FUNDAMENTAL\\laravel vue ecommerce\\ecommerce\\vendor\\laravel\\framework\\src\\Illuminate\\Routing\\Router.php(739): Illuminate\\Routing\\Router->dispatchToRoute(Object(Illuminate\\Http\\Request))
#47 C:\\Users\\62812\\Documents\\LARAVEL FUNDAMENTAL\\laravel vue ecommerce\\ecommerce\\vendor\\laravel\\framework\\src\\Illuminate\\Foundation\\Http\\Kernel.php(201): Illuminate\\Routing\\Router->dispatch(Object(Illuminate\\Http\\Request))
#48 C:\\Users\\62812\\Documents\\LARAVEL FUNDAMENTAL\\laravel vue ecommerce\\ecommerce\\vendor\\laravel\\framework\\src\\Illuminate\\Pipeline\\Pipeline.php(170): Illuminate\\Foundation\\Http\\Kernel->Illuminate\\Foundation\\Http\\{closure}(Object(Illuminate\\Http\\Request))
#49 C:\\Users\\62812\\Documents\\LARAVEL FUNDAMENTAL\\laravel vue ecommerce\\ecommerce\\vendor\\laravel\\framework\\src\\Illuminate\\Foundation\\Http\\Middleware\\TransformsRequest.php(21): Illuminate\\Pipeline\\Pipeline->Illuminate\\Pipeline\\{closure}(Object(Illuminate\\Http\\Request))
#50 C:\\Users\\62812\\Documents\\LARAVEL FUNDAMENTAL\\laravel vue ecommerce\\ecommerce\\vendor\\laravel\\framework\\src\\Illuminate\\Foundation\\Http\\Middleware\\ConvertEmptyStringsToNull.php(31): Illuminate\\Foundation\\Http\\Middleware\\TransformsRequest->handle(Object(Illuminate\\Http\\Request), Object(Closure))
#51 C:\\Users\\62812\\Documents\\LARAVEL FUNDAMENTAL\\laravel vue ecommerce\\ecommerce\\vendor\\laravel\\framework\\src\\Illuminate\\Pipeline\\Pipeline.php(209): Illuminate\\Foundation\\Http\\Middleware\\ConvertEmptyStringsToNull->handle(Object(Illuminate\\Http\\Request), Object(Closure))
#52 C:\\Users\\62812\\Documents\\LARAVEL FUNDAMENTAL\\laravel vue ecommerce\\ecommerce\\vendor\\laravel\\framework\\src\\Illuminate\\Foundation\\Http\\Middleware\\TransformsRequest.php(21): Illuminate\\Pipeline\\Pipeline->Illuminate\\Pipeline\\{closure}(Object(Illuminate\\Http\\Request))
#53 C:\\Users\\62812\\Documents\\LARAVEL FUNDAMENTAL\\laravel vue ecommerce\\ecommerce\\vendor\\laravel\\framework\\src\\Illuminate\\Foundation\\Http\\Middleware\\TrimStrings.php(51): Illuminate\\Foundation\\Http\\Middleware\\TransformsRequest->handle(Object(Illuminate\\Http\\Request), Object(Closure))
#54 C:\\Users\\62812\\Documents\\LARAVEL FUNDAMENTAL\\laravel vue ecommerce\\ecommerce\\vendor\\laravel\\framework\\src\\Illuminate\\Pipeline\\Pipeline.php(209): Illuminate\\Foundation\\Http\\Middleware\\TrimStrings->handle(Object(Illuminate\\Http\\Request), Object(Closure))
#55 C:\\Users\\62812\\Documents\\LARAVEL FUNDAMENTAL\\laravel vue ecommerce\\ecommerce\\vendor\\laravel\\framework\\src\\Illuminate\\Http\\Middleware\\ValidatePostSize.php(27): Illuminate\\Pipeline\\Pipeline->Illuminate\\Pipeline\\{closure}(Object(Illuminate\\Http\\Request))
#56 C:\\Users\\62812\\Documents\\LARAVEL FUNDAMENTAL\\laravel vue ecommerce\\ecommerce\\vendor\\laravel\\framework\\src\\Illuminate\\Pipeline\\Pipeline.php(209): Illuminate\\Http\\Middleware\\ValidatePostSize->handle(Object(Illuminate\\Http\\Request), Object(Closure))
#57 C:\\Users\\62812\\Documents\\LARAVEL FUNDAMENTAL\\laravel vue ecommerce\\ecommerce\\vendor\\laravel\\framework\\src\\Illuminate\\Foundation\\Http\\Middleware\\PreventRequestsDuringMaintenance.php(110): Illuminate\\Pipeline\\Pipeline->Illuminate\\Pipeline\\{closure}(Object(Illuminate\\Http\\Request))
#58 C:\\Users\\62812\\Documents\\LARAVEL FUNDAMENTAL\\laravel vue ecommerce\\ecommerce\\vendor\\laravel\\framework\\src\\Illuminate\\Pipeline\\Pipeline.php(209): Illuminate\\Foundation\\Http\\Middleware\\PreventRequestsDuringMaintenance->handle(Object(Illuminate\\Http\\Request), Object(Closure))
#59 C:\\Users\\62812\\Documents\\LARAVEL FUNDAMENTAL\\laravel vue ecommerce\\ecommerce\\vendor\\laravel\\framework\\src\\Illuminate\\Http\\Middleware\\HandleCors.php(49): Illuminate\\Pipeline\\Pipeline->Illuminate\\Pipeline\\{closure}(Object(Illuminate\\Http\\Request))
#60 C:\\Users\\62812\\Documents\\LARAVEL FUNDAMENTAL\\laravel vue ecommerce\\ecommerce\\vendor\\laravel\\framework\\src\\Illuminate\\Pipeline\\Pipeline.php(209): Illuminate\\Http\\Middleware\\HandleCors->handle(Object(Illuminate\\Http\\Request), Object(Closure))
#61 C:\\Users\\62812\\Documents\\LARAVEL FUNDAMENTAL\\laravel vue ecommerce\\ecommerce\\vendor\\laravel\\framework\\src\\Illuminate\\Http\\Middleware\\TrustProxies.php(58): Illuminate\\Pipeline\\Pipeline->Illuminate\\Pipeline\\{closure}(Object(Illuminate\\Http\\Request))
#62 C:\\Users\\62812\\Documents\\LARAVEL FUNDAMENTAL\\laravel vue ecommerce\\ecommerce\\vendor\\laravel\\framework\\src\\Illuminate\\Pipeline\\Pipeline.php(209): Illuminate\\Http\\Middleware\\TrustProxies->handle(Object(Illuminate\\Http\\Request), Object(Closure))
#63 C:\\Users\\62812\\Documents\\LARAVEL FUNDAMENTAL\\laravel vue ecommerce\\ecommerce\\vendor\\laravel\\framework\\src\\Illuminate\\Foundation\\Http\\Middleware\\InvokeDeferredCallbacks.php(22): Illuminate\\Pipeline\\Pipeline->Illuminate\\Pipeline\\{closure}(Object(Illuminate\\Http\\Request))
#64 C:\\Users\\62812\\Documents\\LARAVEL FUNDAMENTAL\\laravel vue ecommerce\\ecommerce\\vendor\\laravel\\framework\\src\\Illuminate\\Pipeline\\Pipeline.php(209): Illuminate\\Foundation\\Http\\Middleware\\InvokeDeferredCallbacks->handle(Object(Illuminate\\Http\\Request), Object(Closure))
#65 C:\\Users\\62812\\Documents\\LARAVEL FUNDAMENTAL\\laravel vue ecommerce\\ecommerce\\vendor\\laravel\\framework\\src\\Illuminate\\Pipeline\\Pipeline.php(127): Illuminate\\Pipeline\\Pipeline->Illuminate\\Pipeline\\{closure}(Object(Illuminate\\Http\\Request))
#66 C:\\Users\\62812\\Documents\\LARAVEL FUNDAMENTAL\\laravel vue ecommerce\\ecommerce\\vendor\\laravel\\framework\\src\\Illuminate\\Foundation\\Http\\Kernel.php(176): Illuminate\\Pipeline\\Pipeline->then(Object(Closure))
#67 C:\\Users\\62812\\Documents\\LARAVEL FUNDAMENTAL\\laravel vue ecommerce\\ecommerce\\vendor\\laravel\\framework\\src\\Illuminate\\Foundation\\Http\\Kernel.php(145): Illuminate\\Foundation\\Http\\Kernel->sendRequestThroughRouter(Object(Illuminate\\Http\\Request))
#68 C:\\Users\\62812\\Documents\\LARAVEL FUNDAMENTAL\\laravel vue ecommerce\\ecommerce\\vendor\\laravel\\framework\\src\\Illuminate\\Foundation\\Application.php(1220): Illuminate\\Foundation\\Http\\Kernel->handle(Object(Illuminate\\Http\\Request))
#69 C:\\Users\\62812\\Documents\\LARAVEL FUNDAMENTAL\\laravel vue ecommerce\\ecommerce\\public\\index.php(17): Illuminate\\Foundation\\Application->handleRequest(Object(Illuminate\\Http\\Request))
#70 C:\\Users\\62812\\Documents\\LARAVEL FUNDAMENTAL\\laravel vue ecommerce\\ecommerce\\vendor\\laravel\\framework\\src\\Illuminate\\Foundation\\resources\\server.php(23): require_once('C:\\\\Users\\\\62812\\\\...')
#71 {main}
"} 
[2025-12-15 06:12:45] local.ERROR: syntax error, unexpected end of file, expecting "elseif" or "else" or "endif" {"view":{"view":"C:\\Users\\62812\\Documents\\LARAVEL FUNDAMENTAL\\laravel vue ecommerce\\ecommerce\\resources\\views\\layouts\\navigation.blade.php","data":{"errors":"<pre class=sf-dump id=sf-dump-1754774248 data-indent-pad=\"  \"><span class=sf-dump-note>Illuminate\\Support\\ViewErrorBag</span> {<a class=sf-dump-ref>#1286</a><samp data-depth=1 class=sf-dump-expanded>
  #<span class=sf-dump-protected title=\"Protected property\">bags</span>: []
</samp>}
</pre><script>Sfdump(\"sf-dump-1754774248\", {\"maxDepth\":3,\"maxStringLength\":160})</script>
","componentName":"<pre class=sf-dump id=sf-dump-1575368931 data-indent-pad=\"  \">\"<span class=sf-dump-str title=\"10 characters\">app-layout</span>\"
</pre><script>Sfdump(\"sf-dump-1575368931\", {\"maxDepth\":3,\"maxStringLength\":160})</script>
","attributes":"<pre class=sf-dump id=sf-dump-1649302948 data-indent-pad=\"  \"><span class=sf-dump-note>Illuminate\\View\\ComponentAttributeBag</span> {<a class=sf-dump-ref>#1308</a><samp data-depth=1 class=sf-dump-expanded>
  #<span class=sf-dump-protected title=\"Protected property\">attributes</span>: []
</samp>}
</pre><script>Sfdump(\"sf-dump-1649302948\", {\"maxDepth\":3,\"maxStringLength\":160})</script>
","ignoredParameterNames":"<pre class=sf-dump id=sf-dump-617778925 data-indent-pad=\"  \"><span class=sf-dump-note>Illuminate\\View\\InvokableComponentVariable</span> {<a class=sf-dump-ref>#1322</a><samp data-depth=1 class=sf-dump-expanded>
  #<span class=sf-dump-protected title=\"Protected property\">callable</span>: <span class=sf-dump-note>Closure()</span> {<a class=sf-dump-ref>#1321</a><samp data-depth=2 class=sf-dump-compact>
    <span class=sf-dump-meta>class</span>: \"<span class=\"sf-dump-str sf-dump-ellipsization\" title=\"App\\View\\Components\\AppLayout
29 characters\"><span class=\"sf-dump-ellipsis sf-dump-ellipsis-class\">App\\View\\Components</span><span class=\"sf-dump-ellipsis sf-dump-ellipsis-class\">\\</span><span class=\"sf-dump-ellipsis-tail\">AppLayout</span></span>\"
    <span class=sf-dump-meta>this</span>: <span class=\"sf-dump-note sf-dump-ellipsization\" title=\"App\\View\\Components\\AppLayout
\"><span class=\"sf-dump-ellipsis sf-dump-ellipsis-note\">App\\View\\Components</span><span class=\"sf-dump-ellipsis sf-dump-ellipsis-note\">\\</span><span class=\"sf-dump-ellipsis-tail\">AppLayout</span></span> {<a class=sf-dump-ref>#1306</a> &#8230;}
    <span class=sf-dump-meta>use</span>: {<samp data-depth=3 class=sf-dump-compact>
      <span class=sf-dump-meta>$method</span>: \"<span class=sf-dump-str title=\"21 characters\">ignoredParameterNames</span>\"
    </samp>}
    <span class=sf-dump-meta>file</span>: \"<span class=\"sf-dump-str sf-dump-ellipsization\" title=\"C:\\Users\\62812\\Documents\\LARAVEL FUNDAMENTAL\\laravel vue ecommerce\\ecommerce\\vendor\\laravel\\framework\\src\\Illuminate\\View\\Component.php
135 characters\"><span class=\"sf-dump-ellipsis sf-dump-ellipsis-path\">C:\\Users\\62812\\Documents\\LARAVEL FUNDAMENTAL\\laravel vue ecommerce\\ecommerce\\vendor</span><span class=\"sf-dump-ellipsis sf-dump-ellipsis-path\">\\laravel\\framework\\</span><span class=\"sf-dump-ellipsis-tail\">src\\Illuminate\\View\\Component.php</span></span>\"
    <span class=sf-dump-meta>line</span>: \"<span class=sf-dump-str title=\"10 characters\">303 to 305</span>\"
  </samp>}
</samp>}
</pre><script>Sfdump(\"sf-dump-617778925\", {\"maxDepth\":3,\"maxStringLength\":160})</script>
","slot":"<pre class=sf-dump id=sf-dump-820138964 data-indent-pad=\"  \"><span class=sf-dump-note>Illuminate\\View\\ComponentSlot</span> {<a class=sf-dump-ref>#1309</a><samp data-depth=1 class=sf-dump-expanded>
  +<span class=sf-dump-public title=\"Public property\">attributes</span>: <span class=\"sf-dump-note sf-dump-ellipsization\" title=\"Illuminate\\View\\ComponentAttributeBag
\"><span class=\"sf-dump-ellipsis sf-dump-ellipsis-note\">Illuminate\\View</span><span class=\"sf-dump-ellipsis sf-dump-ellipsis-note\">\\</span><span class=\"sf-dump-ellipsis-tail\">ComponentAttributeBag</span></span> {<a class=sf-dump-ref>#1319</a><samp data-depth=2 class=sf-dump-compact>
    #<span class=sf-dump-protected title=\"Protected property\">attributes</span>: []
  </samp>}
  #<span class=sf-dump-protected title=\"Protected property\">contents</span>: \"<span class=sf-dump-str title=\"7 characters\">welcome</span>\"
</samp>}
</pre><script>Sfdump(\"sf-dump-820138964\", {\"maxDepth\":3,\"maxStringLength\":160})</script>
","__laravel_slots":"<pre class=sf-dump id=sf-dump-1407452460 data-indent-pad=\"  \"><span class=sf-dump-note>array:1</span> [<samp data-depth=1 class=sf-dump-expanded>
  \"<span class=sf-dump-key>__default</span>\" => <span class=\"sf-dump-note sf-dump-ellipsization\" title=\"Illuminate\\View\\ComponentSlot
\"><span class=\"sf-dump-ellipsis sf-dump-ellipsis-note\">Illuminate\\View</span><span class=\"sf-dump-ellipsis sf-dump-ellipsis-note\">\\</span><span class=\"sf-dump-ellipsis-tail\">ComponentSlot</span></span> {<a class=sf-dump-ref>#1309</a><samp data-depth=2 class=sf-dump-compact>
    +<span class=sf-dump-public title=\"Public property\">attributes</span>: <span class=\"sf-dump-note sf-dump-ellipsization\" title=\"Illuminate\\View\\ComponentAttributeBag
\"><span class=\"sf-dump-ellipsis sf-dump-ellipsis-note\">Illuminate\\View</span><span class=\"sf-dump-ellipsis sf-dump-ellipsis-note\">\\</span><span class=\"sf-dump-ellipsis-tail\">ComponentAttributeBag</span></span> {<a class=sf-dump-ref>#1319</a><samp data-depth=3 class=sf-dump-compact>
      #<span class=sf-dump-protected title=\"Protected property\">attributes</span>: []
    </samp>}
    #<span class=sf-dump-protected title=\"Protected property\">contents</span>: \"<span class=sf-dump-str title=\"7 characters\">welcome</span>\"
  </samp>}
</samp>]
</pre><script>Sfdump(\"sf-dump-1407452460\", {\"maxDepth\":3,\"maxStringLength\":160})</script>
"}},"exception":"[object] (Spatie\\LaravelIgnition\\Exceptions\\ViewException(code: 0): syntax error, unexpected end of file, expecting \"elseif\" or \"else\" or \"endif\" at C:\\Users\\62812\\Documents\\LARAVEL FUNDAMENTAL\\laravel vue ecommerce\\ecommerce\\resources\\views\\layouts\\navigation.blade.php:226)
[stacktrace]
#0 C:\\Users\\62812\\Documents\\LARAVEL FUNDAMENTAL\\laravel vue ecommerce\\ecommerce\\vendor\\laravel\\framework\\src\\Illuminate\\Filesystem\\Filesystem.php(123): require('C:\\\\Users\\\\62812\\\\...')
#1 C:\\Users\\62812\\Documents\\LARAVEL FUNDAMENTAL\\laravel vue ecommerce\\ecommerce\\vendor\\laravel\\framework\\src\\Illuminate\\Filesystem\\Filesystem.php(124): Illuminate\\Filesystem\\Filesystem::Illuminate\\Filesystem\\{closure}()
#2 C:\\Users\\62812\\Documents\\LARAVEL FUNDAMENTAL\\laravel vue ecommerce\\ecommerce\\vendor\\laravel\\framework\\src\\Illuminate\\View\\Engines\\PhpEngine.php(58): Illuminate\\Filesystem\\Filesystem->getRequire('C:\\\\Users\\\\62812\\\\...', Array)
#3 C:\\Users\\62812\\Documents\\LARAVEL FUNDAMENTAL\\laravel vue ecommerce\\ecommerce\\vendor\\laravel\\framework\\src\\Illuminate\\View\\Engines\\CompilerEngine.php(75): Illuminate\\View\\Engines\\PhpEngine->evaluatePath('C:\\\\Users\\\\62812\\\\...', Array)
#4 C:\\Users\\62812\\Documents\\LARAVEL FUNDAMENTAL\\laravel vue ecommerce\\ecommerce\\vendor\\laravel\\framework\\src\\Illuminate\\View\\View.php(209): Illuminate\\View\\Engines\\CompilerEngine->get('C:\\\\Users\\\\62812\\\\...', Array)
#5 C:\\Users\\62812\\Documents\\LARAVEL FUNDAMENTAL\\laravel vue ecommerce\\ecommerce\\vendor\\laravel\\framework\\src\\Illuminate\\View\\View.php(192): Illuminate\\View\\View->getContents()
#6 C:\\Users\\62812\\Documents\\LARAVEL FUNDAMENTAL\\laravel vue ecommerce\\ecommerce\\vendor\\laravel\\framework\\src\\Illuminate\\View\\View.php(161): Illuminate\\View\\View->renderContents()
#7 C:\\Users\\62812\\Documents\\LARAVEL FUNDAMENTAL\\laravel vue ecommerce\\ecommerce\\vendor\\laravel\\framework\\src\\Illuminate\\View\\Concerns\\ManagesComponents.php(99): Illuminate\\View\\View->render()
#8 C:\\Users\\62812\\Documents\\LARAVEL FUNDAMENTAL\\laravel vue ecommerce\\ecommerce\\resources\\views\\welcome.blade.php(1): Illuminate\\View\\Factory->renderComponent()
#9 C:\\Users\\62812\\Documents\\LARAVEL FUNDAMENTAL\\laravel vue ecommerce\\ecommerce\\vendor\\laravel\\framework\\src\\Illuminate\\Filesystem\\Filesystem.php(123): require('C:\\\\Users\\\\62812\\\\...')
#10 C:\\Users\\62812\\Documents\\LARAVEL FUNDAMENTAL\\laravel vue ecommerce\\ecommerce\\vendor\\laravel\\framework\\src\\Illuminate\\Filesystem\\Filesystem.php(124): Illuminate\\Filesystem\\Filesystem::Illuminate\\Filesystem\\{closure}()
#11 C:\\Users\\62812\\Documents\\LARAVEL FUNDAMENTAL\\laravel vue ecommerce\\ecommerce\\vendor\\laravel\\framework\\src\\Illuminate\\View\\Engines\\PhpEngine.php(58): Illuminate\\Filesystem\\Filesystem->getRequire('C:\\\\Users\\\\62812\\\\...', Array)
#12 C:\\Users\\62812\\Documents\\LARAVEL FUNDAMENTAL\\laravel vue ecommerce\\ecommerce\\vendor\\laravel\\framework\\src\\Illuminate\\View\\Engines\\CompilerEngine.php(75): Illuminate\\View\\Engines\\PhpEngine->evaluatePath('C:\\\\Users\\\\62812\\\\...', Array)
#13 C:\\Users\\62812\\Documents\\LARAVEL FUNDAMENTAL\\laravel vue ecommerce\\ecommerce\\vendor\\laravel\\framework\\src\\Illuminate\\View\\View.php(209): Illuminate\\View\\Engines\\CompilerEngine->get('C:\\\\Users\\\\62812\\\\...', Array)
#14 C:\\Users\\62812\\Documents\\LARAVEL FUNDAMENTAL\\laravel vue ecommerce\\ecommerce\\vendor\\laravel\\framework\\src\\Illuminate\\View\\View.php(192): Illuminate\\View\\View->getContents()
#15 C:\\Users\\62812\\Documents\\LARAVEL FUNDAMENTAL\\laravel vue ecommerce\\ecommerce\\vendor\\laravel\\framework\\src\\Illuminate\\View\\View.php(161): Illuminate\\View\\View->renderContents()
#16 C:\\Users\\62812\\Documents\\LARAVEL FUNDAMENTAL\\laravel vue ecommerce\\ecommerce\\vendor\\laravel\\framework\\src\\Illuminate\\Http\\Response.php(79): Illuminate\\View\\View->render()
#17 C:\\Users\\62812\\Documents\\LARAVEL FUNDAMENTAL\\laravel vue ecommerce\\ecommerce\\vendor\\laravel\\framework\\src\\Illuminate\\Http\\Response.php(35): Illuminate\\Http\\Response->setContent(Object(Illuminate\\View\\View))
#18 C:\\Users\\62812\\Documents\\LARAVEL FUNDAMENTAL\\laravel vue ecommerce\\ecommerce\\vendor\\laravel\\framework\\src\\Illuminate\\Routing\\Router.php(920): Illuminate\\Http\\Response->__construct(Object(Illuminate\\View\\View), 200, Array)
#19 C:\\Users\\62812\\Documents\\LARAVEL FUNDAMENTAL\\laravel vue ecommerce\\ecommerce\\vendor\\laravel\\framework\\src\\Illuminate\\Routing\\Router.php(887): Illuminate\\Routing\\Router::toResponse(Object(Illuminate\\Http\\Request), Object(Illuminate\\View\\View))
#20 C:\\Users\\62812\\Documents\\LARAVEL FUNDAMENTAL\\laravel vue ecommerce\\ecommerce\\vendor\\laravel\\framework\\src\\Illuminate\\Routing\\Router.php(807): Illuminate\\Routing\\Router->prepareResponse(Object(Illuminate\\Http\\Request), Object(Illuminate\\View\\View))
#21 C:\\Users\\62812\\Documents\\LARAVEL FUNDAMENTAL\\laravel vue ecommerce\\ecommerce\\vendor\\laravel\\framework\\src\\Illuminate\\Pipeline\\Pipeline.php(170): Illuminate\\Routing\\Router->Illuminate\\Routing\\{closure}(Object(Illuminate\\Http\\Request))
#22 C:\\Users\\62812\\Documents\\LARAVEL FUNDAMENTAL\\laravel vue ecommerce\\ecommerce\\vendor\\laravel\\framework\\src\\Illuminate\\Routing\\Middleware\\SubstituteBindings.php(51): Illuminate\\Pipeline\\Pipeline->Illuminate\\Pipeline\\{closure}(Object(Illuminate\\Http\\Request))
#23 C:\\Users\\62812\\Documents\\LARAVEL FUNDAMENTAL\\laravel vue ecommerce\\ecommerce\\vendor\\laravel\\framework\\src\\Illuminate\\Pipeline\\Pipeline.php(209): Illuminate\\Routing\\Middleware\\SubstituteBindings->handle(Object(Illuminate\\Http\\Request), Object(Closure))
#24 C:\\Users\\62812\\Documents\\LARAVEL FUNDAMENTAL\\laravel vue ecommerce\\ecommerce\\vendor\\laravel\\framework\\src\\Illuminate\\Foundation\\Http\\Middleware\\VerifyCsrfToken.php(88): Illuminate\\Pipeline\\Pipeline->Illuminate\\Pipeline\\{closure}(Object(Illuminate\\Http\\Request))
#25 C:\\Users\\62812\\Documents\\LARAVEL FUNDAMENTAL\\laravel vue ecommerce\\ecommerce\\vendor\\laravel\\framework\\src\\Illuminate\\Pipeline\\Pipeline.php(209): Illuminate\\Foundation\\Http\\Middleware\\VerifyCsrfToken->handle(Object(Illuminate\\Http\\Request), Object(Closure))
#26 C:\\Users\\62812\\Documents\\LARAVEL FUNDAMENTAL\\laravel vue ecommerce\\ecommerce\\vendor\\laravel\\framework\\src\\Illuminate\\View\\Middleware\\ShareErrorsFromSession.php(49): Illuminate\\Pipeline\\Pipeline->Illuminate\\Pipeline\\{closure}(Object(Illuminate\\Http\\Request))
#27 C:\\Users\\62812\\Documents\\LARAVEL FUNDAMENTAL\\laravel vue ecommerce\\ecommerce\\vendor\\laravel\\framework\\src\\Illuminate\\Pipeline\\Pipeline.php(209): Illuminate\\View\\Middleware\\ShareErrorsFromSession->handle(Object(Illuminate\\Http\\Request), Object(Closure))
#28 C:\\Users\\62812\\Documents\\LARAVEL FUNDAMENTAL\\laravel vue ecommerce\\ecommerce\\vendor\\laravel\\framework\\src\\Illuminate\\Session\\Middleware\\StartSession.php(121): Illuminate\\Pipeline\\Pipeline->Illuminate\\Pipeline\\{closure}(Object(Illuminate\\Http\\Request))
#29 C:\\Users\\62812\\Documents\\LARAVEL FUNDAMENTAL\\laravel vue ecommerce\\ecommerce\\vendor\\laravel\\framework\\src\\Illuminate\\Session\\Middleware\\StartSession.php(64): Illuminate\\Session\\Middleware\\StartSession->handleStatefulRequest(Object(Illuminate\\Http\\Request), Object(Illuminate\\Session\\Store), Object(Closure))
#30 C:\\Users\\62812\\Documents\\LARAVEL FUNDAMENTAL\\laravel vue ecommerce\\ecommerce\\vendor\\laravel\\framework\\src\\Illuminate\\Pipeline\\Pipeline.php(209): Illuminate\\Session\\Middleware\\StartSession->handle(Object(Illuminate\\Http\\Request), Object(Closure))
#31 C:\\Users\\62812\\Documents\\LARAVEL FUNDAMENTAL\\laravel vue ecommerce\\ecommerce\\vendor\\laravel\\framework\\src\\Illuminate\\Cookie\\Middleware\\AddQueuedCookiesToResponse.php(37): Illuminate\\Pipeline\\Pipeline->Illuminate\\Pipeline\\{closure}(Object(Illuminate\\Http\\Request))
#32 C:\\Users\\62812\\Documents\\LARAVEL FUNDAMENTAL\\laravel vue ecommerce\\ecommerce\\vendor\\laravel\\framework\\src\\Illuminate\\Pipeline\\Pipeline.php(209): Illuminate\\Cookie\\Middleware\\AddQueuedCookiesToResponse->handle(Object(Illuminate\\Http\\Request), Object(Closure))
#33 C:\\Users\\62812\\Documents\\LARAVEL FUNDAMENTAL\\laravel vue ecommerce\\ecommerce\\vendor\\laravel\\framework\\src\\Illuminate\\Cookie\\Middleware\\EncryptCookies.php(75): Illuminate\\Pipeline\\Pipeline->Illuminate\\Pipeline\\{closure}(Object(Illuminate\\Http\\Request))
#34 C:\\Users\\62812\\Documents\\LARAVEL FUNDAMENTAL\\laravel vue ecommerce\\ecommerce\\vendor\\laravel\\framework\\src\\Illuminate\\Pipeline\\Pipeline.php(209): Illuminate\\Cookie\\Middleware\\EncryptCookies->handle(Object(Illuminate\\Http\\Request), Object(Closure))
#35 C:\\Users\\62812\\Documents\\LARAVEL FUNDAMENTAL\\laravel vue ecommerce\\ecommerce\\vendor\\laravel\\framework\\src\\Illuminate\\Pipeline\\Pipeline.php(127): Illuminate\\Pipeline\\Pipeline->Illuminate\\Pipeline\\{closure}(Object(Illuminate\\Http\\Request))
#36 C:\\Users\\62812\\Documents\\LARAVEL FUNDAMENTAL\\laravel vue ecommerce\\ecommerce\\vendor\\laravel\\framework\\src\\Illuminate\\Routing\\Router.php(807): Illuminate\\Pipeline\\Pipeline->then(Object(Closure))
#37 C:\\Users\\62812\\Documents\\LARAVEL FUNDAMENTAL\\laravel vue ecommerce\\ecommerce\\vendor\\laravel\\framework\\src\\Illuminate\\Routing\\Router.php(786): Illuminate\\Routing\\Router->runRouteWithinStack(Object(Illuminate\\Routing\\Route), Object(Illuminate\\Http\\Request))
#38 C:\\Users\\62812\\Documents\\LARAVEL FUNDAMENTAL\\laravel vue ecommerce\\ecommerce\\vendor\\laravel\\framework\\src\\Illuminate\\Routing\\Router.php(750): Illuminate\\Routing\\Router->runRoute(Object(Illuminate\\Http\\Request), Object(Illuminate\\Routing\\Route))
#39 C:\\Users\\62812\\Documents\\LARAVEL FUNDAMENTAL\\laravel vue ecommerce\\ecommerce\\vendor\\laravel\\framework\\src\\Illuminate\\Routing\\Router.php(739): Illuminate\\Routing\\Router->dispatchToRoute(Object(Illuminate\\Http\\Request))
#40 C:\\Users\\62812\\Documents\\LARAVEL FUNDAMENTAL\\laravel vue ecommerce\\ecommerce\\vendor\\laravel\\framework\\src\\Illuminate\\Foundation\\Http\\Kernel.php(201): Illuminate\\Routing\\Router->dispatch(Object(Illuminate\\Http\\Request))
#41 C:\\Users\\62812\\Documents\\LARAVEL FUNDAMENTAL\\laravel vue ecommerce\\ecommerce\\vendor\\laravel\\framework\\src\\Illuminate\\Pipeline\\Pipeline.php(170): Illuminate\\Foundation\\Http\\Kernel->Illuminate\\Foundation\\Http\\{closure}(Object(Illuminate\\Http\\Request))
#42 C:\\Users\\62812\\Documents\\LARAVEL FUNDAMENTAL\\laravel vue ecommerce\\ecommerce\\vendor\\laravel\\framework\\src\\Illuminate\\Foundation\\Http\\Middleware\\TransformsRequest.php(21): Illuminate\\Pipeline\\Pipeline->Illuminate\\Pipeline\\{closure}(Object(Illuminate\\Http\\Request))
#43 C:\\Users\\62812\\Documents\\LARAVEL FUNDAMENTAL\\laravel vue ecommerce\\ecommerce\\vendor\\laravel\\framework\\src\\Illuminate\\Foundation\\Http\\Middleware\\ConvertEmptyStringsToNull.php(31): Illuminate\\Foundation\\Http\\Middleware\\TransformsRequest->handle(Object(Illuminate\\Http\\Request), Object(Closure))
#44 C:\\Users\\62812\\Documents\\LARAVEL FUNDAMENTAL\\laravel vue ecommerce\\ecommerce\\vendor\\laravel\\framework\\src\\Illuminate\\Pipeline\\Pipeline.php(209): Illuminate\\Foundation\\Http\\Middleware\\ConvertEmptyStringsToNull->handle(Object(Illuminate\\Http\\Request), Object(Closure))
#45 C:\\Users\\62812\\Documents\\LARAVEL FUNDAMENTAL\\laravel vue ecommerce\\ecommerce\\vendor\\laravel\\framework\\src\\Illuminate\\Foundation\\Http\\Middleware\\TransformsRequest.php(21): Illuminate\\Pipeline\\Pipeline->Illuminate\\Pipeline\\{closure}(Object(Illuminate\\Http\\Request))
#46 C:\\Users\\62812\\Documents\\LARAVEL FUNDAMENTAL\\laravel vue ecommerce\\ecommerce\\vendor\\laravel\\framework\\src\\Illuminate\\Foundation\\Http\\Middleware\\TrimStrings.php(51): Illuminate\\Foundation\\Http\\Middleware\\TransformsRequest->handle(Object(Illuminate\\Http\\Request), Object(Closure))
#47 C:\\Users\\62812\\Documents\\LARAVEL FUNDAMENTAL\\laravel vue ecommerce\\ecommerce\\vendor\\laravel\\framework\\src\\Illuminate\\Pipeline\\Pipeline.php(209): Illuminate\\Foundation\\Http\\Middleware\\TrimStrings->handle(Object(Illuminate\\Http\\Request), Object(Closure))
#48 C:\\Users\\62812\\Documents\\LARAVEL FUNDAMENTAL\\laravel vue ecommerce\\ecommerce\\vendor\\laravel\\framework\\src\\Illuminate\\Http\\Middleware\\ValidatePostSize.php(27): Illuminate\\Pipeline\\Pipeline->Illuminate\\Pipeline\\{closure}(Object(Illuminate\\Http\\Request))
#49 C:\\Users\\62812\\Documents\\LARAVEL FUNDAMENTAL\\laravel vue ecommerce\\ecommerce\\vendor\\laravel\\framework\\src\\Illuminate\\Pipeline\\Pipeline.php(209): Illuminate\\Http\\Middleware\\ValidatePostSize->handle(Object(Illuminate\\Http\\Request), Object(Closure))
#50 C:\\Users\\62812\\Documents\\LARAVEL FUNDAMENTAL\\laravel vue ecommerce\\ecommerce\\vendor\\laravel\\framework\\src\\Illuminate\\Foundation\\Http\\Middleware\\PreventRequestsDuringMaintenance.php(110): Illuminate\\Pipeline\\Pipeline->Illuminate\\Pipeline\\{closure}(Object(Illuminate\\Http\\Request))
#51 C:\\Users\\62812\\Documents\\LARAVEL FUNDAMENTAL\\laravel vue ecommerce\\ecommerce\\vendor\\laravel\\framework\\src\\Illuminate\\Pipeline\\Pipeline.php(209): Illuminate\\Foundation\\Http\\Middleware\\PreventRequestsDuringMaintenance->handle(Object(Illuminate\\Http\\Request), Object(Closure))
#52 C:\\Users\\62812\\Documents\\LARAVEL FUNDAMENTAL\\laravel vue ecommerce\\ecommerce\\vendor\\laravel\\framework\\src\\Illuminate\\Http\\Middleware\\HandleCors.php(49): Illuminate\\Pipeline\\Pipeline->Illuminate\\Pipeline\\{closure}(Object(Illuminate\\Http\\Request))
#53 C:\\Users\\62812\\Documents\\LARAVEL FUNDAMENTAL\\laravel vue ecommerce\\ecommerce\\vendor\\laravel\\framework\\src\\Illuminate\\Pipeline\\Pipeline.php(209): Illuminate\\Http\\Middleware\\HandleCors->handle(Object(Illuminate\\Http\\Request), Object(Closure))
#54 C:\\Users\\62812\\Documents\\LARAVEL FUNDAMENTAL\\laravel vue ecommerce\\ecommerce\\vendor\\laravel\\framework\\src\\Illuminate\\Http\\Middleware\\TrustProxies.php(58): Illuminate\\Pipeline\\Pipeline->Illuminate\\Pipeline\\{closure}(Object(Illuminate\\Http\\Request))
#55 C:\\Users\\62812\\Documents\\LARAVEL FUNDAMENTAL\\laravel vue ecommerce\\ecommerce\\vendor\\laravel\\framework\\src\\Illuminate\\Pipeline\\Pipeline.php(209): Illuminate\\Http\\Middleware\\TrustProxies->handle(Object(Illuminate\\Http\\Request), Object(Closure))
#56 C:\\Users\\62812\\Documents\\LARAVEL FUNDAMENTAL\\laravel vue ecommerce\\ecommerce\\vendor\\laravel\\framework\\src\\Illuminate\\Foundation\\Http\\Middleware\\InvokeDeferredCallbacks.php(22): Illuminate\\Pipeline\\Pipeline->Illuminate\\Pipeline\\{closure}(Object(Illuminate\\Http\\Request))
#57 C:\\Users\\62812\\Documents\\LARAVEL FUNDAMENTAL\\laravel vue ecommerce\\ecommerce\\vendor\\laravel\\framework\\src\\Illuminate\\Pipeline\\Pipeline.php(209): Illuminate\\Foundation\\Http\\Middleware\\InvokeDeferredCallbacks->handle(Object(Illuminate\\Http\\Request), Object(Closure))
#58 C:\\Users\\62812\\Documents\\LARAVEL FUNDAMENTAL\\laravel vue ecommerce\\ecommerce\\vendor\\laravel\\framework\\src\\Illuminate\\Pipeline\\Pipeline.php(127): Illuminate\\Pipeline\\Pipeline->Illuminate\\Pipeline\\{closure}(Object(Illuminate\\Http\\Request))
#59 C:\\Users\\62812\\Documents\\LARAVEL FUNDAMENTAL\\laravel vue ecommerce\\ecommerce\\vendor\\laravel\\framework\\src\\Illuminate\\Foundation\\Http\\Kernel.php(176): Illuminate\\Pipeline\\Pipeline->then(Object(Closure))
#60 C:\\Users\\62812\\Documents\\LARAVEL FUNDAMENTAL\\laravel vue ecommerce\\ecommerce\\vendor\\laravel\\framework\\src\\Illuminate\\Foundation\\Http\\Kernel.php(145): Illuminate\\Foundation\\Http\\Kernel->sendRequestThroughRouter(Object(Illuminate\\Http\\Request))
#61 C:\\Users\\62812\\Documents\\LARAVEL FUNDAMENTAL\\laravel vue ecommerce\\ecommerce\\vendor\\laravel\\framework\\src\\Illuminate\\Foundation\\Application.php(1220): Illuminate\\Foundation\\Http\\Kernel->handle(Object(Illuminate\\Http\\Request))
#62 C:\\Users\\62812\\Documents\\LARAVEL FUNDAMENTAL\\laravel vue ecommerce\\ecommerce\\public\\index.php(17): Illuminate\\Foundation\\Application->handleRequest(Object(Illuminate\\Http\\Request))
#63 C:\\Users\\62812\\Documents\\LARAVEL FUNDAMENTAL\\laravel vue ecommerce\\ecommerce\\vendor\\laravel\\framework\\src\\Illuminate\\Foundation\\resources\\server.php(23): require_once('C:\\\\Users\\\\62812\\\\...')
#64 {main}

[previous exception] [object] (ParseError(code: 0): syntax error, unexpected end of file, expecting \"elseif\" or \"else\" or \"endif\" at C:\\Users\\62812\\Documents\\LARAVEL FUNDAMENTAL\\laravel vue ecommerce\\ecommerce\\storage\\framework\\views\\6ab588b43760987b97a79ebf9f80de33.php:232)
[stacktrace]
#0 C:\\Users\\62812\\Documents\\LARAVEL FUNDAMENTAL\\laravel vue ecommerce\\ecommerce\\vendor\\laravel\\framework\\src\\Illuminate\\Filesystem\\Filesystem.php(124): Illuminate\\Filesystem\\Filesystem::Illuminate\\Filesystem\\{closure}()
#1 C:\\Users\\62812\\Documents\\LARAVEL FUNDAMENTAL\\laravel vue ecommerce\\ecommerce\\vendor\\laravel\\framework\\src\\Illuminate\\View\\Engines\\PhpEngine.php(58): Illuminate\\Filesystem\\Filesystem->getRequire('C:\\\\Users\\\\62812\\\\...', Array)
#2 C:\\Users\\62812\\Documents\\LARAVEL FUNDAMENTAL\\laravel vue ecommerce\\ecommerce\\vendor\\laravel\\framework\\src\\Illuminate\\View\\Engines\\CompilerEngine.php(75): Illuminate\\View\\Engines\\PhpEngine->evaluatePath('C:\\\\Users\\\\62812\\\\...', Array)
#3 C:\\Users\\62812\\Documents\\LARAVEL FUNDAMENTAL\\laravel vue ecommerce\\ecommerce\\vendor\\laravel\\framework\\src\\Illuminate\\View\\View.php(209): Illuminate\\View\\Engines\\CompilerEngine->get('C:\\\\Users\\\\62812\\\\...', Array)
#4 C:\\Users\\62812\\Documents\\LARAVEL FUNDAMENTAL\\laravel vue ecommerce\\ecommerce\\vendor\\laravel\\framework\\src\\Illuminate\\View\\View.php(192): Illuminate\\View\\View->getContents()
#5 C:\\Users\\62812\\Documents\\LARAVEL FUNDAMENTAL\\laravel vue ecommerce\\ecommerce\\vendor\\laravel\\framework\\src\\Illuminate\\View\\View.php(161): Illuminate\\View\\View->renderContents()
#6 C:\\Users\\62812\\Documents\\LARAVEL FUNDAMENTAL\\laravel vue ecommerce\\ecommerce\\storage\\framework\\views\\abf812e0c61f495834822098d3a19595.php(24): Illuminate\\View\\View->render()
#7 C:\\Users\\62812\\Documents\\LARAVEL FUNDAMENTAL\\laravel vue ecommerce\\ecommerce\\vendor\\laravel\\framework\\src\\Illuminate\\Filesystem\\Filesystem.php(123): require('C:\\\\Users\\\\62812\\\\...')
#8 C:\\Users\\62812\\Documents\\LARAVEL FUNDAMENTAL\\laravel vue ecommerce\\ecommerce\\vendor\\laravel\\framework\\src\\Illuminate\\Filesystem\\Filesystem.php(124): Illuminate\\Filesystem\\Filesystem::Illuminate\\Filesystem\\{closure}()
#9 C:\\Users\\62812\\Documents\\LARAVEL FUNDAMENTAL\\laravel vue ecommerce\\ecommerce\\vendor\\laravel\\framework\\src\\Illuminate\\View\\Engines\\PhpEngine.php(58): Illuminate\\Filesystem\\Filesystem->getRequire('C:\\\\Users\\\\62812\\\\...', Array)
#10 C:\\Users\\62812\\Documents\\LARAVEL FUNDAMENTAL\\laravel vue ecommerce\\ecommerce\\vendor\\laravel\\framework\\src\\Illuminate\\View\\Engines\\CompilerEngine.php(75): Illuminate\\View\\Engines\\PhpEngine->evaluatePath('C:\\\\Users\\\\62812\\\\...', Array)
#11 C:\\Users\\62812\\Documents\\LARAVEL FUNDAMENTAL\\laravel vue ecommerce\\ecommerce\\vendor\\laravel\\framework\\src\\Illuminate\\View\\View.php(209): Illuminate\\View\\Engines\\CompilerEngine->get('C:\\\\Users\\\\62812\\\\...', Array)
#12 C:\\Users\\62812\\Documents\\LARAVEL FUNDAMENTAL\\laravel vue ecommerce\\ecommerce\\vendor\\laravel\\framework\\src\\Illuminate\\View\\View.php(192): Illuminate\\View\\View->getContents()
#13 C:\\Users\\62812\\Documents\\LARAVEL FUNDAMENTAL\\laravel vue ecommerce\\ecommerce\\vendor\\laravel\\framework\\src\\Illuminate\\View\\View.php(161): Illuminate\\View\\View->renderContents()
#14 C:\\Users\\62812\\Documents\\LARAVEL FUNDAMENTAL\\laravel vue ecommerce\\ecommerce\\vendor\\laravel\\framework\\src\\Illuminate\\View\\Concerns\\ManagesComponents.php(99): Illuminate\\View\\View->render()
#15 C:\\Users\\62812\\Documents\\LARAVEL FUNDAMENTAL\\laravel vue ecommerce\\ecommerce\\storage\\framework\\views\\81f2304a786e2dfc849130d6323387df.php(12): Illuminate\\View\\Factory->renderComponent()
#16 C:\\Users\\62812\\Documents\\LARAVEL FUNDAMENTAL\\laravel vue ecommerce\\ecommerce\\vendor\\laravel\\framework\\src\\Illuminate\\Filesystem\\Filesystem.php(123): require('C:\\\\Users\\\\62812\\\\...')
#17 C:\\Users\\62812\\Documents\\LARAVEL FUNDAMENTAL\\laravel vue ecommerce\\ecommerce\\vendor\\laravel\\framework\\src\\Illuminate\\Filesystem\\Filesystem.php(124): Illuminate\\Filesystem\\Filesystem::Illuminate\\Filesystem\\{closure}()
#18 C:\\Users\\62812\\Documents\\LARAVEL FUNDAMENTAL\\laravel vue ecommerce\\ecommerce\\vendor\\laravel\\framework\\src\\Illuminate\\View\\Engines\\PhpEngine.php(58): Illuminate\\Filesystem\\Filesystem->getRequire('C:\\\\Users\\\\62812\\\\...', Array)
#19 C:\\Users\\62812\\Documents\\LARAVEL FUNDAMENTAL\\laravel vue ecommerce\\ecommerce\\vendor\\laravel\\framework\\src\\Illuminate\\View\\Engines\\CompilerEngine.php(75): Illuminate\\View\\Engines\\PhpEngine->evaluatePath('C:\\\\Users\\\\62812\\\\...', Array)
#20 C:\\Users\\62812\\Documents\\LARAVEL FUNDAMENTAL\\laravel vue ecommerce\\ecommerce\\vendor\\laravel\\framework\\src\\Illuminate\\View\\View.php(209): Illuminate\\View\\Engines\\CompilerEngine->get('C:\\\\Users\\\\62812\\\\...', Array)
#21 C:\\Users\\62812\\Documents\\LARAVEL FUNDAMENTAL\\laravel vue ecommerce\\ecommerce\\vendor\\laravel\\framework\\src\\Illuminate\\View\\View.php(192): Illuminate\\View\\View->getContents()
#22 C:\\Users\\62812\\Documents\\LARAVEL FUNDAMENTAL\\laravel vue ecommerce\\ecommerce\\vendor\\laravel\\framework\\src\\Illuminate\\View\\View.php(161): Illuminate\\View\\View->renderContents()
#23 C:\\Users\\62812\\Documents\\LARAVEL FUNDAMENTAL\\laravel vue ecommerce\\ecommerce\\vendor\\laravel\\framework\\src\\Illuminate\\Http\\Response.php(79): Illuminate\\View\\View->render()
#24 C:\\Users\\62812\\Documents\\LARAVEL FUNDAMENTAL\\laravel vue ecommerce\\ecommerce\\vendor\\laravel\\framework\\src\\Illuminate\\Http\\Response.php(35): Illuminate\\Http\\Response->setContent(Object(Illuminate\\View\\View))
#25 C:\\Users\\62812\\Documents\\LARAVEL FUNDAMENTAL\\laravel vue ecommerce\\ecommerce\\vendor\\laravel\\framework\\src\\Illuminate\\Routing\\Router.php(920): Illuminate\\Http\\Response->__construct(Object(Illuminate\\View\\View), 200, Array)
#26 C:\\Users\\62812\\Documents\\LARAVEL FUNDAMENTAL\\laravel vue ecommerce\\ecommerce\\vendor\\laravel\\framework\\src\\Illuminate\\Routing\\Router.php(887): Illuminate\\Routing\\Router::toResponse(Object(Illuminate\\Http\\Request), Object(Illuminate\\View\\View))
#27 C:\\Users\\62812\\Documents\\LARAVEL FUNDAMENTAL\\laravel vue ecommerce\\ecommerce\\vendor\\laravel\\framework\\src\\Illuminate\\Routing\\Router.php(807): Illuminate\\Routing\\Router->prepareResponse(Object(Illuminate\\Http\\Request), Object(Illuminate\\View\\View))
#28 C:\\Users\\62812\\Documents\\LARAVEL FUNDAMENTAL\\laravel vue ecommerce\\ecommerce\\vendor\\laravel\\framework\\src\\Illuminate\\Pipeline\\Pipeline.php(170): Illuminate\\Routing\\Router->Illuminate\\Routing\\{closure}(Object(Illuminate\\Http\\Request))
#29 C:\\Users\\62812\\Documents\\LARAVEL FUNDAMENTAL\\laravel vue ecommerce\\ecommerce\\vendor\\laravel\\framework\\src\\Illuminate\\Routing\\Middleware\\SubstituteBindings.php(51): Illuminate\\Pipeline\\Pipeline->Illuminate\\Pipeline\\{closure}(Object(Illuminate\\Http\\Request))
#30 C:\\Users\\62812\\Documents\\LARAVEL FUNDAMENTAL\\laravel vue ecommerce\\ecommerce\\vendor\\laravel\\framework\\src\\Illuminate\\Pipeline\\Pipeline.php(209): Illuminate\\Routing\\Middleware\\SubstituteBindings->handle(Object(Illuminate\\Http\\Request), Object(Closure))
#31 C:\\Users\\62812\\Documents\\LARAVEL FUNDAMENTAL\\laravel vue ecommerce\\ecommerce\\vendor\\laravel\\framework\\src\\Illuminate\\Foundation\\Http\\Middleware\\VerifyCsrfToken.php(88): Illuminate\\Pipeline\\Pipeline->Illuminate\\Pipeline\\{closure}(Object(Illuminate\\Http\\Request))
#32 C:\\Users\\62812\\Documents\\LARAVEL FUNDAMENTAL\\laravel vue ecommerce\\ecommerce\\vendor\\laravel\\framework\\src\\Illuminate\\Pipeline\\Pipeline.php(209): Illuminate\\Foundation\\Http\\Middleware\\VerifyCsrfToken->handle(Object(Illuminate\\Http\\Request), Object(Closure))
#33 C:\\Users\\62812\\Documents\\LARAVEL FUNDAMENTAL\\laravel vue ecommerce\\ecommerce\\vendor\\laravel\\framework\\src\\Illuminate\\View\\Middleware\\ShareErrorsFromSession.php(49): Illuminate\\Pipeline\\Pipeline->Illuminate\\Pipeline\\{closure}(Object(Illuminate\\Http\\Request))
#34 C:\\Users\\62812\\Documents\\LARAVEL FUNDAMENTAL\\laravel vue ecommerce\\ecommerce\\vendor\\laravel\\framework\\src\\Illuminate\\Pipeline\\Pipeline.php(209): Illuminate\\View\\Middleware\\ShareErrorsFromSession->handle(Object(Illuminate\\Http\\Request), Object(Closure))
#35 C:\\Users\\62812\\Documents\\LARAVEL FUNDAMENTAL\\laravel vue ecommerce\\ecommerce\\vendor\\laravel\\framework\\src\\Illuminate\\Session\\Middleware\\StartSession.php(121): Illuminate\\Pipeline\\Pipeline->Illuminate\\Pipeline\\{closure}(Object(Illuminate\\Http\\Request))
#36 C:\\Users\\62812\\Documents\\LARAVEL FUNDAMENTAL\\laravel vue ecommerce\\ecommerce\\vendor\\laravel\\framework\\src\\Illuminate\\Session\\Middleware\\StartSession.php(64): Illuminate\\Session\\Middleware\\StartSession->handleStatefulRequest(Object(Illuminate\\Http\\Request), Object(Illuminate\\Session\\Store), Object(Closure))
#37 C:\\Users\\62812\\Documents\\LARAVEL FUNDAMENTAL\\laravel vue ecommerce\\ecommerce\\vendor\\laravel\\framework\\src\\Illuminate\\Pipeline\\Pipeline.php(209): Illuminate\\Session\\Middleware\\StartSession->handle(Object(Illuminate\\Http\\Request), Object(Closure))
#38 C:\\Users\\62812\\Documents\\LARAVEL FUNDAMENTAL\\laravel vue ecommerce\\ecommerce\\vendor\\laravel\\framework\\src\\Illuminate\\Cookie\\Middleware\\AddQueuedCookiesToResponse.php(37): Illuminate\\Pipeline\\Pipeline->Illuminate\\Pipeline\\{closure}(Object(Illuminate\\Http\\Request))
#39 C:\\Users\\62812\\Documents\\LARAVEL FUNDAMENTAL\\laravel vue ecommerce\\ecommerce\\vendor\\laravel\\framework\\src\\Illuminate\\Pipeline\\Pipeline.php(209): Illuminate\\Cookie\\Middleware\\AddQueuedCookiesToResponse->handle(Object(Illuminate\\Http\\Request), Object(Closure))
#40 C:\\Users\\62812\\Documents\\LARAVEL FUNDAMENTAL\\laravel vue ecommerce\\ecommerce\\vendor\\laravel\\framework\\src\\Illuminate\\Cookie\\Middleware\\EncryptCookies.php(75): Illuminate\\Pipeline\\Pipeline->Illuminate\\Pipeline\\{closure}(Object(Illuminate\\Http\\Request))
#41 C:\\Users\\62812\\Documents\\LARAVEL FUNDAMENTAL\\laravel vue ecommerce\\ecommerce\\vendor\\laravel\\framework\\src\\Illuminate\\Pipeline\\Pipeline.php(209): Illuminate\\Cookie\\Middleware\\EncryptCookies->handle(Object(Illuminate\\Http\\Request), Object(Closure))
#42 C:\\Users\\62812\\Documents\\LARAVEL FUNDAMENTAL\\laravel vue ecommerce\\ecommerce\\vendor\\laravel\\framework\\src\\Illuminate\\Pipeline\\Pipeline.php(127): Illuminate\\Pipeline\\Pipeline->Illuminate\\Pipeline\\{closure}(Object(Illuminate\\Http\\Request))
#43 C:\\Users\\62812\\Documents\\LARAVEL FUNDAMENTAL\\laravel vue ecommerce\\ecommerce\\vendor\\laravel\\framework\\src\\Illuminate\\Routing\\Router.php(807): Illuminate\\Pipeline\\Pipeline->then(Object(Closure))
#44 C:\\Users\\62812\\Documents\\LARAVEL FUNDAMENTAL\\laravel vue ecommerce\\ecommerce\\vendor\\laravel\\framework\\src\\Illuminate\\Routing\\Router.php(786): Illuminate\\Routing\\Router->runRouteWithinStack(Object(Illuminate\\Routing\\Route), Object(Illuminate\\Http\\Request))
#45 C:\\Users\\62812\\Documents\\LARAVEL FUNDAMENTAL\\laravel vue ecommerce\\ecommerce\\vendor\\laravel\\framework\\src\\Illuminate\\Routing\\Router.php(750): Illuminate\\Routing\\Router->runRoute(Object(Illuminate\\Http\\Request), Object(Illuminate\\Routing\\Route))
#46 C:\\Users\\62812\\Documents\\LARAVEL FUNDAMENTAL\\laravel vue ecommerce\\ecommerce\\vendor\\laravel\\framework\\src\\Illuminate\\Routing\\Router.php(739): Illuminate\\Routing\\Router->dispatchToRoute(Object(Illuminate\\Http\\Request))
#47 C:\\Users\\62812\\Documents\\LARAVEL FUNDAMENTAL\\laravel vue ecommerce\\ecommerce\\vendor\\laravel\\framework\\src\\Illuminate\\Foundation\\Http\\Kernel.php(201): Illuminate\\Routing\\Router->dispatch(Object(Illuminate\\Http\\Request))
#48 C:\\Users\\62812\\Documents\\LARAVEL FUNDAMENTAL\\laravel vue ecommerce\\ecommerce\\vendor\\laravel\\framework\\src\\Illuminate\\Pipeline\\Pipeline.php(170): Illuminate\\Foundation\\Http\\Kernel->Illuminate\\Foundation\\Http\\{closure}(Object(Illuminate\\Http\\Request))
#49 C:\\Users\\62812\\Documents\\LARAVEL FUNDAMENTAL\\laravel vue ecommerce\\ecommerce\\vendor\\laravel\\framework\\src\\Illuminate\\Foundation\\Http\\Middleware\\TransformsRequest.php(21): Illuminate\\Pipeline\\Pipeline->Illuminate\\Pipeline\\{closure}(Object(Illuminate\\Http\\Request))
#50 C:\\Users\\62812\\Documents\\LARAVEL FUNDAMENTAL\\laravel vue ecommerce\\ecommerce\\vendor\\laravel\\framework\\src\\Illuminate\\Foundation\\Http\\Middleware\\ConvertEmptyStringsToNull.php(31): Illuminate\\Foundation\\Http\\Middleware\\TransformsRequest->handle(Object(Illuminate\\Http\\Request), Object(Closure))
#51 C:\\Users\\62812\\Documents\\LARAVEL FUNDAMENTAL\\laravel vue ecommerce\\ecommerce\\vendor\\laravel\\framework\\src\\Illuminate\\Pipeline\\Pipeline.php(209): Illuminate\\Foundation\\Http\\Middleware\\ConvertEmptyStringsToNull->handle(Object(Illuminate\\Http\\Request), Object(Closure))
#52 C:\\Users\\62812\\Documents\\LARAVEL FUNDAMENTAL\\laravel vue ecommerce\\ecommerce\\vendor\\laravel\\framework\\src\\Illuminate\\Foundation\\Http\\Middleware\\TransformsRequest.php(21): Illuminate\\Pipeline\\Pipeline->Illuminate\\Pipeline\\{closure}(Object(Illuminate\\Http\\Request))
#53 C:\\Users\\62812\\Documents\\LARAVEL FUNDAMENTAL\\laravel vue ecommerce\\ecommerce\\vendor\\laravel\\framework\\src\\Illuminate\\Foundation\\Http\\Middleware\\TrimStrings.php(51): Illuminate\\Foundation\\Http\\Middleware\\TransformsRequest->handle(Object(Illuminate\\Http\\Request), Object(Closure))
#54 C:\\Users\\62812\\Documents\\LARAVEL FUNDAMENTAL\\laravel vue ecommerce\\ecommerce\\vendor\\laravel\\framework\\src\\Illuminate\\Pipeline\\Pipeline.php(209): Illuminate\\Foundation\\Http\\Middleware\\TrimStrings->handle(Object(Illuminate\\Http\\Request), Object(Closure))
#55 C:\\Users\\62812\\Documents\\LARAVEL FUNDAMENTAL\\laravel vue ecommerce\\ecommerce\\vendor\\laravel\\framework\\src\\Illuminate\\Http\\Middleware\\ValidatePostSize.php(27): Illuminate\\Pipeline\\Pipeline->Illuminate\\Pipeline\\{closure}(Object(Illuminate\\Http\\Request))
#56 C:\\Users\\62812\\Documents\\LARAVEL FUNDAMENTAL\\laravel vue ecommerce\\ecommerce\\vendor\\laravel\\framework\\src\\Illuminate\\Pipeline\\Pipeline.php(209): Illuminate\\Http\\Middleware\\ValidatePostSize->handle(Object(Illuminate\\Http\\Request), Object(Closure))
#57 C:\\Users\\62812\\Documents\\LARAVEL FUNDAMENTAL\\laravel vue ecommerce\\ecommerce\\vendor\\laravel\\framework\\src\\Illuminate\\Foundation\\Http\\Middleware\\PreventRequestsDuringMaintenance.php(110): Illuminate\\Pipeline\\Pipeline->Illuminate\\Pipeline\\{closure}(Object(Illuminate\\Http\\Request))
#58 C:\\Users\\62812\\Documents\\LARAVEL FUNDAMENTAL\\laravel vue ecommerce\\ecommerce\\vendor\\laravel\\framework\\src\\Illuminate\\Pipeline\\Pipeline.php(209): Illuminate\\Foundation\\Http\\Middleware\\PreventRequestsDuringMaintenance->handle(Object(Illuminate\\Http\\Request), Object(Closure))
#59 C:\\Users\\62812\\Documents\\LARAVEL FUNDAMENTAL\\laravel vue ecommerce\\ecommerce\\vendor\\laravel\\framework\\src\\Illuminate\\Http\\Middleware\\HandleCors.php(49): Illuminate\\Pipeline\\Pipeline->Illuminate\\Pipeline\\{closure}(Object(Illuminate\\Http\\Request))
#60 C:\\Users\\62812\\Documents\\LARAVEL FUNDAMENTAL\\laravel vue ecommerce\\ecommerce\\vendor\\laravel\\framework\\src\\Illuminate\\Pipeline\\Pipeline.php(209): Illuminate\\Http\\Middleware\\HandleCors->handle(Object(Illuminate\\Http\\Request), Object(Closure))
#61 C:\\Users\\62812\\Documents\\LARAVEL FUNDAMENTAL\\laravel vue ecommerce\\ecommerce\\vendor\\laravel\\framework\\src\\Illuminate\\Http\\Middleware\\TrustProxies.php(58): Illuminate\\Pipeline\\Pipeline->Illuminate\\Pipeline\\{closure}(Object(Illuminate\\Http\\Request))
#62 C:\\Users\\62812\\Documents\\LARAVEL FUNDAMENTAL\\laravel vue ecommerce\\ecommerce\\vendor\\laravel\\framework\\src\\Illuminate\\Pipeline\\Pipeline.php(209): Illuminate\\Http\\Middleware\\TrustProxies->handle(Object(Illuminate\\Http\\Request), Object(Closure))
#63 C:\\Users\\62812\\Documents\\LARAVEL FUNDAMENTAL\\laravel vue ecommerce\\ecommerce\\vendor\\laravel\\framework\\src\\Illuminate\\Foundation\\Http\\Middleware\\InvokeDeferredCallbacks.php(22): Illuminate\\Pipeline\\Pipeline->Illuminate\\Pipeline\\{closure}(Object(Illuminate\\Http\\Request))
#64 C:\\Users\\62812\\Documents\\LARAVEL FUNDAMENTAL\\laravel vue ecommerce\\ecommerce\\vendor\\laravel\\framework\\src\\Illuminate\\Pipeline\\Pipeline.php(209): Illuminate\\Foundation\\Http\\Middleware\\InvokeDeferredCallbacks->handle(Object(Illuminate\\Http\\Request), Object(Closure))
#65 C:\\Users\\62812\\Documents\\LARAVEL FUNDAMENTAL\\laravel vue ecommerce\\ecommerce\\vendor\\laravel\\framework\\src\\Illuminate\\Pipeline\\Pipeline.php(127): Illuminate\\Pipeline\\Pipeline->Illuminate\\Pipeline\\{closure}(Object(Illuminate\\Http\\Request))
#66 C:\\Users\\62812\\Documents\\LARAVEL FUNDAMENTAL\\laravel vue ecommerce\\ecommerce\\vendor\\laravel\\framework\\src\\Illuminate\\Foundation\\Http\\Kernel.php(176): Illuminate\\Pipeline\\Pipeline->then(Object(Closure))
#67 C:\\Users\\62812\\Documents\\LARAVEL FUNDAMENTAL\\laravel vue ecommerce\\ecommerce\\vendor\\laravel\\framework\\src\\Illuminate\\Foundation\\Http\\Kernel.php(145): Illuminate\\Foundation\\Http\\Kernel->sendRequestThroughRouter(Object(Illuminate\\Http\\Request))
#68 C:\\Users\\62812\\Documents\\LARAVEL FUNDAMENTAL\\laravel vue ecommerce\\ecommerce\\vendor\\laravel\\framework\\src\\Illuminate\\Foundation\\Application.php(1220): Illuminate\\Foundation\\Http\\Kernel->handle(Object(Illuminate\\Http\\Request))
#69 C:\\Users\\62812\\Documents\\LARAVEL FUNDAMENTAL\\laravel vue ecommerce\\ecommerce\\public\\index.php(17): Illuminate\\Foundation\\Application->handleRequest(Object(Illuminate\\Http\\Request))
#70 C:\\Users\\62812\\Documents\\LARAVEL FUNDAMENTAL\\laravel vue ecommerce\\ecommerce\\vendor\\laravel\\framework\\src\\Illuminate\\Foundation\\resources\\server.php(23): require_once('C:\\\\Users\\\\62812\\\\...')
#71 {main}
"} 
[2025-12-15 06:13:08] local.ERROR: syntax error, unexpected end of file {"view":{"view":"C:\\Users\\62812\\Documents\\LARAVEL FUNDAMENTAL\\laravel vue ecommerce\\ecommerce\\resources\\views\\layouts\\navigation.blade.php","data":{"errors":"<pre class=sf-dump id=sf-dump-976047844 data-indent-pad=\"  \"><span class=sf-dump-note>Illuminate\\Support\\ViewErrorBag</span> {<a class=sf-dump-ref>#1286</a><samp data-depth=1 class=sf-dump-expanded>
  #<span class=sf-dump-protected title=\"Protected property\">bags</span>: []
</samp>}
</pre><script>Sfdump(\"sf-dump-976047844\", {\"maxDepth\":3,\"maxStringLength\":160})</script>
","componentName":"<pre class=sf-dump id=sf-dump-803376584 data-indent-pad=\"  \">\"<span class=sf-dump-str title=\"10 characters\">app-layout</span>\"
</pre><script>Sfdump(\"sf-dump-803376584\", {\"maxDepth\":3,\"maxStringLength\":160})</script>
","attributes":"<pre class=sf-dump id=sf-dump-1783720626 data-indent-pad=\"  \"><span class=sf-dump-note>Illuminate\\View\\ComponentAttributeBag</span> {<a class=sf-dump-ref>#1308</a><samp data-depth=1 class=sf-dump-expanded>
  #<span class=sf-dump-protected title=\"Protected property\">attributes</span>: []
</samp>}
</pre><script>Sfdump(\"sf-dump-1783720626\", {\"maxDepth\":3,\"maxStringLength\":160})</script>
","ignoredParameterNames":"<pre class=sf-dump id=sf-dump-1777167983 data-indent-pad=\"  \"><span class=sf-dump-note>Illuminate\\View\\InvokableComponentVariable</span> {<a class=sf-dump-ref>#1322</a><samp data-depth=1 class=sf-dump-expanded>
  #<span class=sf-dump-protected title=\"Protected property\">callable</span>: <span class=sf-dump-note>Closure()</span> {<a class=sf-dump-ref>#1321</a><samp data-depth=2 class=sf-dump-compact>
    <span class=sf-dump-meta>class</span>: \"<span class=\"sf-dump-str sf-dump-ellipsization\" title=\"App\\View\\Components\\AppLayout
29 characters\"><span class=\"sf-dump-ellipsis sf-dump-ellipsis-class\">App\\View\\Components</span><span class=\"sf-dump-ellipsis sf-dump-ellipsis-class\">\\</span><span class=\"sf-dump-ellipsis-tail\">AppLayout</span></span>\"
    <span class=sf-dump-meta>this</span>: <span class=\"sf-dump-note sf-dump-ellipsization\" title=\"App\\View\\Components\\AppLayout
\"><span class=\"sf-dump-ellipsis sf-dump-ellipsis-note\">App\\View\\Components</span><span class=\"sf-dump-ellipsis sf-dump-ellipsis-note\">\\</span><span class=\"sf-dump-ellipsis-tail\">AppLayout</span></span> {<a class=sf-dump-ref>#1306</a> &#8230;}
    <span class=sf-dump-meta>use</span>: {<samp data-depth=3 class=sf-dump-compact>
      <span class=sf-dump-meta>$method</span>: \"<span class=sf-dump-str title=\"21 characters\">ignoredParameterNames</span>\"
    </samp>}
    <span class=sf-dump-meta>file</span>: \"<span class=\"sf-dump-str sf-dump-ellipsization\" title=\"C:\\Users\\62812\\Documents\\LARAVEL FUNDAMENTAL\\laravel vue ecommerce\\ecommerce\\vendor\\laravel\\framework\\src\\Illuminate\\View\\Component.php
135 characters\"><span class=\"sf-dump-ellipsis sf-dump-ellipsis-path\">C:\\Users\\62812\\Documents\\LARAVEL FUNDAMENTAL\\laravel vue ecommerce\\ecommerce\\vendor</span><span class=\"sf-dump-ellipsis sf-dump-ellipsis-path\">\\laravel\\framework\\</span><span class=\"sf-dump-ellipsis-tail\">src\\Illuminate\\View\\Component.php</span></span>\"
    <span class=sf-dump-meta>line</span>: \"<span class=sf-dump-str title=\"10 characters\">303 to 305</span>\"
  </samp>}
</samp>}
</pre><script>Sfdump(\"sf-dump-1777167983\", {\"maxDepth\":3,\"maxStringLength\":160})</script>
","slot":"<pre class=sf-dump id=sf-dump-2062183527 data-indent-pad=\"  \"><span class=sf-dump-note>Illuminate\\View\\ComponentSlot</span> {<a class=sf-dump-ref>#1309</a><samp data-depth=1 class=sf-dump-expanded>
  +<span class=sf-dump-public title=\"Public property\">attributes</span>: <span class=\"sf-dump-note sf-dump-ellipsization\" title=\"Illuminate\\View\\ComponentAttributeBag
\"><span class=\"sf-dump-ellipsis sf-dump-ellipsis-note\">Illuminate\\View</span><span class=\"sf-dump-ellipsis sf-dump-ellipsis-note\">\\</span><span class=\"sf-dump-ellipsis-tail\">ComponentAttributeBag</span></span> {<a class=sf-dump-ref>#1319</a><samp data-depth=2 class=sf-dump-compact>
    #<span class=sf-dump-protected title=\"Protected property\">attributes</span>: []
  </samp>}
  #<span class=sf-dump-protected title=\"Protected property\">contents</span>: \"<span class=sf-dump-str title=\"7 characters\">welcome</span>\"
</samp>}
</pre><script>Sfdump(\"sf-dump-2062183527\", {\"maxDepth\":3,\"maxStringLength\":160})</script>
","__laravel_slots":"<pre class=sf-dump id=sf-dump-136451131 data-indent-pad=\"  \"><span class=sf-dump-note>array:1</span> [<samp data-depth=1 class=sf-dump-expanded>
  \"<span class=sf-dump-key>__default</span>\" => <span class=\"sf-dump-note sf-dump-ellipsization\" title=\"Illuminate\\View\\ComponentSlot
\"><span class=\"sf-dump-ellipsis sf-dump-ellipsis-note\">Illuminate\\View</span><span class=\"sf-dump-ellipsis sf-dump-ellipsis-note\">\\</span><span class=\"sf-dump-ellipsis-tail\">ComponentSlot</span></span> {<a class=sf-dump-ref>#1309</a><samp data-depth=2 class=sf-dump-compact>
    +<span class=sf-dump-public title=\"Public property\">attributes</span>: <span class=\"sf-dump-note sf-dump-ellipsization\" title=\"Illuminate\\View\\ComponentAttributeBag
\"><span class=\"sf-dump-ellipsis sf-dump-ellipsis-note\">Illuminate\\View</span><span class=\"sf-dump-ellipsis sf-dump-ellipsis-note\">\\</span><span class=\"sf-dump-ellipsis-tail\">ComponentAttributeBag</span></span> {<a class=sf-dump-ref>#1319</a><samp data-depth=3 class=sf-dump-compact>
      #<span class=sf-dump-protected title=\"Protected property\">attributes</span>: []
    </samp>}
    #<span class=sf-dump-protected title=\"Protected property\">contents</span>: \"<span class=sf-dump-str title=\"7 characters\">welcome</span>\"
  </samp>}
</samp>]
</pre><script>Sfdump(\"sf-dump-136451131\", {\"maxDepth\":3,\"maxStringLength\":160})</script>
"}},"exception":"[object] (Spatie\\LaravelIgnition\\Exceptions\\ViewException(code: 0): syntax error, unexpected end of file at C:\\Users\\62812\\Documents\\LARAVEL FUNDAMENTAL\\laravel vue ecommerce\\ecommerce\\resources\\views\\layouts\\navigation.blade.php:227)
[stacktrace]
#0 C:\\Users\\62812\\Documents\\LARAVEL FUNDAMENTAL\\laravel vue ecommerce\\ecommerce\\vendor\\laravel\\framework\\src\\Illuminate\\Filesystem\\Filesystem.php(123): require('C:\\\\Users\\\\62812\\\\...')
#1 C:\\Users\\62812\\Documents\\LARAVEL FUNDAMENTAL\\laravel vue ecommerce\\ecommerce\\vendor\\laravel\\framework\\src\\Illuminate\\Filesystem\\Filesystem.php(124): Illuminate\\Filesystem\\Filesystem::Illuminate\\Filesystem\\{closure}()
#2 C:\\Users\\62812\\Documents\\LARAVEL FUNDAMENTAL\\laravel vue ecommerce\\ecommerce\\vendor\\laravel\\framework\\src\\Illuminate\\View\\Engines\\PhpEngine.php(58): Illuminate\\Filesystem\\Filesystem->getRequire('C:\\\\Users\\\\62812\\\\...', Array)
#3 C:\\Users\\62812\\Documents\\LARAVEL FUNDAMENTAL\\laravel vue ecommerce\\ecommerce\\vendor\\laravel\\framework\\src\\Illuminate\\View\\Engines\\CompilerEngine.php(75): Illuminate\\View\\Engines\\PhpEngine->evaluatePath('C:\\\\Users\\\\62812\\\\...', Array)
#4 C:\\Users\\62812\\Documents\\LARAVEL FUNDAMENTAL\\laravel vue ecommerce\\ecommerce\\vendor\\laravel\\framework\\src\\Illuminate\\View\\View.php(209): Illuminate\\View\\Engines\\CompilerEngine->get('C:\\\\Users\\\\62812\\\\...', Array)
#5 C:\\Users\\62812\\Documents\\LARAVEL FUNDAMENTAL\\laravel vue ecommerce\\ecommerce\\vendor\\laravel\\framework\\src\\Illuminate\\View\\View.php(192): Illuminate\\View\\View->getContents()
#6 C:\\Users\\62812\\Documents\\LARAVEL FUNDAMENTAL\\laravel vue ecommerce\\ecommerce\\vendor\\laravel\\framework\\src\\Illuminate\\View\\View.php(161): Illuminate\\View\\View->renderContents()
#7 C:\\Users\\62812\\Documents\\LARAVEL FUNDAMENTAL\\laravel vue ecommerce\\ecommerce\\vendor\\laravel\\framework\\src\\Illuminate\\View\\Concerns\\ManagesComponents.php(99): Illuminate\\View\\View->render()
#8 C:\\Users\\62812\\Documents\\LARAVEL FUNDAMENTAL\\laravel vue ecommerce\\ecommerce\\resources\\views\\welcome.blade.php(1): Illuminate\\View\\Factory->renderComponent()
#9 C:\\Users\\62812\\Documents\\LARAVEL FUNDAMENTAL\\laravel vue ecommerce\\ecommerce\\vendor\\laravel\\framework\\src\\Illuminate\\Filesystem\\Filesystem.php(123): require('C:\\\\Users\\\\62812\\\\...')
#10 C:\\Users\\62812\\Documents\\LARAVEL FUNDAMENTAL\\laravel vue ecommerce\\ecommerce\\vendor\\laravel\\framework\\src\\Illuminate\\Filesystem\\Filesystem.php(124): Illuminate\\Filesystem\\Filesystem::Illuminate\\Filesystem\\{closure}()
#11 C:\\Users\\62812\\Documents\\LARAVEL FUNDAMENTAL\\laravel vue ecommerce\\ecommerce\\vendor\\laravel\\framework\\src\\Illuminate\\View\\Engines\\PhpEngine.php(58): Illuminate\\Filesystem\\Filesystem->getRequire('C:\\\\Users\\\\62812\\\\...', Array)
#12 C:\\Users\\62812\\Documents\\LARAVEL FUNDAMENTAL\\laravel vue ecommerce\\ecommerce\\vendor\\laravel\\framework\\src\\Illuminate\\View\\Engines\\CompilerEngine.php(75): Illuminate\\View\\Engines\\PhpEngine->evaluatePath('C:\\\\Users\\\\62812\\\\...', Array)
#13 C:\\Users\\62812\\Documents\\LARAVEL FUNDAMENTAL\\laravel vue ecommerce\\ecommerce\\vendor\\laravel\\framework\\src\\Illuminate\\View\\View.php(209): Illuminate\\View\\Engines\\CompilerEngine->get('C:\\\\Users\\\\62812\\\\...', Array)
#14 C:\\Users\\62812\\Documents\\LARAVEL FUNDAMENTAL\\laravel vue ecommerce\\ecommerce\\vendor\\laravel\\framework\\src\\Illuminate\\View\\View.php(192): Illuminate\\View\\View->getContents()
#15 C:\\Users\\62812\\Documents\\LARAVEL FUNDAMENTAL\\laravel vue ecommerce\\ecommerce\\vendor\\laravel\\framework\\src\\Illuminate\\View\\View.php(161): Illuminate\\View\\View->renderContents()
#16 C:\\Users\\62812\\Documents\\LARAVEL FUNDAMENTAL\\laravel vue ecommerce\\ecommerce\\vendor\\laravel\\framework\\src\\Illuminate\\Http\\Response.php(79): Illuminate\\View\\View->render()
#17 C:\\Users\\62812\\Documents\\LARAVEL FUNDAMENTAL\\laravel vue ecommerce\\ecommerce\\vendor\\laravel\\framework\\src\\Illuminate\\Http\\Response.php(35): Illuminate\\Http\\Response->setContent(Object(Illuminate\\View\\View))
#18 C:\\Users\\62812\\Documents\\LARAVEL FUNDAMENTAL\\laravel vue ecommerce\\ecommerce\\vendor\\laravel\\framework\\src\\Illuminate\\Routing\\Router.php(920): Illuminate\\Http\\Response->__construct(Object(Illuminate\\View\\View), 200, Array)
#19 C:\\Users\\62812\\Documents\\LARAVEL FUNDAMENTAL\\laravel vue ecommerce\\ecommerce\\vendor\\laravel\\framework\\src\\Illuminate\\Routing\\Router.php(887): Illuminate\\Routing\\Router::toResponse(Object(Illuminate\\Http\\Request), Object(Illuminate\\View\\View))
#20 C:\\Users\\62812\\Documents\\LARAVEL FUNDAMENTAL\\laravel vue ecommerce\\ecommerce\\vendor\\laravel\\framework\\src\\Illuminate\\Routing\\Router.php(807): Illuminate\\Routing\\Router->prepareResponse(Object(Illuminate\\Http\\Request), Object(Illuminate\\View\\View))
#21 C:\\Users\\62812\\Documents\\LARAVEL FUNDAMENTAL\\laravel vue ecommerce\\ecommerce\\vendor\\laravel\\framework\\src\\Illuminate\\Pipeline\\Pipeline.php(170): Illuminate\\Routing\\Router->Illuminate\\Routing\\{closure}(Object(Illuminate\\Http\\Request))
#22 C:\\Users\\62812\\Documents\\LARAVEL FUNDAMENTAL\\laravel vue ecommerce\\ecommerce\\vendor\\laravel\\framework\\src\\Illuminate\\Routing\\Middleware\\SubstituteBindings.php(51): Illuminate\\Pipeline\\Pipeline->Illuminate\\Pipeline\\{closure}(Object(Illuminate\\Http\\Request))
#23 C:\\Users\\62812\\Documents\\LARAVEL FUNDAMENTAL\\laravel vue ecommerce\\ecommerce\\vendor\\laravel\\framework\\src\\Illuminate\\Pipeline\\Pipeline.php(209): Illuminate\\Routing\\Middleware\\SubstituteBindings->handle(Object(Illuminate\\Http\\Request), Object(Closure))
#24 C:\\Users\\62812\\Documents\\LARAVEL FUNDAMENTAL\\laravel vue ecommerce\\ecommerce\\vendor\\laravel\\framework\\src\\Illuminate\\Foundation\\Http\\Middleware\\VerifyCsrfToken.php(88): Illuminate\\Pipeline\\Pipeline->Illuminate\\Pipeline\\{closure}(Object(Illuminate\\Http\\Request))
#25 C:\\Users\\62812\\Documents\\LARAVEL FUNDAMENTAL\\laravel vue ecommerce\\ecommerce\\vendor\\laravel\\framework\\src\\Illuminate\\Pipeline\\Pipeline.php(209): Illuminate\\Foundation\\Http\\Middleware\\VerifyCsrfToken->handle(Object(Illuminate\\Http\\Request), Object(Closure))
#26 C:\\Users\\62812\\Documents\\LARAVEL FUNDAMENTAL\\laravel vue ecommerce\\ecommerce\\vendor\\laravel\\framework\\src\\Illuminate\\View\\Middleware\\ShareErrorsFromSession.php(49): Illuminate\\Pipeline\\Pipeline->Illuminate\\Pipeline\\{closure}(Object(Illuminate\\Http\\Request))
#27 C:\\Users\\62812\\Documents\\LARAVEL FUNDAMENTAL\\laravel vue ecommerce\\ecommerce\\vendor\\laravel\\framework\\src\\Illuminate\\Pipeline\\Pipeline.php(209): Illuminate\\View\\Middleware\\ShareErrorsFromSession->handle(Object(Illuminate\\Http\\Request), Object(Closure))
#28 C:\\Users\\62812\\Documents\\LARAVEL FUNDAMENTAL\\laravel vue ecommerce\\ecommerce\\vendor\\laravel\\framework\\src\\Illuminate\\Session\\Middleware\\StartSession.php(121): Illuminate\\Pipeline\\Pipeline->Illuminate\\Pipeline\\{closure}(Object(Illuminate\\Http\\Request))
#29 C:\\Users\\62812\\Documents\\LARAVEL FUNDAMENTAL\\laravel vue ecommerce\\ecommerce\\vendor\\laravel\\framework\\src\\Illuminate\\Session\\Middleware\\StartSession.php(64): Illuminate\\Session\\Middleware\\StartSession->handleStatefulRequest(Object(Illuminate\\Http\\Request), Object(Illuminate\\Session\\Store), Object(Closure))
#30 C:\\Users\\62812\\Documents\\LARAVEL FUNDAMENTAL\\laravel vue ecommerce\\ecommerce\\vendor\\laravel\\framework\\src\\Illuminate\\Pipeline\\Pipeline.php(209): Illuminate\\Session\\Middleware\\StartSession->handle(Object(Illuminate\\Http\\Request), Object(Closure))
#31 C:\\Users\\62812\\Documents\\LARAVEL FUNDAMENTAL\\laravel vue ecommerce\\ecommerce\\vendor\\laravel\\framework\\src\\Illuminate\\Cookie\\Middleware\\AddQueuedCookiesToResponse.php(37): Illuminate\\Pipeline\\Pipeline->Illuminate\\Pipeline\\{closure}(Object(Illuminate\\Http\\Request))
#32 C:\\Users\\62812\\Documents\\LARAVEL FUNDAMENTAL\\laravel vue ecommerce\\ecommerce\\vendor\\laravel\\framework\\src\\Illuminate\\Pipeline\\Pipeline.php(209): Illuminate\\Cookie\\Middleware\\AddQueuedCookiesToResponse->handle(Object(Illuminate\\Http\\Request), Object(Closure))
#33 C:\\Users\\62812\\Documents\\LARAVEL FUNDAMENTAL\\laravel vue ecommerce\\ecommerce\\vendor\\laravel\\framework\\src\\Illuminate\\Cookie\\Middleware\\EncryptCookies.php(75): Illuminate\\Pipeline\\Pipeline->Illuminate\\Pipeline\\{closure}(Object(Illuminate\\Http\\Request))
#34 C:\\Users\\62812\\Documents\\LARAVEL FUNDAMENTAL\\laravel vue ecommerce\\ecommerce\\vendor\\laravel\\framework\\src\\Illuminate\\Pipeline\\Pipeline.php(209): Illuminate\\Cookie\\Middleware\\EncryptCookies->handle(Object(Illuminate\\Http\\Request), Object(Closure))
#35 C:\\Users\\62812\\Documents\\LARAVEL FUNDAMENTAL\\laravel vue ecommerce\\ecommerce\\vendor\\laravel\\framework\\src\\Illuminate\\Pipeline\\Pipeline.php(127): Illuminate\\Pipeline\\Pipeline->Illuminate\\Pipeline\\{closure}(Object(Illuminate\\Http\\Request))
#36 C:\\Users\\62812\\Documents\\LARAVEL FUNDAMENTAL\\laravel vue ecommerce\\ecommerce\\vendor\\laravel\\framework\\src\\Illuminate\\Routing\\Router.php(807): Illuminate\\Pipeline\\Pipeline->then(Object(Closure))
#37 C:\\Users\\62812\\Documents\\LARAVEL FUNDAMENTAL\\laravel vue ecommerce\\ecommerce\\vendor\\laravel\\framework\\src\\Illuminate\\Routing\\Router.php(786): Illuminate\\Routing\\Router->runRouteWithinStack(Object(Illuminate\\Routing\\Route), Object(Illuminate\\Http\\Request))
#38 C:\\Users\\62812\\Documents\\LARAVEL FUNDAMENTAL\\laravel vue ecommerce\\ecommerce\\vendor\\laravel\\framework\\src\\Illuminate\\Routing\\Router.php(750): Illuminate\\Routing\\Router->runRoute(Object(Illuminate\\Http\\Request), Object(Illuminate\\Routing\\Route))
#39 C:\\Users\\62812\\Documents\\LARAVEL FUNDAMENTAL\\laravel vue ecommerce\\ecommerce\\vendor\\laravel\\framework\\src\\Illuminate\\Routing\\Router.php(739): Illuminate\\Routing\\Router->dispatchToRoute(Object(Illuminate\\Http\\Request))
#40 C:\\Users\\62812\\Documents\\LARAVEL FUNDAMENTAL\\laravel vue ecommerce\\ecommerce\\vendor\\laravel\\framework\\src\\Illuminate\\Foundation\\Http\\Kernel.php(201): Illuminate\\Routing\\Router->dispatch(Object(Illuminate\\Http\\Request))
#41 C:\\Users\\62812\\Documents\\LARAVEL FUNDAMENTAL\\laravel vue ecommerce\\ecommerce\\vendor\\laravel\\framework\\src\\Illuminate\\Pipeline\\Pipeline.php(170): Illuminate\\Foundation\\Http\\Kernel->Illuminate\\Foundation\\Http\\{closure}(Object(Illuminate\\Http\\Request))
#42 C:\\Users\\62812\\Documents\\LARAVEL FUNDAMENTAL\\laravel vue ecommerce\\ecommerce\\vendor\\laravel\\framework\\src\\Illuminate\\Foundation\\Http\\Middleware\\TransformsRequest.php(21): Illuminate\\Pipeline\\Pipeline->Illuminate\\Pipeline\\{closure}(Object(Illuminate\\Http\\Request))
#43 C:\\Users\\62812\\Documents\\LARAVEL FUNDAMENTAL\\laravel vue ecommerce\\ecommerce\\vendor\\laravel\\framework\\src\\Illuminate\\Foundation\\Http\\Middleware\\ConvertEmptyStringsToNull.php(31): Illuminate\\Foundation\\Http\\Middleware\\TransformsRequest->handle(Object(Illuminate\\Http\\Request), Object(Closure))
#44 C:\\Users\\62812\\Documents\\LARAVEL FUNDAMENTAL\\laravel vue ecommerce\\ecommerce\\vendor\\laravel\\framework\\src\\Illuminate\\Pipeline\\Pipeline.php(209): Illuminate\\Foundation\\Http\\Middleware\\ConvertEmptyStringsToNull->handle(Object(Illuminate\\Http\\Request), Object(Closure))
#45 C:\\Users\\62812\\Documents\\LARAVEL FUNDAMENTAL\\laravel vue ecommerce\\ecommerce\\vendor\\laravel\\framework\\src\\Illuminate\\Foundation\\Http\\Middleware\\TransformsRequest.php(21): Illuminate\\Pipeline\\Pipeline->Illuminate\\Pipeline\\{closure}(Object(Illuminate\\Http\\Request))
#46 C:\\Users\\62812\\Documents\\LARAVEL FUNDAMENTAL\\laravel vue ecommerce\\ecommerce\\vendor\\laravel\\framework\\src\\Illuminate\\Foundation\\Http\\Middleware\\TrimStrings.php(51): Illuminate\\Foundation\\Http\\Middleware\\TransformsRequest->handle(Object(Illuminate\\Http\\Request), Object(Closure))
#47 C:\\Users\\62812\\Documents\\LARAVEL FUNDAMENTAL\\laravel vue ecommerce\\ecommerce\\vendor\\laravel\\framework\\src\\Illuminate\\Pipeline\\Pipeline.php(209): Illuminate\\Foundation\\Http\\Middleware\\TrimStrings->handle(Object(Illuminate\\Http\\Request), Object(Closure))
#48 C:\\Users\\62812\\Documents\\LARAVEL FUNDAMENTAL\\laravel vue ecommerce\\ecommerce\\vendor\\laravel\\framework\\src\\Illuminate\\Http\\Middleware\\ValidatePostSize.php(27): Illuminate\\Pipeline\\Pipeline->Illuminate\\Pipeline\\{closure}(Object(Illuminate\\Http\\Request))
#49 C:\\Users\\62812\\Documents\\LARAVEL FUNDAMENTAL\\laravel vue ecommerce\\ecommerce\\vendor\\laravel\\framework\\src\\Illuminate\\Pipeline\\Pipeline.php(209): Illuminate\\Http\\Middleware\\ValidatePostSize->handle(Object(Illuminate\\Http\\Request), Object(Closure))
#50 C:\\Users\\62812\\Documents\\LARAVEL FUNDAMENTAL\\laravel vue ecommerce\\ecommerce\\vendor\\laravel\\framework\\src\\Illuminate\\Foundation\\Http\\Middleware\\PreventRequestsDuringMaintenance.php(110): Illuminate\\Pipeline\\Pipeline->Illuminate\\Pipeline\\{closure}(Object(Illuminate\\Http\\Request))
#51 C:\\Users\\62812\\Documents\\LARAVEL FUNDAMENTAL\\laravel vue ecommerce\\ecommerce\\vendor\\laravel\\framework\\src\\Illuminate\\Pipeline\\Pipeline.php(209): Illuminate\\Foundation\\Http\\Middleware\\PreventRequestsDuringMaintenance->handle(Object(Illuminate\\Http\\Request), Object(Closure))
#52 C:\\Users\\62812\\Documents\\LARAVEL FUNDAMENTAL\\laravel vue ecommerce\\ecommerce\\vendor\\laravel\\framework\\src\\Illuminate\\Http\\Middleware\\HandleCors.php(49): Illuminate\\Pipeline\\Pipeline->Illuminate\\Pipeline\\{closure}(Object(Illuminate\\Http\\Request))
#53 C:\\Users\\62812\\Documents\\LARAVEL FUNDAMENTAL\\laravel vue ecommerce\\ecommerce\\vendor\\laravel\\framework\\src\\Illuminate\\Pipeline\\Pipeline.php(209): Illuminate\\Http\\Middleware\\HandleCors->handle(Object(Illuminate\\Http\\Request), Object(Closure))
#54 C:\\Users\\62812\\Documents\\LARAVEL FUNDAMENTAL\\laravel vue ecommerce\\ecommerce\\vendor\\laravel\\framework\\src\\Illuminate\\Http\\Middleware\\TrustProxies.php(58): Illuminate\\Pipeline\\Pipeline->Illuminate\\Pipeline\\{closure}(Object(Illuminate\\Http\\Request))
#55 C:\\Users\\62812\\Documents\\LARAVEL FUNDAMENTAL\\laravel vue ecommerce\\ecommerce\\vendor\\laravel\\framework\\src\\Illuminate\\Pipeline\\Pipeline.php(209): Illuminate\\Http\\Middleware\\TrustProxies->handle(Object(Illuminate\\Http\\Request), Object(Closure))
#56 C:\\Users\\62812\\Documents\\LARAVEL FUNDAMENTAL\\laravel vue ecommerce\\ecommerce\\vendor\\laravel\\framework\\src\\Illuminate\\Foundation\\Http\\Middleware\\InvokeDeferredCallbacks.php(22): Illuminate\\Pipeline\\Pipeline->Illuminate\\Pipeline\\{closure}(Object(Illuminate\\Http\\Request))
#57 C:\\Users\\62812\\Documents\\LARAVEL FUNDAMENTAL\\laravel vue ecommerce\\ecommerce\\vendor\\laravel\\framework\\src\\Illuminate\\Pipeline\\Pipeline.php(209): Illuminate\\Foundation\\Http\\Middleware\\InvokeDeferredCallbacks->handle(Object(Illuminate\\Http\\Request), Object(Closure))
#58 C:\\Users\\62812\\Documents\\LARAVEL FUNDAMENTAL\\laravel vue ecommerce\\ecommerce\\vendor\\laravel\\framework\\src\\Illuminate\\Pipeline\\Pipeline.php(127): Illuminate\\Pipeline\\Pipeline->Illuminate\\Pipeline\\{closure}(Object(Illuminate\\Http\\Request))
#59 C:\\Users\\62812\\Documents\\LARAVEL FUNDAMENTAL\\laravel vue ecommerce\\ecommerce\\vendor\\laravel\\framework\\src\\Illuminate\\Foundation\\Http\\Kernel.php(176): Illuminate\\Pipeline\\Pipeline->then(Object(Closure))
#60 C:\\Users\\62812\\Documents\\LARAVEL FUNDAMENTAL\\laravel vue ecommerce\\ecommerce\\vendor\\laravel\\framework\\src\\Illuminate\\Foundation\\Http\\Kernel.php(145): Illuminate\\Foundation\\Http\\Kernel->sendRequestThroughRouter(Object(Illuminate\\Http\\Request))
#61 C:\\Users\\62812\\Documents\\LARAVEL FUNDAMENTAL\\laravel vue ecommerce\\ecommerce\\vendor\\laravel\\framework\\src\\Illuminate\\Foundation\\Application.php(1220): Illuminate\\Foundation\\Http\\Kernel->handle(Object(Illuminate\\Http\\Request))
#62 C:\\Users\\62812\\Documents\\LARAVEL FUNDAMENTAL\\laravel vue ecommerce\\ecommerce\\public\\index.php(17): Illuminate\\Foundation\\Application->handleRequest(Object(Illuminate\\Http\\Request))
#63 C:\\Users\\62812\\Documents\\LARAVEL FUNDAMENTAL\\laravel vue ecommerce\\ecommerce\\vendor\\laravel\\framework\\src\\Illuminate\\Foundation\\resources\\server.php(23): require_once('C:\\\\Users\\\\62812\\\\...')
#64 {main}

[previous exception] [object] (ParseError(code: 0): syntax error, unexpected end of file at C:\\Users\\62812\\Documents\\LARAVEL FUNDAMENTAL\\laravel vue ecommerce\\ecommerce\\storage\\framework\\views\\6ab588b43760987b97a79ebf9f80de33.php:233)
[stacktrace]
#0 C:\\Users\\62812\\Documents\\LARAVEL FUNDAMENTAL\\laravel vue ecommerce\\ecommerce\\vendor\\laravel\\framework\\src\\Illuminate\\Filesystem\\Filesystem.php(124): Illuminate\\Filesystem\\Filesystem::Illuminate\\Filesystem\\{closure}()
#1 C:\\Users\\62812\\Documents\\LARAVEL FUNDAMENTAL\\laravel vue ecommerce\\ecommerce\\vendor\\laravel\\framework\\src\\Illuminate\\View\\Engines\\PhpEngine.php(58): Illuminate\\Filesystem\\Filesystem->getRequire('C:\\\\Users\\\\62812\\\\...', Array)
#2 C:\\Users\\62812\\Documents\\LARAVEL FUNDAMENTAL\\laravel vue ecommerce\\ecommerce\\vendor\\laravel\\framework\\src\\Illuminate\\View\\Engines\\CompilerEngine.php(75): Illuminate\\View\\Engines\\PhpEngine->evaluatePath('C:\\\\Users\\\\62812\\\\...', Array)
#3 C:\\Users\\62812\\Documents\\LARAVEL FUNDAMENTAL\\laravel vue ecommerce\\ecommerce\\vendor\\laravel\\framework\\src\\Illuminate\\View\\View.php(209): Illuminate\\View\\Engines\\CompilerEngine->get('C:\\\\Users\\\\62812\\\\...', Array)
#4 C:\\Users\\62812\\Documents\\LARAVEL FUNDAMENTAL\\laravel vue ecommerce\\ecommerce\\vendor\\laravel\\framework\\src\\Illuminate\\View\\View.php(192): Illuminate\\View\\View->getContents()
#5 C:\\Users\\62812\\Documents\\LARAVEL FUNDAMENTAL\\laravel vue ecommerce\\ecommerce\\vendor\\laravel\\framework\\src\\Illuminate\\View\\View.php(161): Illuminate\\View\\View->renderContents()
#6 C:\\Users\\62812\\Documents\\LARAVEL FUNDAMENTAL\\laravel vue ecommerce\\ecommerce\\storage\\framework\\views\\abf812e0c61f495834822098d3a19595.php(24): Illuminate\\View\\View->render()
#7 C:\\Users\\62812\\Documents\\LARAVEL FUNDAMENTAL\\laravel vue ecommerce\\ecommerce\\vendor\\laravel\\framework\\src\\Illuminate\\Filesystem\\Filesystem.php(123): require('C:\\\\Users\\\\62812\\\\...')
#8 C:\\Users\\62812\\Documents\\LARAVEL FUNDAMENTAL\\laravel vue ecommerce\\ecommerce\\vendor\\laravel\\framework\\src\\Illuminate\\Filesystem\\Filesystem.php(124): Illuminate\\Filesystem\\Filesystem::Illuminate\\Filesystem\\{closure}()
#9 C:\\Users\\62812\\Documents\\LARAVEL FUNDAMENTAL\\laravel vue ecommerce\\ecommerce\\vendor\\laravel\\framework\\src\\Illuminate\\View\\Engines\\PhpEngine.php(58): Illuminate\\Filesystem\\Filesystem->getRequire('C:\\\\Users\\\\62812\\\\...', Array)
#10 C:\\Users\\62812\\Documents\\LARAVEL FUNDAMENTAL\\laravel vue ecommerce\\ecommerce\\vendor\\laravel\\framework\\src\\Illuminate\\View\\Engines\\CompilerEngine.php(75): Illuminate\\View\\Engines\\PhpEngine->evaluatePath('C:\\\\Users\\\\62812\\\\...', Array)
#11 C:\\Users\\62812\\Documents\\LARAVEL FUNDAMENTAL\\laravel vue ecommerce\\ecommerce\\vendor\\laravel\\framework\\src\\Illuminate\\View\\View.php(209): Illuminate\\View\\Engines\\CompilerEngine->get('C:\\\\Users\\\\62812\\\\...', Array)
#12 C:\\Users\\62812\\Documents\\LARAVEL FUNDAMENTAL\\laravel vue ecommerce\\ecommerce\\vendor\\laravel\\framework\\src\\Illuminate\\View\\View.php(192): Illuminate\\View\\View->getContents()
#13 C:\\Users\\62812\\Documents\\LARAVEL FUNDAMENTAL\\laravel vue ecommerce\\ecommerce\\vendor\\laravel\\framework\\src\\Illuminate\\View\\View.php(161): Illuminate\\View\\View->renderContents()
#14 C:\\Users\\62812\\Documents\\LARAVEL FUNDAMENTAL\\laravel vue ecommerce\\ecommerce\\vendor\\laravel\\framework\\src\\Illuminate\\View\\Concerns\\ManagesComponents.php(99): Illuminate\\View\\View->render()
#15 C:\\Users\\62812\\Documents\\LARAVEL FUNDAMENTAL\\laravel vue ecommerce\\ecommerce\\storage\\framework\\views\\81f2304a786e2dfc849130d6323387df.php(12): Illuminate\\View\\Factory->renderComponent()
#16 C:\\Users\\62812\\Documents\\LARAVEL FUNDAMENTAL\\laravel vue ecommerce\\ecommerce\\vendor\\laravel\\framework\\src\\Illuminate\\Filesystem\\Filesystem.php(123): require('C:\\\\Users\\\\62812\\\\...')
#17 C:\\Users\\62812\\Documents\\LARAVEL FUNDAMENTAL\\laravel vue ecommerce\\ecommerce\\vendor\\laravel\\framework\\src\\Illuminate\\Filesystem\\Filesystem.php(124): Illuminate\\Filesystem\\Filesystem::Illuminate\\Filesystem\\{closure}()
#18 C:\\Users\\62812\\Documents\\LARAVEL FUNDAMENTAL\\laravel vue ecommerce\\ecommerce\\vendor\\laravel\\framework\\src\\Illuminate\\View\\Engines\\PhpEngine.php(58): Illuminate\\Filesystem\\Filesystem->getRequire('C:\\\\Users\\\\62812\\\\...', Array)
#19 C:\\Users\\62812\\Documents\\LARAVEL FUNDAMENTAL\\laravel vue ecommerce\\ecommerce\\vendor\\laravel\\framework\\src\\Illuminate\\View\\Engines\\CompilerEngine.php(75): Illuminate\\View\\Engines\\PhpEngine->evaluatePath('C:\\\\Users\\\\62812\\\\...', Array)
#20 C:\\Users\\62812\\Documents\\LARAVEL FUNDAMENTAL\\laravel vue ecommerce\\ecommerce\\vendor\\laravel\\framework\\src\\Illuminate\\View\\View.php(209): Illuminate\\View\\Engines\\CompilerEngine->get('C:\\\\Users\\\\62812\\\\...', Array)
#21 C:\\Users\\62812\\Documents\\LARAVEL FUNDAMENTAL\\laravel vue ecommerce\\ecommerce\\vendor\\laravel\\framework\\src\\Illuminate\\View\\View.php(192): Illuminate\\View\\View->getContents()
#22 C:\\Users\\62812\\Documents\\LARAVEL FUNDAMENTAL\\laravel vue ecommerce\\ecommerce\\vendor\\laravel\\framework\\src\\Illuminate\\View\\View.php(161): Illuminate\\View\\View->renderContents()
#23 C:\\Users\\62812\\Documents\\LARAVEL FUNDAMENTAL\\laravel vue ecommerce\\ecommerce\\vendor\\laravel\\framework\\src\\Illuminate\\Http\\Response.php(79): Illuminate\\View\\View->render()
#24 C:\\Users\\62812\\Documents\\LARAVEL FUNDAMENTAL\\laravel vue ecommerce\\ecommerce\\vendor\\laravel\\framework\\src\\Illuminate\\Http\\Response.php(35): Illuminate\\Http\\Response->setContent(Object(Illuminate\\View\\View))
#25 C:\\Users\\62812\\Documents\\LARAVEL FUNDAMENTAL\\laravel vue ecommerce\\ecommerce\\vendor\\laravel\\framework\\src\\Illuminate\\Routing\\Router.php(920): Illuminate\\Http\\Response->__construct(Object(Illuminate\\View\\View), 200, Array)
#26 C:\\Users\\62812\\Documents\\LARAVEL FUNDAMENTAL\\laravel vue ecommerce\\ecommerce\\vendor\\laravel\\framework\\src\\Illuminate\\Routing\\Router.php(887): Illuminate\\Routing\\Router::toResponse(Object(Illuminate\\Http\\Request), Object(Illuminate\\View\\View))
#27 C:\\Users\\62812\\Documents\\LARAVEL FUNDAMENTAL\\laravel vue ecommerce\\ecommerce\\vendor\\laravel\\framework\\src\\Illuminate\\Routing\\Router.php(807): Illuminate\\Routing\\Router->prepareResponse(Object(Illuminate\\Http\\Request), Object(Illuminate\\View\\View))
#28 C:\\Users\\62812\\Documents\\LARAVEL FUNDAMENTAL\\laravel vue ecommerce\\ecommerce\\vendor\\laravel\\framework\\src\\Illuminate\\Pipeline\\Pipeline.php(170): Illuminate\\Routing\\Router->Illuminate\\Routing\\{closure}(Object(Illuminate\\Http\\Request))
#29 C:\\Users\\62812\\Documents\\LARAVEL FUNDAMENTAL\\laravel vue ecommerce\\ecommerce\\vendor\\laravel\\framework\\src\\Illuminate\\Routing\\Middleware\\SubstituteBindings.php(51): Illuminate\\Pipeline\\Pipeline->Illuminate\\Pipeline\\{closure}(Object(Illuminate\\Http\\Request))
#30 C:\\Users\\62812\\Documents\\LARAVEL FUNDAMENTAL\\laravel vue ecommerce\\ecommerce\\vendor\\laravel\\framework\\src\\Illuminate\\Pipeline\\Pipeline.php(209): Illuminate\\Routing\\Middleware\\SubstituteBindings->handle(Object(Illuminate\\Http\\Request), Object(Closure))
#31 C:\\Users\\62812\\Documents\\LARAVEL FUNDAMENTAL\\laravel vue ecommerce\\ecommerce\\vendor\\laravel\\framework\\src\\Illuminate\\Foundation\\Http\\Middleware\\VerifyCsrfToken.php(88): Illuminate\\Pipeline\\Pipeline->Illuminate\\Pipeline\\{closure}(Object(Illuminate\\Http\\Request))
#32 C:\\Users\\62812\\Documents\\LARAVEL FUNDAMENTAL\\laravel vue ecommerce\\ecommerce\\vendor\\laravel\\framework\\src\\Illuminate\\Pipeline\\Pipeline.php(209): Illuminate\\Foundation\\Http\\Middleware\\VerifyCsrfToken->handle(Object(Illuminate\\Http\\Request), Object(Closure))
#33 C:\\Users\\62812\\Documents\\LARAVEL FUNDAMENTAL\\laravel vue ecommerce\\ecommerce\\vendor\\laravel\\framework\\src\\Illuminate\\View\\Middleware\\ShareErrorsFromSession.php(49): Illuminate\\Pipeline\\Pipeline->Illuminate\\Pipeline\\{closure}(Object(Illuminate\\Http\\Request))
#34 C:\\Users\\62812\\Documents\\LARAVEL FUNDAMENTAL\\laravel vue ecommerce\\ecommerce\\vendor\\laravel\\framework\\src\\Illuminate\\Pipeline\\Pipeline.php(209): Illuminate\\View\\Middleware\\ShareErrorsFromSession->handle(Object(Illuminate\\Http\\Request), Object(Closure))
#35 C:\\Users\\62812\\Documents\\LARAVEL FUNDAMENTAL\\laravel vue ecommerce\\ecommerce\\vendor\\laravel\\framework\\src\\Illuminate\\Session\\Middleware\\StartSession.php(121): Illuminate\\Pipeline\\Pipeline->Illuminate\\Pipeline\\{closure}(Object(Illuminate\\Http\\Request))
#36 C:\\Users\\62812\\Documents\\LARAVEL FUNDAMENTAL\\laravel vue ecommerce\\ecommerce\\vendor\\laravel\\framework\\src\\Illuminate\\Session\\Middleware\\StartSession.php(64): Illuminate\\Session\\Middleware\\StartSession->handleStatefulRequest(Object(Illuminate\\Http\\Request), Object(Illuminate\\Session\\Store), Object(Closure))
#37 C:\\Users\\62812\\Documents\\LARAVEL FUNDAMENTAL\\laravel vue ecommerce\\ecommerce\\vendor\\laravel\\framework\\src\\Illuminate\\Pipeline\\Pipeline.php(209): Illuminate\\Session\\Middleware\\StartSession->handle(Object(Illuminate\\Http\\Request), Object(Closure))
#38 C:\\Users\\62812\\Documents\\LARAVEL FUNDAMENTAL\\laravel vue ecommerce\\ecommerce\\vendor\\laravel\\framework\\src\\Illuminate\\Cookie\\Middleware\\AddQueuedCookiesToResponse.php(37): Illuminate\\Pipeline\\Pipeline->Illuminate\\Pipeline\\{closure}(Object(Illuminate\\Http\\Request))
#39 C:\\Users\\62812\\Documents\\LARAVEL FUNDAMENTAL\\laravel vue ecommerce\\ecommerce\\vendor\\laravel\\framework\\src\\Illuminate\\Pipeline\\Pipeline.php(209): Illuminate\\Cookie\\Middleware\\AddQueuedCookiesToResponse->handle(Object(Illuminate\\Http\\Request), Object(Closure))
#40 C:\\Users\\62812\\Documents\\LARAVEL FUNDAMENTAL\\laravel vue ecommerce\\ecommerce\\vendor\\laravel\\framework\\src\\Illuminate\\Cookie\\Middleware\\EncryptCookies.php(75): Illuminate\\Pipeline\\Pipeline->Illuminate\\Pipeline\\{closure}(Object(Illuminate\\Http\\Request))
#41 C:\\Users\\62812\\Documents\\LARAVEL FUNDAMENTAL\\laravel vue ecommerce\\ecommerce\\vendor\\laravel\\framework\\src\\Illuminate\\Pipeline\\Pipeline.php(209): Illuminate\\Cookie\\Middleware\\EncryptCookies->handle(Object(Illuminate\\Http\\Request), Object(Closure))
#42 C:\\Users\\62812\\Documents\\LARAVEL FUNDAMENTAL\\laravel vue ecommerce\\ecommerce\\vendor\\laravel\\framework\\src\\Illuminate\\Pipeline\\Pipeline.php(127): Illuminate\\Pipeline\\Pipeline->Illuminate\\Pipeline\\{closure}(Object(Illuminate\\Http\\Request))
#43 C:\\Users\\62812\\Documents\\LARAVEL FUNDAMENTAL\\laravel vue ecommerce\\ecommerce\\vendor\\laravel\\framework\\src\\Illuminate\\Routing\\Router.php(807): Illuminate\\Pipeline\\Pipeline->then(Object(Closure))
#44 C:\\Users\\62812\\Documents\\LARAVEL FUNDAMENTAL\\laravel vue ecommerce\\ecommerce\\vendor\\laravel\\framework\\src\\Illuminate\\Routing\\Router.php(786): Illuminate\\Routing\\Router->runRouteWithinStack(Object(Illuminate\\Routing\\Route), Object(Illuminate\\Http\\Request))
#45 C:\\Users\\62812\\Documents\\LARAVEL FUNDAMENTAL\\laravel vue ecommerce\\ecommerce\\vendor\\laravel\\framework\\src\\Illuminate\\Routing\\Router.php(750): Illuminate\\Routing\\Router->runRoute(Object(Illuminate\\Http\\Request), Object(Illuminate\\Routing\\Route))
#46 C:\\Users\\62812\\Documents\\LARAVEL FUNDAMENTAL\\laravel vue ecommerce\\ecommerce\\vendor\\laravel\\framework\\src\\Illuminate\\Routing\\Router.php(739): Illuminate\\Routing\\Router->dispatchToRoute(Object(Illuminate\\Http\\Request))
#47 C:\\Users\\62812\\Documents\\LARAVEL FUNDAMENTAL\\laravel vue ecommerce\\ecommerce\\vendor\\laravel\\framework\\src\\Illuminate\\Foundation\\Http\\Kernel.php(201): Illuminate\\Routing\\Router->dispatch(Object(Illuminate\\Http\\Request))
#48 C:\\Users\\62812\\Documents\\LARAVEL FUNDAMENTAL\\laravel vue ecommerce\\ecommerce\\vendor\\laravel\\framework\\src\\Illuminate\\Pipeline\\Pipeline.php(170): Illuminate\\Foundation\\Http\\Kernel->Illuminate\\Foundation\\Http\\{closure}(Object(Illuminate\\Http\\Request))
#49 C:\\Users\\62812\\Documents\\LARAVEL FUNDAMENTAL\\laravel vue ecommerce\\ecommerce\\vendor\\laravel\\framework\\src\\Illuminate\\Foundation\\Http\\Middleware\\TransformsRequest.php(21): Illuminate\\Pipeline\\Pipeline->Illuminate\\Pipeline\\{closure}(Object(Illuminate\\Http\\Request))
#50 C:\\Users\\62812\\Documents\\LARAVEL FUNDAMENTAL\\laravel vue ecommerce\\ecommerce\\vendor\\laravel\\framework\\src\\Illuminate\\Foundation\\Http\\Middleware\\ConvertEmptyStringsToNull.php(31): Illuminate\\Foundation\\Http\\Middleware\\TransformsRequest->handle(Object(Illuminate\\Http\\Request), Object(Closure))
#51 C:\\Users\\62812\\Documents\\LARAVEL FUNDAMENTAL\\laravel vue ecommerce\\ecommerce\\vendor\\laravel\\framework\\src\\Illuminate\\Pipeline\\Pipeline.php(209): Illuminate\\Foundation\\Http\\Middleware\\ConvertEmptyStringsToNull->handle(Object(Illuminate\\Http\\Request), Object(Closure))
#52 C:\\Users\\62812\\Documents\\LARAVEL FUNDAMENTAL\\laravel vue ecommerce\\ecommerce\\vendor\\laravel\\framework\\src\\Illuminate\\Foundation\\Http\\Middleware\\TransformsRequest.php(21): Illuminate\\Pipeline\\Pipeline->Illuminate\\Pipeline\\{closure}(Object(Illuminate\\Http\\Request))
#53 C:\\Users\\62812\\Documents\\LARAVEL FUNDAMENTAL\\laravel vue ecommerce\\ecommerce\\vendor\\laravel\\framework\\src\\Illuminate\\Foundation\\Http\\Middleware\\TrimStrings.php(51): Illuminate\\Foundation\\Http\\Middleware\\TransformsRequest->handle(Object(Illuminate\\Http\\Request), Object(Closure))
#54 C:\\Users\\62812\\Documents\\LARAVEL FUNDAMENTAL\\laravel vue ecommerce\\ecommerce\\vendor\\laravel\\framework\\src\\Illuminate\\Pipeline\\Pipeline.php(209): Illuminate\\Foundation\\Http\\Middleware\\TrimStrings->handle(Object(Illuminate\\Http\\Request), Object(Closure))
#55 C:\\Users\\62812\\Documents\\LARAVEL FUNDAMENTAL\\laravel vue ecommerce\\ecommerce\\vendor\\laravel\\framework\\src\\Illuminate\\Http\\Middleware\\ValidatePostSize.php(27): Illuminate\\Pipeline\\Pipeline->Illuminate\\Pipeline\\{closure}(Object(Illuminate\\Http\\Request))
#56 C:\\Users\\62812\\Documents\\LARAVEL FUNDAMENTAL\\laravel vue ecommerce\\ecommerce\\vendor\\laravel\\framework\\src\\Illuminate\\Pipeline\\Pipeline.php(209): Illuminate\\Http\\Middleware\\ValidatePostSize->handle(Object(Illuminate\\Http\\Request), Object(Closure))
#57 C:\\Users\\62812\\Documents\\LARAVEL FUNDAMENTAL\\laravel vue ecommerce\\ecommerce\\vendor\\laravel\\framework\\src\\Illuminate\\Foundation\\Http\\Middleware\\PreventRequestsDuringMaintenance.php(110): Illuminate\\Pipeline\\Pipeline->Illuminate\\Pipeline\\{closure}(Object(Illuminate\\Http\\Request))
#58 C:\\Users\\62812\\Documents\\LARAVEL FUNDAMENTAL\\laravel vue ecommerce\\ecommerce\\vendor\\laravel\\framework\\src\\Illuminate\\Pipeline\\Pipeline.php(209): Illuminate\\Foundation\\Http\\Middleware\\PreventRequestsDuringMaintenance->handle(Object(Illuminate\\Http\\Request), Object(Closure))
#59 C:\\Users\\62812\\Documents\\LARAVEL FUNDAMENTAL\\laravel vue ecommerce\\ecommerce\\vendor\\laravel\\framework\\src\\Illuminate\\Http\\Middleware\\HandleCors.php(49): Illuminate\\Pipeline\\Pipeline->Illuminate\\Pipeline\\{closure}(Object(Illuminate\\Http\\Request))
#60 C:\\Users\\62812\\Documents\\LARAVEL FUNDAMENTAL\\laravel vue ecommerce\\ecommerce\\vendor\\laravel\\framework\\src\\Illuminate\\Pipeline\\Pipeline.php(209): Illuminate\\Http\\Middleware\\HandleCors->handle(Object(Illuminate\\Http\\Request), Object(Closure))
#61 C:\\Users\\62812\\Documents\\LARAVEL FUNDAMENTAL\\laravel vue ecommerce\\ecommerce\\vendor\\laravel\\framework\\src\\Illuminate\\Http\\Middleware\\TrustProxies.php(58): Illuminate\\Pipeline\\Pipeline->Illuminate\\Pipeline\\{closure}(Object(Illuminate\\Http\\Request))
#62 C:\\Users\\62812\\Documents\\LARAVEL FUNDAMENTAL\\laravel vue ecommerce\\ecommerce\\vendor\\laravel\\framework\\src\\Illuminate\\Pipeline\\Pipeline.php(209): Illuminate\\Http\\Middleware\\TrustProxies->handle(Object(Illuminate\\Http\\Request), Object(Closure))
#63 C:\\Users\\62812\\Documents\\LARAVEL FUNDAMENTAL\\laravel vue ecommerce\\ecommerce\\vendor\\laravel\\framework\\src\\Illuminate\\Foundation\\Http\\Middleware\\InvokeDeferredCallbacks.php(22): Illuminate\\Pipeline\\Pipeline->Illuminate\\Pipeline\\{closure}(Object(Illuminate\\Http\\Request))
#64 C:\\Users\\62812\\Documents\\LARAVEL FUNDAMENTAL\\laravel vue ecommerce\\ecommerce\\vendor\\laravel\\framework\\src\\Illuminate\\Pipeline\\Pipeline.php(209): Illuminate\\Foundation\\Http\\Middleware\\InvokeDeferredCallbacks->handle(Object(Illuminate\\Http\\Request), Object(Closure))
#65 C:\\Users\\62812\\Documents\\LARAVEL FUNDAMENTAL\\laravel vue ecommerce\\ecommerce\\vendor\\laravel\\framework\\src\\Illuminate\\Pipeline\\Pipeline.php(127): Illuminate\\Pipeline\\Pipeline->Illuminate\\Pipeline\\{closure}(Object(Illuminate\\Http\\Request))
#66 C:\\Users\\62812\\Documents\\LARAVEL FUNDAMENTAL\\laravel vue ecommerce\\ecommerce\\vendor\\laravel\\framework\\src\\Illuminate\\Foundation\\Http\\Kernel.php(176): Illuminate\\Pipeline\\Pipeline->then(Object(Closure))
#67 C:\\Users\\62812\\Documents\\LARAVEL FUNDAMENTAL\\laravel vue ecommerce\\ecommerce\\vendor\\laravel\\framework\\src\\Illuminate\\Foundation\\Http\\Kernel.php(145): Illuminate\\Foundation\\Http\\Kernel->sendRequestThroughRouter(Object(Illuminate\\Http\\Request))
#68 C:\\Users\\62812\\Documents\\LARAVEL FUNDAMENTAL\\laravel vue ecommerce\\ecommerce\\vendor\\laravel\\framework\\src\\Illuminate\\Foundation\\Application.php(1220): Illuminate\\Foundation\\Http\\Kernel->handle(Object(Illuminate\\Http\\Request))
#69 C:\\Users\\62812\\Documents\\LARAVEL FUNDAMENTAL\\laravel vue ecommerce\\ecommerce\\public\\index.php(17): Illuminate\\Foundation\\Application->handleRequest(Object(Illuminate\\Http\\Request))
#70 C:\\Users\\62812\\Documents\\LARAVEL FUNDAMENTAL\\laravel vue ecommerce\\ecommerce\\vendor\\laravel\\framework\\src\\Illuminate\\Foundation\\resources\\server.php(23): require_once('C:\\\\Users\\\\62812\\\\...')
#71 {main}
"} 
[2025-12-15 06:15:20] local.ERROR: syntax error, unexpected end of file, expecting "elseif" or "else" or "endif" {"view":{"view":"C:\\Users\\62812\\Documents\\LARAVEL FUNDAMENTAL\\laravel vue ecommerce\\ecommerce\\resources\\views\\layouts\\navigation.blade.php","data":{"errors":"<pre class=sf-dump id=sf-dump-1569787782 data-indent-pad=\"  \"><span class=sf-dump-note>Illuminate\\Support\\ViewErrorBag</span> {<a class=sf-dump-ref>#1286</a><samp data-depth=1 class=sf-dump-expanded>
  #<span class=sf-dump-protected title=\"Protected property\">bags</span>: []
</samp>}
</pre><script>Sfdump(\"sf-dump-1569787782\", {\"maxDepth\":3,\"maxStringLength\":160})</script>
","componentName":"<pre class=sf-dump id=sf-dump-545663268 data-indent-pad=\"  \">\"<span class=sf-dump-str title=\"10 characters\">app-layout</span>\"
</pre><script>Sfdump(\"sf-dump-545663268\", {\"maxDepth\":3,\"maxStringLength\":160})</script>
","attributes":"<pre class=sf-dump id=sf-dump-270294048 data-indent-pad=\"  \"><span class=sf-dump-note>Illuminate\\View\\ComponentAttributeBag</span> {<a class=sf-dump-ref>#1308</a><samp data-depth=1 class=sf-dump-expanded>
  #<span class=sf-dump-protected title=\"Protected property\">attributes</span>: []
</samp>}
</pre><script>Sfdump(\"sf-dump-270294048\", {\"maxDepth\":3,\"maxStringLength\":160})</script>
","ignoredParameterNames":"<pre class=sf-dump id=sf-dump-1064217751 data-indent-pad=\"  \"><span class=sf-dump-note>Illuminate\\View\\InvokableComponentVariable</span> {<a class=sf-dump-ref>#1322</a><samp data-depth=1 class=sf-dump-expanded>
  #<span class=sf-dump-protected title=\"Protected property\">callable</span>: <span class=sf-dump-note>Closure()</span> {<a class=sf-dump-ref>#1321</a><samp data-depth=2 class=sf-dump-compact>
    <span class=sf-dump-meta>class</span>: \"<span class=\"sf-dump-str sf-dump-ellipsization\" title=\"App\\View\\Components\\AppLayout
29 characters\"><span class=\"sf-dump-ellipsis sf-dump-ellipsis-class\">App\\View\\Components</span><span class=\"sf-dump-ellipsis sf-dump-ellipsis-class\">\\</span><span class=\"sf-dump-ellipsis-tail\">AppLayout</span></span>\"
    <span class=sf-dump-meta>this</span>: <span class=\"sf-dump-note sf-dump-ellipsization\" title=\"App\\View\\Components\\AppLayout
\"><span class=\"sf-dump-ellipsis sf-dump-ellipsis-note\">App\\View\\Components</span><span class=\"sf-dump-ellipsis sf-dump-ellipsis-note\">\\</span><span class=\"sf-dump-ellipsis-tail\">AppLayout</span></span> {<a class=sf-dump-ref>#1306</a> &#8230;}
    <span class=sf-dump-meta>use</span>: {<samp data-depth=3 class=sf-dump-compact>
      <span class=sf-dump-meta>$method</span>: \"<span class=sf-dump-str title=\"21 characters\">ignoredParameterNames</span>\"
    </samp>}
    <span class=sf-dump-meta>file</span>: \"<span class=\"sf-dump-str sf-dump-ellipsization\" title=\"C:\\Users\\62812\\Documents\\LARAVEL FUNDAMENTAL\\laravel vue ecommerce\\ecommerce\\vendor\\laravel\\framework\\src\\Illuminate\\View\\Component.php
135 characters\"><span class=\"sf-dump-ellipsis sf-dump-ellipsis-path\">C:\\Users\\62812\\Documents\\LARAVEL FUNDAMENTAL\\laravel vue ecommerce\\ecommerce\\vendor</span><span class=\"sf-dump-ellipsis sf-dump-ellipsis-path\">\\laravel\\framework\\</span><span class=\"sf-dump-ellipsis-tail\">src\\Illuminate\\View\\Component.php</span></span>\"
    <span class=sf-dump-meta>line</span>: \"<span class=sf-dump-str title=\"10 characters\">303 to 305</span>\"
  </samp>}
</samp>}
</pre><script>Sfdump(\"sf-dump-1064217751\", {\"maxDepth\":3,\"maxStringLength\":160})</script>
","slot":"<pre class=sf-dump id=sf-dump-1842160573 data-indent-pad=\"  \"><span class=sf-dump-note>Illuminate\\View\\ComponentSlot</span> {<a class=sf-dump-ref>#1309</a><samp data-depth=1 class=sf-dump-expanded>
  +<span class=sf-dump-public title=\"Public property\">attributes</span>: <span class=\"sf-dump-note sf-dump-ellipsization\" title=\"Illuminate\\View\\ComponentAttributeBag
\"><span class=\"sf-dump-ellipsis sf-dump-ellipsis-note\">Illuminate\\View</span><span class=\"sf-dump-ellipsis sf-dump-ellipsis-note\">\\</span><span class=\"sf-dump-ellipsis-tail\">ComponentAttributeBag</span></span> {<a class=sf-dump-ref>#1319</a><samp data-depth=2 class=sf-dump-compact>
    #<span class=sf-dump-protected title=\"Protected property\">attributes</span>: []
  </samp>}
  #<span class=sf-dump-protected title=\"Protected property\">contents</span>: \"<span class=sf-dump-str title=\"7 characters\">welcome</span>\"
</samp>}
</pre><script>Sfdump(\"sf-dump-1842160573\", {\"maxDepth\":3,\"maxStringLength\":160})</script>
","__laravel_slots":"<pre class=sf-dump id=sf-dump-94215508 data-indent-pad=\"  \"><span class=sf-dump-note>array:1</span> [<samp data-depth=1 class=sf-dump-expanded>
  \"<span class=sf-dump-key>__default</span>\" => <span class=\"sf-dump-note sf-dump-ellipsization\" title=\"Illuminate\\View\\ComponentSlot
\"><span class=\"sf-dump-ellipsis sf-dump-ellipsis-note\">Illuminate\\View</span><span class=\"sf-dump-ellipsis sf-dump-ellipsis-note\">\\</span><span class=\"sf-dump-ellipsis-tail\">ComponentSlot</span></span> {<a class=sf-dump-ref>#1309</a><samp data-depth=2 class=sf-dump-compact>
    +<span class=sf-dump-public title=\"Public property\">attributes</span>: <span class=\"sf-dump-note sf-dump-ellipsization\" title=\"Illuminate\\View\\ComponentAttributeBag
\"><span class=\"sf-dump-ellipsis sf-dump-ellipsis-note\">Illuminate\\View</span><span class=\"sf-dump-ellipsis sf-dump-ellipsis-note\">\\</span><span class=\"sf-dump-ellipsis-tail\">ComponentAttributeBag</span></span> {<a class=sf-dump-ref>#1319</a><samp data-depth=3 class=sf-dump-compact>
      #<span class=sf-dump-protected title=\"Protected property\">attributes</span>: []
    </samp>}
    #<span class=sf-dump-protected title=\"Protected property\">contents</span>: \"<span class=sf-dump-str title=\"7 characters\">welcome</span>\"
  </samp>}
</samp>]
</pre><script>Sfdump(\"sf-dump-94215508\", {\"maxDepth\":3,\"maxStringLength\":160})</script>
"}},"exception":"[object] (Spatie\\LaravelIgnition\\Exceptions\\ViewException(code: 0): syntax error, unexpected end of file, expecting \"elseif\" or \"else\" or \"endif\" at C:\\Users\\62812\\Documents\\LARAVEL FUNDAMENTAL\\laravel vue ecommerce\\ecommerce\\resources\\views\\layouts\\navigation.blade.php:230)
[stacktrace]
#0 C:\\Users\\62812\\Documents\\LARAVEL FUNDAMENTAL\\laravel vue ecommerce\\ecommerce\\vendor\\laravel\\framework\\src\\Illuminate\\Filesystem\\Filesystem.php(123): require('C:\\\\Users\\\\62812\\\\...')
#1 C:\\Users\\62812\\Documents\\LARAVEL FUNDAMENTAL\\laravel vue ecommerce\\ecommerce\\vendor\\laravel\\framework\\src\\Illuminate\\Filesystem\\Filesystem.php(124): Illuminate\\Filesystem\\Filesystem::Illuminate\\Filesystem\\{closure}()
#2 C:\\Users\\62812\\Documents\\LARAVEL FUNDAMENTAL\\laravel vue ecommerce\\ecommerce\\vendor\\laravel\\framework\\src\\Illuminate\\View\\Engines\\PhpEngine.php(58): Illuminate\\Filesystem\\Filesystem->getRequire('C:\\\\Users\\\\62812\\\\...', Array)
#3 C:\\Users\\62812\\Documents\\LARAVEL FUNDAMENTAL\\laravel vue ecommerce\\ecommerce\\vendor\\laravel\\framework\\src\\Illuminate\\View\\Engines\\CompilerEngine.php(75): Illuminate\\View\\Engines\\PhpEngine->evaluatePath('C:\\\\Users\\\\62812\\\\...', Array)
#4 C:\\Users\\62812\\Documents\\LARAVEL FUNDAMENTAL\\laravel vue ecommerce\\ecommerce\\vendor\\laravel\\framework\\src\\Illuminate\\View\\View.php(209): Illuminate\\View\\Engines\\CompilerEngine->get('C:\\\\Users\\\\62812\\\\...', Array)
#5 C:\\Users\\62812\\Documents\\LARAVEL FUNDAMENTAL\\laravel vue ecommerce\\ecommerce\\vendor\\laravel\\framework\\src\\Illuminate\\View\\View.php(192): Illuminate\\View\\View->getContents()
#6 C:\\Users\\62812\\Documents\\LARAVEL FUNDAMENTAL\\laravel vue ecommerce\\ecommerce\\vendor\\laravel\\framework\\src\\Illuminate\\View\\View.php(161): Illuminate\\View\\View->renderContents()
#7 C:\\Users\\62812\\Documents\\LARAVEL FUNDAMENTAL\\laravel vue ecommerce\\ecommerce\\vendor\\laravel\\framework\\src\\Illuminate\\View\\Concerns\\ManagesComponents.php(99): Illuminate\\View\\View->render()
#8 C:\\Users\\62812\\Documents\\LARAVEL FUNDAMENTAL\\laravel vue ecommerce\\ecommerce\\resources\\views\\welcome.blade.php(1): Illuminate\\View\\Factory->renderComponent()
#9 C:\\Users\\62812\\Documents\\LARAVEL FUNDAMENTAL\\laravel vue ecommerce\\ecommerce\\vendor\\laravel\\framework\\src\\Illuminate\\Filesystem\\Filesystem.php(123): require('C:\\\\Users\\\\62812\\\\...')
#10 C:\\Users\\62812\\Documents\\LARAVEL FUNDAMENTAL\\laravel vue ecommerce\\ecommerce\\vendor\\laravel\\framework\\src\\Illuminate\\Filesystem\\Filesystem.php(124): Illuminate\\Filesystem\\Filesystem::Illuminate\\Filesystem\\{closure}()
#11 C:\\Users\\62812\\Documents\\LARAVEL FUNDAMENTAL\\laravel vue ecommerce\\ecommerce\\vendor\\laravel\\framework\\src\\Illuminate\\View\\Engines\\PhpEngine.php(58): Illuminate\\Filesystem\\Filesystem->getRequire('C:\\\\Users\\\\62812\\\\...', Array)
#12 C:\\Users\\62812\\Documents\\LARAVEL FUNDAMENTAL\\laravel vue ecommerce\\ecommerce\\vendor\\laravel\\framework\\src\\Illuminate\\View\\Engines\\CompilerEngine.php(75): Illuminate\\View\\Engines\\PhpEngine->evaluatePath('C:\\\\Users\\\\62812\\\\...', Array)
#13 C:\\Users\\62812\\Documents\\LARAVEL FUNDAMENTAL\\laravel vue ecommerce\\ecommerce\\vendor\\laravel\\framework\\src\\Illuminate\\View\\View.php(209): Illuminate\\View\\Engines\\CompilerEngine->get('C:\\\\Users\\\\62812\\\\...', Array)
#14 C:\\Users\\62812\\Documents\\LARAVEL FUNDAMENTAL\\laravel vue ecommerce\\ecommerce\\vendor\\laravel\\framework\\src\\Illuminate\\View\\View.php(192): Illuminate\\View\\View->getContents()
#15 C:\\Users\\62812\\Documents\\LARAVEL FUNDAMENTAL\\laravel vue ecommerce\\ecommerce\\vendor\\laravel\\framework\\src\\Illuminate\\View\\View.php(161): Illuminate\\View\\View->renderContents()
#16 C:\\Users\\62812\\Documents\\LARAVEL FUNDAMENTAL\\laravel vue ecommerce\\ecommerce\\vendor\\laravel\\framework\\src\\Illuminate\\Http\\Response.php(79): Illuminate\\View\\View->render()
#17 C:\\Users\\62812\\Documents\\LARAVEL FUNDAMENTAL\\laravel vue ecommerce\\ecommerce\\vendor\\laravel\\framework\\src\\Illuminate\\Http\\Response.php(35): Illuminate\\Http\\Response->setContent(Object(Illuminate\\View\\View))
#18 C:\\Users\\62812\\Documents\\LARAVEL FUNDAMENTAL\\laravel vue ecommerce\\ecommerce\\vendor\\laravel\\framework\\src\\Illuminate\\Routing\\Router.php(920): Illuminate\\Http\\Response->__construct(Object(Illuminate\\View\\View), 200, Array)
#19 C:\\Users\\62812\\Documents\\LARAVEL FUNDAMENTAL\\laravel vue ecommerce\\ecommerce\\vendor\\laravel\\framework\\src\\Illuminate\\Routing\\Router.php(887): Illuminate\\Routing\\Router::toResponse(Object(Illuminate\\Http\\Request), Object(Illuminate\\View\\View))
#20 C:\\Users\\62812\\Documents\\LARAVEL FUNDAMENTAL\\laravel vue ecommerce\\ecommerce\\vendor\\laravel\\framework\\src\\Illuminate\\Routing\\Router.php(807): Illuminate\\Routing\\Router->prepareResponse(Object(Illuminate\\Http\\Request), Object(Illuminate\\View\\View))
#21 C:\\Users\\62812\\Documents\\LARAVEL FUNDAMENTAL\\laravel vue ecommerce\\ecommerce\\vendor\\laravel\\framework\\src\\Illuminate\\Pipeline\\Pipeline.php(170): Illuminate\\Routing\\Router->Illuminate\\Routing\\{closure}(Object(Illuminate\\Http\\Request))
#22 C:\\Users\\62812\\Documents\\LARAVEL FUNDAMENTAL\\laravel vue ecommerce\\ecommerce\\vendor\\laravel\\framework\\src\\Illuminate\\Routing\\Middleware\\SubstituteBindings.php(51): Illuminate\\Pipeline\\Pipeline->Illuminate\\Pipeline\\{closure}(Object(Illuminate\\Http\\Request))
#23 C:\\Users\\62812\\Documents\\LARAVEL FUNDAMENTAL\\laravel vue ecommerce\\ecommerce\\vendor\\laravel\\framework\\src\\Illuminate\\Pipeline\\Pipeline.php(209): Illuminate\\Routing\\Middleware\\SubstituteBindings->handle(Object(Illuminate\\Http\\Request), Object(Closure))
#24 C:\\Users\\62812\\Documents\\LARAVEL FUNDAMENTAL\\laravel vue ecommerce\\ecommerce\\vendor\\laravel\\framework\\src\\Illuminate\\Foundation\\Http\\Middleware\\VerifyCsrfToken.php(88): Illuminate\\Pipeline\\Pipeline->Illuminate\\Pipeline\\{closure}(Object(Illuminate\\Http\\Request))
#25 C:\\Users\\62812\\Documents\\LARAVEL FUNDAMENTAL\\laravel vue ecommerce\\ecommerce\\vendor\\laravel\\framework\\src\\Illuminate\\Pipeline\\Pipeline.php(209): Illuminate\\Foundation\\Http\\Middleware\\VerifyCsrfToken->handle(Object(Illuminate\\Http\\Request), Object(Closure))
#26 C:\\Users\\62812\\Documents\\LARAVEL FUNDAMENTAL\\laravel vue ecommerce\\ecommerce\\vendor\\laravel\\framework\\src\\Illuminate\\View\\Middleware\\ShareErrorsFromSession.php(49): Illuminate\\Pipeline\\Pipeline->Illuminate\\Pipeline\\{closure}(Object(Illuminate\\Http\\Request))
#27 C:\\Users\\62812\\Documents\\LARAVEL FUNDAMENTAL\\laravel vue ecommerce\\ecommerce\\vendor\\laravel\\framework\\src\\Illuminate\\Pipeline\\Pipeline.php(209): Illuminate\\View\\Middleware\\ShareErrorsFromSession->handle(Object(Illuminate\\Http\\Request), Object(Closure))
#28 C:\\Users\\62812\\Documents\\LARAVEL FUNDAMENTAL\\laravel vue ecommerce\\ecommerce\\vendor\\laravel\\framework\\src\\Illuminate\\Session\\Middleware\\StartSession.php(121): Illuminate\\Pipeline\\Pipeline->Illuminate\\Pipeline\\{closure}(Object(Illuminate\\Http\\Request))
#29 C:\\Users\\62812\\Documents\\LARAVEL FUNDAMENTAL\\laravel vue ecommerce\\ecommerce\\vendor\\laravel\\framework\\src\\Illuminate\\Session\\Middleware\\StartSession.php(64): Illuminate\\Session\\Middleware\\StartSession->handleStatefulRequest(Object(Illuminate\\Http\\Request), Object(Illuminate\\Session\\Store), Object(Closure))
#30 C:\\Users\\62812\\Documents\\LARAVEL FUNDAMENTAL\\laravel vue ecommerce\\ecommerce\\vendor\\laravel\\framework\\src\\Illuminate\\Pipeline\\Pipeline.php(209): Illuminate\\Session\\Middleware\\StartSession->handle(Object(Illuminate\\Http\\Request), Object(Closure))
#31 C:\\Users\\62812\\Documents\\LARAVEL FUNDAMENTAL\\laravel vue ecommerce\\ecommerce\\vendor\\laravel\\framework\\src\\Illuminate\\Cookie\\Middleware\\AddQueuedCookiesToResponse.php(37): Illuminate\\Pipeline\\Pipeline->Illuminate\\Pipeline\\{closure}(Object(Illuminate\\Http\\Request))
#32 C:\\Users\\62812\\Documents\\LARAVEL FUNDAMENTAL\\laravel vue ecommerce\\ecommerce\\vendor\\laravel\\framework\\src\\Illuminate\\Pipeline\\Pipeline.php(209): Illuminate\\Cookie\\Middleware\\AddQueuedCookiesToResponse->handle(Object(Illuminate\\Http\\Request), Object(Closure))
#33 C:\\Users\\62812\\Documents\\LARAVEL FUNDAMENTAL\\laravel vue ecommerce\\ecommerce\\vendor\\laravel\\framework\\src\\Illuminate\\Cookie\\Middleware\\EncryptCookies.php(75): Illuminate\\Pipeline\\Pipeline->Illuminate\\Pipeline\\{closure}(Object(Illuminate\\Http\\Request))
#34 C:\\Users\\62812\\Documents\\LARAVEL FUNDAMENTAL\\laravel vue ecommerce\\ecommerce\\vendor\\laravel\\framework\\src\\Illuminate\\Pipeline\\Pipeline.php(209): Illuminate\\Cookie\\Middleware\\EncryptCookies->handle(Object(Illuminate\\Http\\Request), Object(Closure))
#35 C:\\Users\\62812\\Documents\\LARAVEL FUNDAMENTAL\\laravel vue ecommerce\\ecommerce\\vendor\\laravel\\framework\\src\\Illuminate\\Pipeline\\Pipeline.php(127): Illuminate\\Pipeline\\Pipeline->Illuminate\\Pipeline\\{closure}(Object(Illuminate\\Http\\Request))
#36 C:\\Users\\62812\\Documents\\LARAVEL FUNDAMENTAL\\laravel vue ecommerce\\ecommerce\\vendor\\laravel\\framework\\src\\Illuminate\\Routing\\Router.php(807): Illuminate\\Pipeline\\Pipeline->then(Object(Closure))
#37 C:\\Users\\62812\\Documents\\LARAVEL FUNDAMENTAL\\laravel vue ecommerce\\ecommerce\\vendor\\laravel\\framework\\src\\Illuminate\\Routing\\Router.php(786): Illuminate\\Routing\\Router->runRouteWithinStack(Object(Illuminate\\Routing\\Route), Object(Illuminate\\Http\\Request))
#38 C:\\Users\\62812\\Documents\\LARAVEL FUNDAMENTAL\\laravel vue ecommerce\\ecommerce\\vendor\\laravel\\framework\\src\\Illuminate\\Routing\\Router.php(750): Illuminate\\Routing\\Router->runRoute(Object(Illuminate\\Http\\Request), Object(Illuminate\\Routing\\Route))
#39 C:\\Users\\62812\\Documents\\LARAVEL FUNDAMENTAL\\laravel vue ecommerce\\ecommerce\\vendor\\laravel\\framework\\src\\Illuminate\\Routing\\Router.php(739): Illuminate\\Routing\\Router->dispatchToRoute(Object(Illuminate\\Http\\Request))
#40 C:\\Users\\62812\\Documents\\LARAVEL FUNDAMENTAL\\laravel vue ecommerce\\ecommerce\\vendor\\laravel\\framework\\src\\Illuminate\\Foundation\\Http\\Kernel.php(201): Illuminate\\Routing\\Router->dispatch(Object(Illuminate\\Http\\Request))
#41 C:\\Users\\62812\\Documents\\LARAVEL FUNDAMENTAL\\laravel vue ecommerce\\ecommerce\\vendor\\laravel\\framework\\src\\Illuminate\\Pipeline\\Pipeline.php(170): Illuminate\\Foundation\\Http\\Kernel->Illuminate\\Foundation\\Http\\{closure}(Object(Illuminate\\Http\\Request))
#42 C:\\Users\\62812\\Documents\\LARAVEL FUNDAMENTAL\\laravel vue ecommerce\\ecommerce\\vendor\\laravel\\framework\\src\\Illuminate\\Foundation\\Http\\Middleware\\TransformsRequest.php(21): Illuminate\\Pipeline\\Pipeline->Illuminate\\Pipeline\\{closure}(Object(Illuminate\\Http\\Request))
#43 C:\\Users\\62812\\Documents\\LARAVEL FUNDAMENTAL\\laravel vue ecommerce\\ecommerce\\vendor\\laravel\\framework\\src\\Illuminate\\Foundation\\Http\\Middleware\\ConvertEmptyStringsToNull.php(31): Illuminate\\Foundation\\Http\\Middleware\\TransformsRequest->handle(Object(Illuminate\\Http\\Request), Object(Closure))
#44 C:\\Users\\62812\\Documents\\LARAVEL FUNDAMENTAL\\laravel vue ecommerce\\ecommerce\\vendor\\laravel\\framework\\src\\Illuminate\\Pipeline\\Pipeline.php(209): Illuminate\\Foundation\\Http\\Middleware\\ConvertEmptyStringsToNull->handle(Object(Illuminate\\Http\\Request), Object(Closure))
#45 C:\\Users\\62812\\Documents\\LARAVEL FUNDAMENTAL\\laravel vue ecommerce\\ecommerce\\vendor\\laravel\\framework\\src\\Illuminate\\Foundation\\Http\\Middleware\\TransformsRequest.php(21): Illuminate\\Pipeline\\Pipeline->Illuminate\\Pipeline\\{closure}(Object(Illuminate\\Http\\Request))
#46 C:\\Users\\62812\\Documents\\LARAVEL FUNDAMENTAL\\laravel vue ecommerce\\ecommerce\\vendor\\laravel\\framework\\src\\Illuminate\\Foundation\\Http\\Middleware\\TrimStrings.php(51): Illuminate\\Foundation\\Http\\Middleware\\TransformsRequest->handle(Object(Illuminate\\Http\\Request), Object(Closure))
#47 C:\\Users\\62812\\Documents\\LARAVEL FUNDAMENTAL\\laravel vue ecommerce\\ecommerce\\vendor\\laravel\\framework\\src\\Illuminate\\Pipeline\\Pipeline.php(209): Illuminate\\Foundation\\Http\\Middleware\\TrimStrings->handle(Object(Illuminate\\Http\\Request), Object(Closure))
#48 C:\\Users\\62812\\Documents\\LARAVEL FUNDAMENTAL\\laravel vue ecommerce\\ecommerce\\vendor\\laravel\\framework\\src\\Illuminate\\Http\\Middleware\\ValidatePostSize.php(27): Illuminate\\Pipeline\\Pipeline->Illuminate\\Pipeline\\{closure}(Object(Illuminate\\Http\\Request))
#49 C:\\Users\\62812\\Documents\\LARAVEL FUNDAMENTAL\\laravel vue ecommerce\\ecommerce\\vendor\\laravel\\framework\\src\\Illuminate\\Pipeline\\Pipeline.php(209): Illuminate\\Http\\Middleware\\ValidatePostSize->handle(Object(Illuminate\\Http\\Request), Object(Closure))
#50 C:\\Users\\62812\\Documents\\LARAVEL FUNDAMENTAL\\laravel vue ecommerce\\ecommerce\\vendor\\laravel\\framework\\src\\Illuminate\\Foundation\\Http\\Middleware\\PreventRequestsDuringMaintenance.php(110): Illuminate\\Pipeline\\Pipeline->Illuminate\\Pipeline\\{closure}(Object(Illuminate\\Http\\Request))
#51 C:\\Users\\62812\\Documents\\LARAVEL FUNDAMENTAL\\laravel vue ecommerce\\ecommerce\\vendor\\laravel\\framework\\src\\Illuminate\\Pipeline\\Pipeline.php(209): Illuminate\\Foundation\\Http\\Middleware\\PreventRequestsDuringMaintenance->handle(Object(Illuminate\\Http\\Request), Object(Closure))
#52 C:\\Users\\62812\\Documents\\LARAVEL FUNDAMENTAL\\laravel vue ecommerce\\ecommerce\\vendor\\laravel\\framework\\src\\Illuminate\\Http\\Middleware\\HandleCors.php(49): Illuminate\\Pipeline\\Pipeline->Illuminate\\Pipeline\\{closure}(Object(Illuminate\\Http\\Request))
#53 C:\\Users\\62812\\Documents\\LARAVEL FUNDAMENTAL\\laravel vue ecommerce\\ecommerce\\vendor\\laravel\\framework\\src\\Illuminate\\Pipeline\\Pipeline.php(209): Illuminate\\Http\\Middleware\\HandleCors->handle(Object(Illuminate\\Http\\Request), Object(Closure))
#54 C:\\Users\\62812\\Documents\\LARAVEL FUNDAMENTAL\\laravel vue ecommerce\\ecommerce\\vendor\\laravel\\framework\\src\\Illuminate\\Http\\Middleware\\TrustProxies.php(58): Illuminate\\Pipeline\\Pipeline->Illuminate\\Pipeline\\{closure}(Object(Illuminate\\Http\\Request))
#55 C:\\Users\\62812\\Documents\\LARAVEL FUNDAMENTAL\\laravel vue ecommerce\\ecommerce\\vendor\\laravel\\framework\\src\\Illuminate\\Pipeline\\Pipeline.php(209): Illuminate\\Http\\Middleware\\TrustProxies->handle(Object(Illuminate\\Http\\Request), Object(Closure))
#56 C:\\Users\\62812\\Documents\\LARAVEL FUNDAMENTAL\\laravel vue ecommerce\\ecommerce\\vendor\\laravel\\framework\\src\\Illuminate\\Foundation\\Http\\Middleware\\InvokeDeferredCallbacks.php(22): Illuminate\\Pipeline\\Pipeline->Illuminate\\Pipeline\\{closure}(Object(Illuminate\\Http\\Request))
#57 C:\\Users\\62812\\Documents\\LARAVEL FUNDAMENTAL\\laravel vue ecommerce\\ecommerce\\vendor\\laravel\\framework\\src\\Illuminate\\Pipeline\\Pipeline.php(209): Illuminate\\Foundation\\Http\\Middleware\\InvokeDeferredCallbacks->handle(Object(Illuminate\\Http\\Request), Object(Closure))
#58 C:\\Users\\62812\\Documents\\LARAVEL FUNDAMENTAL\\laravel vue ecommerce\\ecommerce\\vendor\\laravel\\framework\\src\\Illuminate\\Pipeline\\Pipeline.php(127): Illuminate\\Pipeline\\Pipeline->Illuminate\\Pipeline\\{closure}(Object(Illuminate\\Http\\Request))
#59 C:\\Users\\62812\\Documents\\LARAVEL FUNDAMENTAL\\laravel vue ecommerce\\ecommerce\\vendor\\laravel\\framework\\src\\Illuminate\\Foundation\\Http\\Kernel.php(176): Illuminate\\Pipeline\\Pipeline->then(Object(Closure))
#60 C:\\Users\\62812\\Documents\\LARAVEL FUNDAMENTAL\\laravel vue ecommerce\\ecommerce\\vendor\\laravel\\framework\\src\\Illuminate\\Foundation\\Http\\Kernel.php(145): Illuminate\\Foundation\\Http\\Kernel->sendRequestThroughRouter(Object(Illuminate\\Http\\Request))
#61 C:\\Users\\62812\\Documents\\LARAVEL FUNDAMENTAL\\laravel vue ecommerce\\ecommerce\\vendor\\laravel\\framework\\src\\Illuminate\\Foundation\\Application.php(1220): Illuminate\\Foundation\\Http\\Kernel->handle(Object(Illuminate\\Http\\Request))
#62 C:\\Users\\62812\\Documents\\LARAVEL FUNDAMENTAL\\laravel vue ecommerce\\ecommerce\\public\\index.php(17): Illuminate\\Foundation\\Application->handleRequest(Object(Illuminate\\Http\\Request))
#63 C:\\Users\\62812\\Documents\\LARAVEL FUNDAMENTAL\\laravel vue ecommerce\\ecommerce\\vendor\\laravel\\framework\\src\\Illuminate\\Foundation\\resources\\server.php(23): require_once('C:\\\\Users\\\\62812\\\\...')
#64 {main}

[previous exception] [object] (ParseError(code: 0): syntax error, unexpected end of file, expecting \"elseif\" or \"else\" or \"endif\" at C:\\Users\\62812\\Documents\\LARAVEL FUNDAMENTAL\\laravel vue ecommerce\\ecommerce\\storage\\framework\\views\\6ab588b43760987b97a79ebf9f80de33.php:236)
[stacktrace]
#0 C:\\Users\\62812\\Documents\\LARAVEL FUNDAMENTAL\\laravel vue ecommerce\\ecommerce\\vendor\\laravel\\framework\\src\\Illuminate\\Filesystem\\Filesystem.php(124): Illuminate\\Filesystem\\Filesystem::Illuminate\\Filesystem\\{closure}()
#1 C:\\Users\\62812\\Documents\\LARAVEL FUNDAMENTAL\\laravel vue ecommerce\\ecommerce\\vendor\\laravel\\framework\\src\\Illuminate\\View\\Engines\\PhpEngine.php(58): Illuminate\\Filesystem\\Filesystem->getRequire('C:\\\\Users\\\\62812\\\\...', Array)
#2 C:\\Users\\62812\\Documents\\LARAVEL FUNDAMENTAL\\laravel vue ecommerce\\ecommerce\\vendor\\laravel\\framework\\src\\Illuminate\\View\\Engines\\CompilerEngine.php(75): Illuminate\\View\\Engines\\PhpEngine->evaluatePath('C:\\\\Users\\\\62812\\\\...', Array)
#3 C:\\Users\\62812\\Documents\\LARAVEL FUNDAMENTAL\\laravel vue ecommerce\\ecommerce\\vendor\\laravel\\framework\\src\\Illuminate\\View\\View.php(209): Illuminate\\View\\Engines\\CompilerEngine->get('C:\\\\Users\\\\62812\\\\...', Array)
#4 C:\\Users\\62812\\Documents\\LARAVEL FUNDAMENTAL\\laravel vue ecommerce\\ecommerce\\vendor\\laravel\\framework\\src\\Illuminate\\View\\View.php(192): Illuminate\\View\\View->getContents()
#5 C:\\Users\\62812\\Documents\\LARAVEL FUNDAMENTAL\\laravel vue ecommerce\\ecommerce\\vendor\\laravel\\framework\\src\\Illuminate\\View\\View.php(161): Illuminate\\View\\View->renderContents()
#6 C:\\Users\\62812\\Documents\\LARAVEL FUNDAMENTAL\\laravel vue ecommerce\\ecommerce\\storage\\framework\\views\\abf812e0c61f495834822098d3a19595.php(24): Illuminate\\View\\View->render()
#7 C:\\Users\\62812\\Documents\\LARAVEL FUNDAMENTAL\\laravel vue ecommerce\\ecommerce\\vendor\\laravel\\framework\\src\\Illuminate\\Filesystem\\Filesystem.php(123): require('C:\\\\Users\\\\62812\\\\...')
#8 C:\\Users\\62812\\Documents\\LARAVEL FUNDAMENTAL\\laravel vue ecommerce\\ecommerce\\vendor\\laravel\\framework\\src\\Illuminate\\Filesystem\\Filesystem.php(124): Illuminate\\Filesystem\\Filesystem::Illuminate\\Filesystem\\{closure}()
#9 C:\\Users\\62812\\Documents\\LARAVEL FUNDAMENTAL\\laravel vue ecommerce\\ecommerce\\vendor\\laravel\\framework\\src\\Illuminate\\View\\Engines\\PhpEngine.php(58): Illuminate\\Filesystem\\Filesystem->getRequire('C:\\\\Users\\\\62812\\\\...', Array)
#10 C:\\Users\\62812\\Documents\\LARAVEL FUNDAMENTAL\\laravel vue ecommerce\\ecommerce\\vendor\\laravel\\framework\\src\\Illuminate\\View\\Engines\\CompilerEngine.php(75): Illuminate\\View\\Engines\\PhpEngine->evaluatePath('C:\\\\Users\\\\62812\\\\...', Array)
#11 C:\\Users\\62812\\Documents\\LARAVEL FUNDAMENTAL\\laravel vue ecommerce\\ecommerce\\vendor\\laravel\\framework\\src\\Illuminate\\View\\View.php(209): Illuminate\\View\\Engines\\CompilerEngine->get('C:\\\\Users\\\\62812\\\\...', Array)
#12 C:\\Users\\62812\\Documents\\LARAVEL FUNDAMENTAL\\laravel vue ecommerce\\ecommerce\\vendor\\laravel\\framework\\src\\Illuminate\\View\\View.php(192): Illuminate\\View\\View->getContents()
#13 C:\\Users\\62812\\Documents\\LARAVEL FUNDAMENTAL\\laravel vue ecommerce\\ecommerce\\vendor\\laravel\\framework\\src\\Illuminate\\View\\View.php(161): Illuminate\\View\\View->renderContents()
#14 C:\\Users\\62812\\Documents\\LARAVEL FUNDAMENTAL\\laravel vue ecommerce\\ecommerce\\vendor\\laravel\\framework\\src\\Illuminate\\View\\Concerns\\ManagesComponents.php(99): Illuminate\\View\\View->render()
#15 C:\\Users\\62812\\Documents\\LARAVEL FUNDAMENTAL\\laravel vue ecommerce\\ecommerce\\storage\\framework\\views\\81f2304a786e2dfc849130d6323387df.php(12): Illuminate\\View\\Factory->renderComponent()
#16 C:\\Users\\62812\\Documents\\LARAVEL FUNDAMENTAL\\laravel vue ecommerce\\ecommerce\\vendor\\laravel\\framework\\src\\Illuminate\\Filesystem\\Filesystem.php(123): require('C:\\\\Users\\\\62812\\\\...')
#17 C:\\Users\\62812\\Documents\\LARAVEL FUNDAMENTAL\\laravel vue ecommerce\\ecommerce\\vendor\\laravel\\framework\\src\\Illuminate\\Filesystem\\Filesystem.php(124): Illuminate\\Filesystem\\Filesystem::Illuminate\\Filesystem\\{closure}()
#18 C:\\Users\\62812\\Documents\\LARAVEL FUNDAMENTAL\\laravel vue ecommerce\\ecommerce\\vendor\\laravel\\framework\\src\\Illuminate\\View\\Engines\\PhpEngine.php(58): Illuminate\\Filesystem\\Filesystem->getRequire('C:\\\\Users\\\\62812\\\\...', Array)
#19 C:\\Users\\62812\\Documents\\LARAVEL FUNDAMENTAL\\laravel vue ecommerce\\ecommerce\\vendor\\laravel\\framework\\src\\Illuminate\\View\\Engines\\CompilerEngine.php(75): Illuminate\\View\\Engines\\PhpEngine->evaluatePath('C:\\\\Users\\\\62812\\\\...', Array)
#20 C:\\Users\\62812\\Documents\\LARAVEL FUNDAMENTAL\\laravel vue ecommerce\\ecommerce\\vendor\\laravel\\framework\\src\\Illuminate\\View\\View.php(209): Illuminate\\View\\Engines\\CompilerEngine->get('C:\\\\Users\\\\62812\\\\...', Array)
#21 C:\\Users\\62812\\Documents\\LARAVEL FUNDAMENTAL\\laravel vue ecommerce\\ecommerce\\vendor\\laravel\\framework\\src\\Illuminate\\View\\View.php(192): Illuminate\\View\\View->getContents()
#22 C:\\Users\\62812\\Documents\\LARAVEL FUNDAMENTAL\\laravel vue ecommerce\\ecommerce\\vendor\\laravel\\framework\\src\\Illuminate\\View\\View.php(161): Illuminate\\View\\View->renderContents()
#23 C:\\Users\\62812\\Documents\\LARAVEL FUNDAMENTAL\\laravel vue ecommerce\\ecommerce\\vendor\\laravel\\framework\\src\\Illuminate\\Http\\Response.php(79): Illuminate\\View\\View->render()
#24 C:\\Users\\62812\\Documents\\LARAVEL FUNDAMENTAL\\laravel vue ecommerce\\ecommerce\\vendor\\laravel\\framework\\src\\Illuminate\\Http\\Response.php(35): Illuminate\\Http\\Response->setContent(Object(Illuminate\\View\\View))
#25 C:\\Users\\62812\\Documents\\LARAVEL FUNDAMENTAL\\laravel vue ecommerce\\ecommerce\\vendor\\laravel\\framework\\src\\Illuminate\\Routing\\Router.php(920): Illuminate\\Http\\Response->__construct(Object(Illuminate\\View\\View), 200, Array)
#26 C:\\Users\\62812\\Documents\\LARAVEL FUNDAMENTAL\\laravel vue ecommerce\\ecommerce\\vendor\\laravel\\framework\\src\\Illuminate\\Routing\\Router.php(887): Illuminate\\Routing\\Router::toResponse(Object(Illuminate\\Http\\Request), Object(Illuminate\\View\\View))
#27 C:\\Users\\62812\\Documents\\LARAVEL FUNDAMENTAL\\laravel vue ecommerce\\ecommerce\\vendor\\laravel\\framework\\src\\Illuminate\\Routing\\Router.php(807): Illuminate\\Routing\\Router->prepareResponse(Object(Illuminate\\Http\\Request), Object(Illuminate\\View\\View))
#28 C:\\Users\\62812\\Documents\\LARAVEL FUNDAMENTAL\\laravel vue ecommerce\\ecommerce\\vendor\\laravel\\framework\\src\\Illuminate\\Pipeline\\Pipeline.php(170): Illuminate\\Routing\\Router->Illuminate\\Routing\\{closure}(Object(Illuminate\\Http\\Request))
#29 C:\\Users\\62812\\Documents\\LARAVEL FUNDAMENTAL\\laravel vue ecommerce\\ecommerce\\vendor\\laravel\\framework\\src\\Illuminate\\Routing\\Middleware\\SubstituteBindings.php(51): Illuminate\\Pipeline\\Pipeline->Illuminate\\Pipeline\\{closure}(Object(Illuminate\\Http\\Request))
#30 C:\\Users\\62812\\Documents\\LARAVEL FUNDAMENTAL\\laravel vue ecommerce\\ecommerce\\vendor\\laravel\\framework\\src\\Illuminate\\Pipeline\\Pipeline.php(209): Illuminate\\Routing\\Middleware\\SubstituteBindings->handle(Object(Illuminate\\Http\\Request), Object(Closure))
#31 C:\\Users\\62812\\Documents\\LARAVEL FUNDAMENTAL\\laravel vue ecommerce\\ecommerce\\vendor\\laravel\\framework\\src\\Illuminate\\Foundation\\Http\\Middleware\\VerifyCsrfToken.php(88): Illuminate\\Pipeline\\Pipeline->Illuminate\\Pipeline\\{closure}(Object(Illuminate\\Http\\Request))
#32 C:\\Users\\62812\\Documents\\LARAVEL FUNDAMENTAL\\laravel vue ecommerce\\ecommerce\\vendor\\laravel\\framework\\src\\Illuminate\\Pipeline\\Pipeline.php(209): Illuminate\\Foundation\\Http\\Middleware\\VerifyCsrfToken->handle(Object(Illuminate\\Http\\Request), Object(Closure))
#33 C:\\Users\\62812\\Documents\\LARAVEL FUNDAMENTAL\\laravel vue ecommerce\\ecommerce\\vendor\\laravel\\framework\\src\\Illuminate\\View\\Middleware\\ShareErrorsFromSession.php(49): Illuminate\\Pipeline\\Pipeline->Illuminate\\Pipeline\\{closure}(Object(Illuminate\\Http\\Request))
#34 C:\\Users\\62812\\Documents\\LARAVEL FUNDAMENTAL\\laravel vue ecommerce\\ecommerce\\vendor\\laravel\\framework\\src\\Illuminate\\Pipeline\\Pipeline.php(209): Illuminate\\View\\Middleware\\ShareErrorsFromSession->handle(Object(Illuminate\\Http\\Request), Object(Closure))
#35 C:\\Users\\62812\\Documents\\LARAVEL FUNDAMENTAL\\laravel vue ecommerce\\ecommerce\\vendor\\laravel\\framework\\src\\Illuminate\\Session\\Middleware\\StartSession.php(121): Illuminate\\Pipeline\\Pipeline->Illuminate\\Pipeline\\{closure}(Object(Illuminate\\Http\\Request))
#36 C:\\Users\\62812\\Documents\\LARAVEL FUNDAMENTAL\\laravel vue ecommerce\\ecommerce\\vendor\\laravel\\framework\\src\\Illuminate\\Session\\Middleware\\StartSession.php(64): Illuminate\\Session\\Middleware\\StartSession->handleStatefulRequest(Object(Illuminate\\Http\\Request), Object(Illuminate\\Session\\Store), Object(Closure))
#37 C:\\Users\\62812\\Documents\\LARAVEL FUNDAMENTAL\\laravel vue ecommerce\\ecommerce\\vendor\\laravel\\framework\\src\\Illuminate\\Pipeline\\Pipeline.php(209): Illuminate\\Session\\Middleware\\StartSession->handle(Object(Illuminate\\Http\\Request), Object(Closure))
#38 C:\\Users\\62812\\Documents\\LARAVEL FUNDAMENTAL\\laravel vue ecommerce\\ecommerce\\vendor\\laravel\\framework\\src\\Illuminate\\Cookie\\Middleware\\AddQueuedCookiesToResponse.php(37): Illuminate\\Pipeline\\Pipeline->Illuminate\\Pipeline\\{closure}(Object(Illuminate\\Http\\Request))
#39 C:\\Users\\62812\\Documents\\LARAVEL FUNDAMENTAL\\laravel vue ecommerce\\ecommerce\\vendor\\laravel\\framework\\src\\Illuminate\\Pipeline\\Pipeline.php(209): Illuminate\\Cookie\\Middleware\\AddQueuedCookiesToResponse->handle(Object(Illuminate\\Http\\Request), Object(Closure))
#40 C:\\Users\\62812\\Documents\\LARAVEL FUNDAMENTAL\\laravel vue ecommerce\\ecommerce\\vendor\\laravel\\framework\\src\\Illuminate\\Cookie\\Middleware\\EncryptCookies.php(75): Illuminate\\Pipeline\\Pipeline->Illuminate\\Pipeline\\{closure}(Object(Illuminate\\Http\\Request))
#41 C:\\Users\\62812\\Documents\\LARAVEL FUNDAMENTAL\\laravel vue ecommerce\\ecommerce\\vendor\\laravel\\framework\\src\\Illuminate\\Pipeline\\Pipeline.php(209): Illuminate\\Cookie\\Middleware\\EncryptCookies->handle(Object(Illuminate\\Http\\Request), Object(Closure))
#42 C:\\Users\\62812\\Documents\\LARAVEL FUNDAMENTAL\\laravel vue ecommerce\\ecommerce\\vendor\\laravel\\framework\\src\\Illuminate\\Pipeline\\Pipeline.php(127): Illuminate\\Pipeline\\Pipeline->Illuminate\\Pipeline\\{closure}(Object(Illuminate\\Http\\Request))
#43 C:\\Users\\62812\\Documents\\LARAVEL FUNDAMENTAL\\laravel vue ecommerce\\ecommerce\\vendor\\laravel\\framework\\src\\Illuminate\\Routing\\Router.php(807): Illuminate\\Pipeline\\Pipeline->then(Object(Closure))
#44 C:\\Users\\62812\\Documents\\LARAVEL FUNDAMENTAL\\laravel vue ecommerce\\ecommerce\\vendor\\laravel\\framework\\src\\Illuminate\\Routing\\Router.php(786): Illuminate\\Routing\\Router->runRouteWithinStack(Object(Illuminate\\Routing\\Route), Object(Illuminate\\Http\\Request))
#45 C:\\Users\\62812\\Documents\\LARAVEL FUNDAMENTAL\\laravel vue ecommerce\\ecommerce\\vendor\\laravel\\framework\\src\\Illuminate\\Routing\\Router.php(750): Illuminate\\Routing\\Router->runRoute(Object(Illuminate\\Http\\Request), Object(Illuminate\\Routing\\Route))
#46 C:\\Users\\62812\\Documents\\LARAVEL FUNDAMENTAL\\laravel vue ecommerce\\ecommerce\\vendor\\laravel\\framework\\src\\Illuminate\\Routing\\Router.php(739): Illuminate\\Routing\\Router->dispatchToRoute(Object(Illuminate\\Http\\Request))
#47 C:\\Users\\62812\\Documents\\LARAVEL FUNDAMENTAL\\laravel vue ecommerce\\ecommerce\\vendor\\laravel\\framework\\src\\Illuminate\\Foundation\\Http\\Kernel.php(201): Illuminate\\Routing\\Router->dispatch(Object(Illuminate\\Http\\Request))
#48 C:\\Users\\62812\\Documents\\LARAVEL FUNDAMENTAL\\laravel vue ecommerce\\ecommerce\\vendor\\laravel\\framework\\src\\Illuminate\\Pipeline\\Pipeline.php(170): Illuminate\\Foundation\\Http\\Kernel->Illuminate\\Foundation\\Http\\{closure}(Object(Illuminate\\Http\\Request))
#49 C:\\Users\\62812\\Documents\\LARAVEL FUNDAMENTAL\\laravel vue ecommerce\\ecommerce\\vendor\\laravel\\framework\\src\\Illuminate\\Foundation\\Http\\Middleware\\TransformsRequest.php(21): Illuminate\\Pipeline\\Pipeline->Illuminate\\Pipeline\\{closure}(Object(Illuminate\\Http\\Request))
#50 C:\\Users\\62812\\Documents\\LARAVEL FUNDAMENTAL\\laravel vue ecommerce\\ecommerce\\vendor\\laravel\\framework\\src\\Illuminate\\Foundation\\Http\\Middleware\\ConvertEmptyStringsToNull.php(31): Illuminate\\Foundation\\Http\\Middleware\\TransformsRequest->handle(Object(Illuminate\\Http\\Request), Object(Closure))
#51 C:\\Users\\62812\\Documents\\LARAVEL FUNDAMENTAL\\laravel vue ecommerce\\ecommerce\\vendor\\laravel\\framework\\src\\Illuminate\\Pipeline\\Pipeline.php(209): Illuminate\\Foundation\\Http\\Middleware\\ConvertEmptyStringsToNull->handle(Object(Illuminate\\Http\\Request), Object(Closure))
#52 C:\\Users\\62812\\Documents\\LARAVEL FUNDAMENTAL\\laravel vue ecommerce\\ecommerce\\vendor\\laravel\\framework\\src\\Illuminate\\Foundation\\Http\\Middleware\\TransformsRequest.php(21): Illuminate\\Pipeline\\Pipeline->Illuminate\\Pipeline\\{closure}(Object(Illuminate\\Http\\Request))
#53 C:\\Users\\62812\\Documents\\LARAVEL FUNDAMENTAL\\laravel vue ecommerce\\ecommerce\\vendor\\laravel\\framework\\src\\Illuminate\\Foundation\\Http\\Middleware\\TrimStrings.php(51): Illuminate\\Foundation\\Http\\Middleware\\TransformsRequest->handle(Object(Illuminate\\Http\\Request), Object(Closure))
#54 C:\\Users\\62812\\Documents\\LARAVEL FUNDAMENTAL\\laravel vue ecommerce\\ecommerce\\vendor\\laravel\\framework\\src\\Illuminate\\Pipeline\\Pipeline.php(209): Illuminate\\Foundation\\Http\\Middleware\\TrimStrings->handle(Object(Illuminate\\Http\\Request), Object(Closure))
#55 C:\\Users\\62812\\Documents\\LARAVEL FUNDAMENTAL\\laravel vue ecommerce\\ecommerce\\vendor\\laravel\\framework\\src\\Illuminate\\Http\\Middleware\\ValidatePostSize.php(27): Illuminate\\Pipeline\\Pipeline->Illuminate\\Pipeline\\{closure}(Object(Illuminate\\Http\\Request))
#56 C:\\Users\\62812\\Documents\\LARAVEL FUNDAMENTAL\\laravel vue ecommerce\\ecommerce\\vendor\\laravel\\framework\\src\\Illuminate\\Pipeline\\Pipeline.php(209): Illuminate\\Http\\Middleware\\ValidatePostSize->handle(Object(Illuminate\\Http\\Request), Object(Closure))
#57 C:\\Users\\62812\\Documents\\LARAVEL FUNDAMENTAL\\laravel vue ecommerce\\ecommerce\\vendor\\laravel\\framework\\src\\Illuminate\\Foundation\\Http\\Middleware\\PreventRequestsDuringMaintenance.php(110): Illuminate\\Pipeline\\Pipeline->Illuminate\\Pipeline\\{closure}(Object(Illuminate\\Http\\Request))
#58 C:\\Users\\62812\\Documents\\LARAVEL FUNDAMENTAL\\laravel vue ecommerce\\ecommerce\\vendor\\laravel\\framework\\src\\Illuminate\\Pipeline\\Pipeline.php(209): Illuminate\\Foundation\\Http\\Middleware\\PreventRequestsDuringMaintenance->handle(Object(Illuminate\\Http\\Request), Object(Closure))
#59 C:\\Users\\62812\\Documents\\LARAVEL FUNDAMENTAL\\laravel vue ecommerce\\ecommerce\\vendor\\laravel\\framework\\src\\Illuminate\\Http\\Middleware\\HandleCors.php(49): Illuminate\\Pipeline\\Pipeline->Illuminate\\Pipeline\\{closure}(Object(Illuminate\\Http\\Request))
#60 C:\\Users\\62812\\Documents\\LARAVEL FUNDAMENTAL\\laravel vue ecommerce\\ecommerce\\vendor\\laravel\\framework\\src\\Illuminate\\Pipeline\\Pipeline.php(209): Illuminate\\Http\\Middleware\\HandleCors->handle(Object(Illuminate\\Http\\Request), Object(Closure))
#61 C:\\Users\\62812\\Documents\\LARAVEL FUNDAMENTAL\\laravel vue ecommerce\\ecommerce\\vendor\\laravel\\framework\\src\\Illuminate\\Http\\Middleware\\TrustProxies.php(58): Illuminate\\Pipeline\\Pipeline->Illuminate\\Pipeline\\{closure}(Object(Illuminate\\Http\\Request))
#62 C:\\Users\\62812\\Documents\\LARAVEL FUNDAMENTAL\\laravel vue ecommerce\\ecommerce\\vendor\\laravel\\framework\\src\\Illuminate\\Pipeline\\Pipeline.php(209): Illuminate\\Http\\Middleware\\TrustProxies->handle(Object(Illuminate\\Http\\Request), Object(Closure))
#63 C:\\Users\\62812\\Documents\\LARAVEL FUNDAMENTAL\\laravel vue ecommerce\\ecommerce\\vendor\\laravel\\framework\\src\\Illuminate\\Foundation\\Http\\Middleware\\InvokeDeferredCallbacks.php(22): Illuminate\\Pipeline\\Pipeline->Illuminate\\Pipeline\\{closure}(Object(Illuminate\\Http\\Request))
#64 C:\\Users\\62812\\Documents\\LARAVEL FUNDAMENTAL\\laravel vue ecommerce\\ecommerce\\vendor\\laravel\\framework\\src\\Illuminate\\Pipeline\\Pipeline.php(209): Illuminate\\Foundation\\Http\\Middleware\\InvokeDeferredCallbacks->handle(Object(Illuminate\\Http\\Request), Object(Closure))
#65 C:\\Users\\62812\\Documents\\LARAVEL FUNDAMENTAL\\laravel vue ecommerce\\ecommerce\\vendor\\laravel\\framework\\src\\Illuminate\\Pipeline\\Pipeline.php(127): Illuminate\\Pipeline\\Pipeline->Illuminate\\Pipeline\\{closure}(Object(Illuminate\\Http\\Request))
#66 C:\\Users\\62812\\Documents\\LARAVEL FUNDAMENTAL\\laravel vue ecommerce\\ecommerce\\vendor\\laravel\\framework\\src\\Illuminate\\Foundation\\Http\\Kernel.php(176): Illuminate\\Pipeline\\Pipeline->then(Object(Closure))
#67 C:\\Users\\62812\\Documents\\LARAVEL FUNDAMENTAL\\laravel vue ecommerce\\ecommerce\\vendor\\laravel\\framework\\src\\Illuminate\\Foundation\\Http\\Kernel.php(145): Illuminate\\Foundation\\Http\\Kernel->sendRequestThroughRouter(Object(Illuminate\\Http\\Request))
#68 C:\\Users\\62812\\Documents\\LARAVEL FUNDAMENTAL\\laravel vue ecommerce\\ecommerce\\vendor\\laravel\\framework\\src\\Illuminate\\Foundation\\Application.php(1220): Illuminate\\Foundation\\Http\\Kernel->handle(Object(Illuminate\\Http\\Request))
#69 C:\\Users\\62812\\Documents\\LARAVEL FUNDAMENTAL\\laravel vue ecommerce\\ecommerce\\public\\index.php(17): Illuminate\\Foundation\\Application->handleRequest(Object(Illuminate\\Http\\Request))
#70 C:\\Users\\62812\\Documents\\LARAVEL FUNDAMENTAL\\laravel vue ecommerce\\ecommerce\\vendor\\laravel\\framework\\src\\Illuminate\\Foundation\\resources\\server.php(23): require_once('C:\\\\Users\\\\62812\\\\...')
#71 {main}
"} 
